Quebra;Quebra2;Código;Descrição;Quantidade;Faturamento;Preço médio;Custo Total;Imposto Estadual;Imposto Federal;Lucro;Margem;Markup;Participação;Acumulado;Classificação;ICMS ST;Fecop ST
11/05/2026;;00000000010523;ABACATE KG;4,970;21,82;4,39;28,28;0,00;0,00;-6,46;-29,60;-22,84;-0,25;-0,25;;;
11/05/2026;;00000000004802;ABACAXI GRANDE UN.;3,000;23,97;7,99;16,50;0,00;0,00;7,47;31,16;45,27;0,29;0,04;;;
11/05/2026;;00000000004793;ABOBORA SERGIPANA KG;16,632;83,00;4,99;58,21;0,00;0,00;24,79;29,87;42,58;0,96;1,00;;;
11/05/2026;;00000000010505;ABOBRINHA KG;12,445;49,65;3,99;37,22;0,00;0,00;12,43;25,03;33,39;0,48;1,48;;;
11/05/2026;;00000000012303;AGRIAO UN.;14,000;34,86;2,49;16,80;0,00;0,00;18,06;51,81;107,50;0,70;2,18;;;
11/05/2026;;00000000012302;ALFACE CRESPA UN.;72,000;143,28;1,99;148,93;0,00;0,00;-5,65;-3,94;-3,79;-0,22;1,96;;;
11/05/2026;;00000000002496;ALHO KG;19,565;352,07;17,99;173,24;24,65;0,00;178,83;43,79;103,22;6,94;8,90;;;
11/05/2026;;00000000004801;BANANA PRATA KG;83,070;414,51;4,99;344,31;0,00;0,00;70,20;16,94;20,39;2,72;11,63;;;
11/05/2026;;00000000009239;BANANA PROMOCAO BDJ;14,000;41,86;2,99;0,00;5,08;3,60;41,86;79,27;0,00;1,62;13,25;;;
11/05/2026;;00000000001557;BATATA DOCE KG;20,815;103,88;4,99;77,55;0,00;0,00;26,33;25,35;33,95;1,02;14,27;;;
11/05/2026;;00000000002494;BATATA LISA KG;109,190;872,42;7,99;246,43;0,00;0,00;625,99;71,75;254,02;24,29;38,56;;;
11/05/2026;;00000000004991;BATATA LISA PROMOCAO KG;1,124;2,80;2,49;0,00;0,00;0,00;2,80;100,00;0,00;0,11;38,67;;;
11/05/2026;;00000000010506;BERINJELA KG;2,335;18,67;8,00;8,83;0,00;0,00;9,84;52,72;111,53;0,38;39,05;;;
11/05/2026;;00000000004798;BETERRABA KG;11,240;61,71;5,49;49,69;0,00;0,00;12,02;19,48;24,19;0,47;39,52;;;
11/05/2026;;00000000012309;BROCOLIS UN;7,000;48,93;6,99;45,50;0,00;0,00;3,43;7,01;7,54;0,13;39,65;;;
11/05/2026;;00000000000471;CARTELA OVOS C/12;17,000;118,83;6,99;106,25;0,00;0,00;12,58;10,59;11,84;0,49;40,14;;;
11/05/2026;;00000000002495;CEBOLA GRAUDA KG;35,725;178,31;4,99;70,18;0,00;0,00;108,13;60,64;154,09;4,20;44,34;;;
11/05/2026;;00000000010508;CEBOLA MIUDA KG;3,575;16,06;4,49;7,15;0,00;0,00;8,91;55,48;124,62;0,35;44,68;;;
11/05/2026;;00000000010509;CEBOLA ROXA KG;2,800;16,78;5,99;11,31;0,00;0,00;5,47;32,59;48,34;0,21;44,90;;;
11/05/2026;;00000000004799;CENOURA KG;33,770;303,60;8,99;105,22;0,00;0,00;198,38;65,34;188,53;7,70;52,59;;;
11/05/2026;;00000000000258;CENOURA PROMOCAO KG;4,166;8,29;1,99;27,08;0,00;0,00;-18,79;-226,65;-69,39;-0,73;51,86;;;
11/05/2026;;00000000012307;CHEIRO VERDE UN.;52,000;129,48;2,49;78,40;0,00;0,00;51,08;39,45;65,15;1,98;53,85;;;
11/05/2026;;00000000004796;CHUCHU KG;21,380;63,93;2,99;135,76;0,00;0,00;-71,83;-112,36;-52,91;-2,79;51,06;;;
11/05/2026;;00000000010526;COCO SECO KG;9,445;45,24;4,79;30,79;9,05;0,00;14,45;11,94;46,93;0,56;51,62;;;
11/05/2026;;00000000012305;COENTRO UN.;74,000;184,26;2,49;125,80;0,00;0,00;58,46;31,73;46,47;2,27;53,89;;;
11/05/2026;;00000000012304;COUVE UN.;38,000;94,62;2,49;57,00;0,00;0,00;37,62;39,76;66,00;1,46;55,35;;;
11/05/2026;;00000000010514;GENGIBRE KG;0,305;4,51;14,79;1,86;0,00;0,42;2,65;49,43;142,01;0,10;55,45;;;
11/05/2026;;00000000012306;HORTELA UN;8,000;19,92;2,49;7,20;0,00;0,00;12,72;63,86;176,67;0,49;55,94;;;
11/05/2026;;00000000004804;INHAME KG;23,175;115,65;4,99;117,16;0,00;0,00;-1,51;-1,30;-1,29;-0,06;55,89;;;
11/05/2026;;00000000004803;JILO KG;14,580;116,50;7,99;77,13;0,00;0,00;39,37;33,80;51,05;1,53;57,41;;;
11/05/2026;;00000000010532;KIWI KG;0,095;2,37;24,95;1,60;0,00;0,00;0,77;32,58;48,32;0,03;57,44;;;
11/05/2026;;00000000004797;LARANJA PERA KG;30,220;108,51;3,59;67,15;0,00;0,00;41,36;38,12;61,60;1,60;59,05;;;
11/05/2026;;00000000002498;LIMAO KG;24,660;73,75;2,99;47,78;0,00;0,00;25,97;35,21;54,35;1,01;60,06;;;
11/05/2026;;00000000012312;LOURO UN.;8,000;19,92;2,49;9,40;0,00;0,00;10,52;52,81;111,91;0,41;60,46;;;
11/05/2026;;00000000010530;MACA  ARGENTINA KG;0,335;6,36;18,99;3,90;0,00;0,00;2,46;38,69;63,10;0,10;60,56;;;
11/05/2026;;00000000010531;MACA FUJI KG;4,485;62,74;13,99;59,96;0,00;0,00;2,78;4,42;4,63;0,11;60,67;;;
11/05/2026;;00000000010627;MACA GALA KG;9,215;82,86;8,99;88,18;0,00;0,00;-5,32;-6,42;-6,04;-0,21;60,46;;;
11/05/2026;;00000000002137;MACA GALA SC 850GR;26,000;129,74;4,99;54,48;0,00;0,00;75,26;58,01;138,14;2,92;63,38;;;
11/05/2026;;00000000010529;MACA VERDE KG;0,185;3,14;16,97;2,16;0,00;0,00;0,98;31,24;45,44;0,04;63,42;;;
11/05/2026;;00000000005062;MAMAO PAPAIA UN.;4,000;13,16;3,29;9,16;0,00;0,00;4,00;30,40;43,67;0,16;63,57;;;
11/05/2026;;00000000010525;MANGA PALMER KG;20,990;125,71;5,99;111,04;0,00;0,00;14,67;11,67;13,21;0,57;64,14;;;
11/05/2026;;00000000010522;MARACUJA KG;43,645;305,11;6,99;295,02;0,00;0,00;10,09;3,31;3,42;0,39;64,53;;;
11/05/2026;;00000000010521;MELAO COMUM KG;1,515;9,68;6,39;4,30;0,00;0,00;5,38;55,55;124,98;0,21;64,74;;;
11/05/2026;;00000000004405;MOSTARDA UN;18,000;44,82;2,49;27,00;0,00;0,00;17,82;39,76;66,00;0,69;65,43;;;
11/05/2026;;00000000007432;OVOS CAIPIRA C/12;2,000;25,98;12,99;20,00;0,00;0,00;5,98;23,02;29,90;0,23;65,67;;;
11/05/2026;;00000000008064;OVOS CARTELA COM 20;20,000;239,80;11,99;30,00;0,00;0,00;209,80;87,49;699,33;8,14;73,81;;;
11/05/2026;;00000000002519;OVOS CARTELA COM 30;55,000;878,20;15,97;635,58;0,00;0,00;242,62;27,63;38,17;9,41;83,22;;;
11/05/2026;;00000000010512;PEPINO JAPONES KG;4,740;23,67;4,99;19,10;0,00;0,00;4,57;19,30;23,91;0,18;83,40;;;
11/05/2026;;00000000010513;PEPINO KG;4,850;26,14;5,39;26,14;0,00;0,00;0,00;-0,01;-0,01;0,00;83,40;;;
11/05/2026;;00000000007660;PERA WILLIAM KG;4,070;40,66;9,99;50,06;0,00;0,00;-9,40;-23,12;-18,78;-0,36;83,03;;;
11/05/2026;;00000000002502;PIMENTAO KG;7,145;73,57;10,30;33,71;0,00;0,00;39,86;54,18;118,26;1,55;84,58;;;
11/05/2026;;00000000011757;PIMENTAO VERMELHO E AMARELO KG;0,960;13,43;13,99;4,09;0,00;0,00;9,34;69,55;228,39;0,36;84,94;;;
11/05/2026;;00000000007980;POTE DE SALADA DA CASA;4,000;31,96;7,99;0,00;0,00;0,00;31,96;100,00;0,00;1,24;86,18;;;
11/05/2026;;00000000010507;QUIABO KG;27,747;221,67;7,99;166,67;0,00;0,00;55,00;24,81;33,00;2,13;88,32;;;
11/05/2026;;00000000010510;REPOLHO KG;6,200;27,22;4,39;11,90;0,00;0,00;15,32;56,27;128,66;0,59;88,91;;;
11/05/2026;;00000000007308;SALSA G;3,000;2,97;0,99;10,50;0,00;0,00;-7,53;-253,54;-71,71;-0,29;88,62;;;
11/05/2026;;00000000012320;SALSINHA UN;19,000;47,31;2,49;28,50;0,00;0,00;18,81;39,76;66,00;0,73;89,35;;;
11/05/2026;;00000000012204;SANDUICHE DE PATE DA CASA;5,000;34,95;6,99;0,00;0,00;0,00;34,95;100,00;0,00;1,36;90,71;;;
11/05/2026;;00000000011761;TANGERINA POKAN KG;38,295;152,80;3,99;162,75;0,00;0,00;-9,95;-6,51;-6,12;-0,39;90,32;;;
11/05/2026;;00000000002497;TOMATE CARMEM KG;28,635;214,45;7,49;149,82;0,00;0,00;64,63;30,14;43,14;2,51;92,83;;;
11/05/2026;;00000000002474;TOMATE GRAPE 180G UN.;1,000;6,49;6,49;5,00;0,00;0,00;1,49;22,96;29,80;0,06;92,88;;;
11/05/2026;;00000000010772;TOMATE ITALIANO KG;29,885;229,82;7,69;137,58;0,00;0,00;92,24;40,14;67,04;3,58;96,46;;;
11/05/2026;;00000000019191;UVA PRETA S/ CAROCO BDJ 500G;27,000;161,73;5,99;140,40;0,00;0,00;21,33;13,19;15,19;0,83;97,29;;;
11/05/2026;;00000000019308;UVA VERDE S/ CAROCO BDJ 500G;20,000;199,80;9,99;130,00;0,00;0,00;69,80;34,93;53,69;2,71;100,00;;;
12/05/2026;;00000000010523;ABACATE KG;22,610;90,18;3,99;137,02;0,00;0,00;-46,84;-51,94;-34,18;-1,53;-1,53;;;
12/05/2026;;00000000004802;ABACAXI GRANDE UN.;10,000;79,90;7,99;55,00;0,00;0,00;24,90;31,16;45,27;0,81;-0,72;;;
12/05/2026;;00000000004793;ABOBORA SERGIPANA KG;28,374;141,58;4,99;99,31;0,00;0,00;42,27;29,86;42,57;1,38;0,66;;;
12/05/2026;;00000000010505;ABOBRINHA KG;18,610;74,24;3,99;55,83;0,00;0,00;18,41;24,80;32,98;0,60;1,27;;;
12/05/2026;;00000000012303;AGRIAO UN.;28,000;41,72;1,49;33,60;0,00;0,00;8,12;19,46;24,17;0,27;1,53;;;
12/05/2026;;00000000012302;ALFACE CRESPA UN.;78,000;116,22;1,49;162,24;0,00;0,00;-46,02;-39,60;-28,37;-1,50;0,03;;;
12/05/2026;;00000000002496;ALHO KG;27,640;497,38;17,99;243,23;34,81;0,00;254,15;44,10;104,49;8,31;8,33;;;
12/05/2026;;00000000010518;BANANA DAGUA KG;22,845;91,15;3,99;61,00;0,00;0,00;30,15;33,08;49,44;0,99;9,32;;;
12/05/2026;;00000000004801;BANANA PRATA KG;131,480;656,09;4,99;546,96;0,00;0,00;109,13;16,63;19,95;3,57;12,89;;;
12/05/2026;;00000000009239;BANANA PROMOCAO BDJ;7,000;20,93;2,99;0,00;2,51;1,94;20,93;78,75;0,00;0,68;13,57;;;
12/05/2026;;00000000001557;BATATA DOCE KG;20,355;100,70;4,95;76,33;0,00;0,00;24,37;24,20;31,92;0,80;14,37;;;
12/05/2026;;00000000002494;BATATA LISA KG;104,280;833,12;7,99;198,13;0,00;0,00;634,99;76,22;320,49;20,76;35,12;;;
12/05/2026;;00000000010506;BERINJELA KG;2,110;16,86;7,99;7,98;0,00;0,00;8,88;52,69;111,39;0,29;35,41;;;
12/05/2026;;00000000004798;BETERRABA KG;17,960;98,61;5,49;79,20;0,00;0,00;19,41;19,68;24,50;0,63;36,05;;;
12/05/2026;;00000000012309;BROCOLIS UN;53,000;243,27;4,59;344,50;0,00;0,00;-101,23;-41,61;-29,38;-3,31;32,74;;;
12/05/2026;;00000000000471;CARTELA OVOS C/12;13,000;90,87;6,99;81,25;0,00;0,00;9,62;10,59;11,84;0,31;33,05;;;
12/05/2026;;00000000002495;CEBOLA GRAUDA KG;61,770;308,19;4,99;109,33;0,00;0,00;198,86;64,52;181,88;6,50;39,55;;;
12/05/2026;;00000000010508;CEBOLA MIUDA KG;8,565;38,45;4,49;17,13;0,00;0,00;21,32;55,45;124,46;0,70;40,25;;;
12/05/2026;;00000000010509;CEBOLA ROXA KG;4,700;28,15;5,99;18,99;0,00;0,00;9,16;32,55;48,25;0,30;40,55;;;
12/05/2026;;00000000004799;CENOURA KG;44,180;397,18;8,99;123,70;0,00;0,00;273,48;68,85;221,07;8,94;49,49;;;
12/05/2026;;00000000012307;CHEIRO VERDE UN.;54,000;80,46;1,49;81,00;0,00;0,00;-0,54;-0,67;-0,67;-0,02;49,47;;;
12/05/2026;;00000000004796;CHUCHU KG;18,595;55,60;2,99;118,08;0,00;0,00;-62,48;-112,37;-52,91;-2,04;47,43;;;
12/05/2026;;00000000010526;COCO SECO KG;11,025;52,81;4,79;35,94;10,56;0,00;16,87;11,94;46,93;0,55;47,98;;;
12/05/2026;;00000000012305;COENTRO UN.;79,000;196,71;2,49;134,30;0,00;0,00;62,41;31,73;46,47;2,04;50,02;;;
12/05/2026;;00000000012304;COUVE UN.;76,000;113,24;1,49;114,00;0,00;0,00;-0,76;-0,67;-0,67;-0,02;50,00;;;
12/05/2026;;00000000010514;GENGIBRE KG;1,335;19,74;14,79;8,16;0,00;1,83;11,58;49,43;142,01;0,38;50,38;;;
12/05/2026;;00000000012306;HORTELA UN;10,000;24,90;2,49;9,00;0,00;0,00;15,90;63,86;176,67;0,52;50,90;;;
12/05/2026;;00000000004804;INHAME KG;5,015;25,02;4,99;25,83;0,00;0,00;-0,81;-3,23;-3,13;-0,03;50,87;;;
12/05/2026;;00000000004803;JILO KG;15,150;121,08;7,99;80,14;0,00;0,00;40,94;33,81;51,08;1,34;52,21;;;
12/05/2026;;00000000010532;KIWI KG;3,505;87,59;24,99;58,95;0,00;0,00;28,64;32,69;48,57;0,94;53,14;;;
12/05/2026;;00000000004797;LARANJA PERA KG;56,970;170,32;2,99;125,90;0,00;0,00;44,42;26,08;35,28;1,45;54,59;;;
12/05/2026;;00000000002498;LIMAO KG;26,540;79,37;2,99;50,69;0,00;0,00;28,68;36,13;56,57;0,94;55,53;;;
12/05/2026;;00000000010530;MACA  ARGENTINA KG;1,625;30,86;18,99;18,91;0,00;0,00;11,94;38,71;63,15;0,39;55,92;;;
12/05/2026;;00000000010531;MACA FUJI KG;0,820;11,47;13,99;10,96;0,00;0,00;0,51;4,42;4,62;0,02;55,94;;;
12/05/2026;;00000000010627;MACA GALA KG;17,125;153,95;8,99;167,14;0,00;0,00;-13,19;-8,57;-7,89;-0,43;55,51;;;
12/05/2026;;00000000005727;MACA GALA PROMOCAO SC 850GR;2,000;9,58;4,79;0,00;0,00;0,00;9,58;100,00;0,00;0,31;55,82;;;
12/05/2026;;00000000002137;MACA GALA SC 850GR;44,000;210,76;4,79;85,36;0,00;0,00;125,40;59,50;146,91;4,10;59,92;;;
12/05/2026;;00000000010529;MACA VERDE KG;0,180;3,06;17,00;2,10;0,00;0,00;0,96;31,35;45,67;0,03;59,95;;;
12/05/2026;;00000000005062;MAMAO PAPAIA UN.;11,000;36,19;3,29;25,19;0,00;0,00;11,00;30,40;43,67;0,36;60,31;;;
12/05/2026;;00000000010525;MANGA PALMER KG;36,825;220,54;5,99;194,80;0,00;0,00;25,74;11,67;13,21;0,84;61,15;;;
12/05/2026;;00000000010522;MARACUJA KG;41,250;329,57;7,99;279,67;0,00;0,00;49,89;15,14;17,84;1,63;62,78;;;
12/05/2026;;00000000004889;MELANCIA KG;1,609;6,10;3,79;4,23;0,00;0,00;1,87;30,63;44,15;0,06;62,84;;;
12/05/2026;;00000000010521;MELAO COMUM KG;8,435;53,90;6,39;23,96;0,00;0,00;29,94;55,56;125,00;0,98;63,82;;;
12/05/2026;;00000000009982;MELAO UNID;2,000;8,98;4,49;0,00;0,00;0,00;8,98;100,00;0,00;0,29;64,12;;;
12/05/2026;;00000000004405;MOSTARDA UN;24,000;59,76;2,49;36,00;0,00;0,00;23,76;39,76;66,00;0,78;64,89;;;
12/05/2026;;00000000007432;OVOS CAIPIRA C/12;1,000;12,99;12,99;10,00;0,00;0,00;2,99;23,02;29,90;0,10;64,99;;;
12/05/2026;;00000000008064;OVOS CARTELA COM 20;32,000;383,68;11,99;0,00;0,00;0,00;383,68;100,00;0,00;12,54;77,53;;;
12/05/2026;;00000000002519;OVOS CARTELA COM 30;41,000;655,59;15,99;471,50;0,00;0,00;184,09;28,08;39,04;6,02;83,55;;;
12/05/2026;;00000000010512;PEPINO JAPONES KG;8,385;41,85;4,99;33,79;0,00;0,00;8,06;19,26;23,85;0,26;83,81;;;
12/05/2026;;00000000010513;PEPINO KG;4,275;23,04;5,39;23,04;0,00;0,00;0,00;-0,01;-0,01;0,00;83,81;;;
12/05/2026;;00000000007660;PERA WILLIAM KG;2,745;27,41;9,99;33,76;0,00;0,00;-6,35;-23,18;-18,82;-0,21;83,61;;;
12/05/2026;;00000000002502;PIMENTAO KG;15,480;159,24;10,29;69,35;0,00;0,00;89,89;56,45;129,62;2,94;86,54;;;
12/05/2026;;00000000011757;PIMENTAO VERMELHO E AMARELO KG;0,160;2,24;14,00;0,68;0,00;0,00;1,56;69,57;228,64;0,05;86,59;;;
12/05/2026;;00000000007980;POTE DE SALADA DA CASA;1,000;7,99;7,99;0,00;0,00;0,00;7,99;100,00;0,00;0,26;86,86;;;
12/05/2026;;00000000010507;QUIABO KG;2,892;23,11;7,99;17,18;0,00;0,00;5,93;25,67;34,53;0,19;87,05;;;
12/05/2026;;00000000010510;REPOLHO KG;13,200;57,94;4,39;25,34;0,00;0,00;32,60;56,26;128,61;1,07;88,11;;;
12/05/2026;;00000000010511;REPOLHO ROXO KG;1,030;9,26;8,99;2,89;0,00;0,00;6,37;68,74;219,94;0,21;88,32;;;
12/05/2026;;00000000007308;SALSA G;4,000;3,96;0,99;14,00;0,00;0,00;-10,04;-253,54;-71,71;-0,33;87,99;;;
12/05/2026;;00000000012320;SALSINHA UN;39,000;97,11;2,49;58,50;0,00;0,00;38,61;39,76;66,00;1,26;89,26;;;
12/05/2026;;00000000012204;SANDUICHE DE PATE DA CASA;1,000;6,99;6,99;0,00;0,00;0,00;6,99;100,00;0,00;0,23;89,49;;;
12/05/2026;;00000000011761;TANGERINA POKAN KG;74,415;296,91;3,99;316,26;0,00;0,00;-19,35;-6,52;-6,12;-0,63;88,85;;;
12/05/2026;;00000000002497;TOMATE CARMEM KG;31,450;234,72;7,46;164,48;0,00;0,00;70,24;29,92;42,70;2,30;91,15;;;
12/05/2026;;00000000002474;TOMATE GRAPE 180G UN.;4,000;25,96;6,49;20,00;0,00;0,00;5,96;22,96;29,80;0,19;91,34;;;
12/05/2026;;00000000010772;TOMATE ITALIANO KG;38,425;295,51;7,69;175,22;0,00;0,00;120,29;40,71;68,65;3,93;95,28;;;
12/05/2026;;00000000019191;UVA PRETA S/ CAROCO BDJ 500G;39,000;253,11;6,49;202,80;0,00;0,00;50,31;19,88;24,81;1,64;96,92;;;
12/05/2026;;00000000019308;UVA VERDE S/ CAROCO BDJ 500G;27,000;269,73;9,99;175,50;0,00;0,00;94,23;34,93;53,69;3,08;100,00;;;
13/05/2026;;00000000010523;ABACATE KG;7,800;33,84;4,34;47,27;0,00;0,00;-13,43;-39,68;-28,41;-0,47;-0,47;;;
13/05/2026;;00000000004802;ABACAXI GRANDE UN.;6,000;47,94;7,99;33,00;0,00;0,00;14,94;31,16;45,27;0,52;0,05;;;
13/05/2026;;00000000004793;ABOBORA SERGIPANA KG;10,321;51,50;4,99;36,12;0,00;0,00;15,38;29,86;42,57;0,53;0,59;;;
13/05/2026;;00000000010505;ABOBRINHA KG;14,870;48,04;3,23;44,61;0,00;0,00;3,43;7,14;7,69;0,12;0,70;;;
13/05/2026;;00000000012303;AGRIAO UN.;12,000;29,88;2,49;14,40;0,00;0,00;15,48;51,81;107,50;0,54;1,24;;;
13/05/2026;;00000000012302;ALFACE CRESPA UN.;66,000;130,34;1,97;137,28;0,00;0,00;-6,94;-5,32;-5,06;-0,24;1,00;;;
13/05/2026;;00000000002496;ALHO KG;14,360;258,45;18,00;126,37;18,09;0,00;132,08;44,11;104,52;4,58;5,58;;;
13/05/2026;;00000000010518;BANANA DAGUA KG;9,531;38,03;3,99;25,45;0,00;0,00;12,58;33,09;49,44;0,44;6,01;;;
13/05/2026;;00000000004801;BANANA PRATA KG;52,280;260,86;4,99;217,48;0,00;0,00;43,38;16,63;19,94;1,50;7,52;;;
13/05/2026;;00000000009239;BANANA PROMOCAO BDJ;10,000;29,90;2,99;0,00;3,59;2,77;29,90;78,75;0,00;1,04;8,55;;;
13/05/2026;;00000000001557;BATATA DOCE KG;8,770;36,44;4,16;32,89;0,00;0,00;3,55;9,75;10,80;0,12;8,67;;;
13/05/2026;;00000000002494;BATATA LISA KG;108,540;872,40;8,04;206,23;0,00;0,00;666,17;76,36;323,03;23,08;31,76;;;
13/05/2026;;00000000010506;BERINJELA KG;2,510;17,05;6,79;9,49;0,00;0,00;7,56;44,35;79,70;0,26;32,02;;;
13/05/2026;;00000000004798;BETERRABA KG;8,300;48,39;5,83;36,60;0,00;0,00;11,79;24,36;32,20;0,41;32,43;;;
13/05/2026;;00000000012309;BROCOLIS UN;15,000;104,85;6,99;97,50;0,00;0,00;7,35;7,01;7,54;0,25;32,68;;;
13/05/2026;;00000000012042;CAIXA DE OVOS;1,000;239,99;239,99;0,00;0,00;0,00;239,99;100,00;0,00;8,32;41,00;;;
13/05/2026;;00000000000471;CARTELA OVOS C/12;26,000;181,74;6,99;162,50;0,00;0,00;19,24;10,59;11,84;0,67;41,66;;;
13/05/2026;;00000000002495;CEBOLA GRAUDA KG;56,980;295,65;5,19;100,85;0,00;0,00;194,80;65,89;193,14;6,75;48,41;;;
13/05/2026;;00000000010508;CEBOLA MIUDA KG;6,530;29,31;4,49;13,06;0,00;0,00;16,25;55,44;124,43;0,56;48,98;;;
13/05/2026;;00000000010509;CEBOLA ROXA KG;5,879;39,11;6,65;23,75;0,00;0,00;15,36;39,27;64,67;0,53;49,51;;;
13/05/2026;;00000000004799;CENOURA KG;33,165;298,17;8,99;92,86;0,00;0,00;205,31;68,86;221,09;7,11;56,62;;;
13/05/2026;;00000000000258;CENOURA PROMOCAO KG;6,256;12,45;1,99;40,66;0,00;0,00;-28,21;-226,62;-69,38;-0,98;55,64;;;
13/05/2026;;00000000012307;CHEIRO VERDE UN.;37,000;90,13;2,44;55,50;0,00;0,00;34,63;38,42;62,40;1,20;56,84;;;
13/05/2026;;00000000004796;CHUCHU KG;8,665;30,53;3,52;55,02;0,00;0,00;-24,49;-80,23;-44,51;-0,85;56,00;;;
13/05/2026;;00000000010526;COCO SECO KG;8,155;39,06;4,79;26,59;7,81;0,00;12,47;11,94;46,92;0,43;56,43;;;
13/05/2026;;00000000012305;COENTRO UN.;57,000;141,93;2,49;96,90;0,00;0,00;45,03;31,73;46,47;1,56;57,99;;;
13/05/2026;;00000000012304;COUVE UN.;36,000;89,52;2,49;54,00;0,00;0,00;35,52;39,68;65,78;1,23;59,22;;;
13/05/2026;;00000000010514;GENGIBRE KG;0,140;2,08;14,86;0,86;0,00;0,19;1,22;49,63;143,16;0,04;59,26;;;
13/05/2026;;00000000012306;HORTELA UN;9,000;22,41;2,49;8,10;0,00;0,00;14,31;63,86;176,67;0,50;59,76;;;
13/05/2026;;00000000004804;INHAME KG;9,780;48,79;4,99;50,37;0,00;0,00;-1,58;-3,23;-3,13;-0,05;59,70;;;
13/05/2026;;00000000004803;JILO KG;13,655;109,12;7,99;72,23;0,00;0,00;36,89;33,80;51,06;1,28;60,98;;;
13/05/2026;;00000000010532;KIWI KG;0,335;8,37;24,99;5,63;0,00;0,00;2,74;32,68;48,54;0,09;61,08;;;
13/05/2026;;00000000004797;LARANJA PERA KG;12,395;43,76;3,53;27,39;0,00;0,00;16,37;37,40;59,75;0,57;61,64;;;
13/05/2026;;00000000002498;LIMAO KG;15,805;50,29;3,18;30,19;0,00;0,00;20,10;39,97;66,59;0,70;62,34;;;
13/05/2026;;00000000012312;LOURO UN.;1,000;2,49;2,49;1,20;0,00;0,00;1,29;51,81;107,50;0,04;62,38;;;
13/05/2026;;00000000010531;MACA FUJI KG;4,780;66,87;13,99;63,91;0,00;0,00;2,96;4,43;4,63;0,10;62,49;;;
13/05/2026;;00000000010627;MACA GALA KG;15,345;137,95;8,99;149,77;0,00;0,00;-11,82;-8,57;-7,89;-0,41;62,08;;;
13/05/2026;;00000000002137;MACA GALA SC 850GR;17,000;84,63;4,98;32,98;0,00;0,00;51,65;61,03;156,61;1,79;63,87;;;
13/05/2026;;00000000010529;MACA VERDE KG;1,495;25,40;16,99;17,45;0,00;0,00;7,95;31,31;45,59;0,28;64,14;;;
13/05/2026;;00000000005062;MAMAO PAPAIA UN.;3,000;13,47;4,49;6,87;0,00;0,00;6,60;49,00;96,07;0,23;64,37;;;
13/05/2026;;00000000010525;MANGA PALMER KG;28,075;168,13;5,99;148,52;0,00;0,00;19,61;11,67;13,21;0,68;65,05;;;
13/05/2026;;00000000010522;MARACUJA KG;26,245;186,47;7,10;177,94;0,00;0,00;8,53;4,57;4,79;0,30;65,35;;;
13/05/2026;;00000000004889;MELANCIA KG;1,617;6,13;3,79;4,25;0,00;0,00;1,88;30,62;44,14;0,07;65,41;;;
13/05/2026;;00000000010521;MELAO COMUM KG;4,565;23,69;5,19;12,96;0,00;0,00;10,73;45,27;82,73;0,37;65,78;;;
13/05/2026;;00000000004405;MOSTARDA UN;20,000;49,80;2,49;30,00;0,00;0,00;19,80;39,76;66,00;0,69;66,47;;;
13/05/2026;;00000000011612;MOUSSE DE LIMAO DA CASA P;2,000;7,98;3,99;0,00;0,00;0,00;7,98;100,00;0,00;0,28;66,74;;;
13/05/2026;;00000000011609;MOUSSE DE MARACUJA DA CASA P;4,000;15,96;3,99;0,00;0,00;0,00;15,96;100,00;0,00;0,55;67,30;;;
13/05/2026;;00000000008283;OVOS CAIPIRA  CARTELA COM 30;1,000;12,49;12,49;0,00;0,00;0,00;12,49;100,00;0,00;0,43;67,73;;;
13/05/2026;;00000000008064;OVOS CARTELA COM 20;27,000;323,73;11,99;0,00;0,00;0,00;323,73;100,00;0,00;11,22;78,95;;;
13/05/2026;;00000000002519;OVOS CARTELA COM 30;37,000;667,53;18,04;425,50;0,00;0,00;242,03;36,26;56,88;8,39;87,33;;;
13/05/2026;;00000000010512;PEPINO JAPONES KG;3,915;19,53;4,99;15,78;0,00;0,00;3,75;19,21;23,78;0,13;87,46;;;
13/05/2026;;00000000010513;PEPINO KG;8,500;41,56;4,89;45,81;0,00;0,00;-4,25;-10,24;-9,29;-0,15;87,32;;;
13/05/2026;;00000000007660;PERA WILLIAM KG;8,280;82,70;9,99;101,84;0,00;0,00;-19,14;-23,15;-18,80;-0,66;86,65;;;
13/05/2026;;00000000002502;PIMENTAO KG;12,970;96,36;7,43;58,11;0,00;0,00;38,25;39,70;65,84;1,33;87,98;;;
13/05/2026;;00000000011757;PIMENTAO VERMELHO E AMARELO KG;0,720;10,08;14,00;3,07;0,00;0,00;7,01;69,57;228,64;0,24;88,22;;;
13/05/2026;;00000000010510;REPOLHO KG;9,880;51,30;5,19;18,97;0,00;0,00;32,33;63,02;170,43;1,12;89,34;;;
13/05/2026;;00000000007308;SALSA G;2,000;1,98;0,99;7,00;0,00;0,00;-5,02;-253,54;-71,71;-0,17;89,17;;;
13/05/2026;;00000000012320;SALSINHA UN;26,000;64,74;2,49;39,00;0,00;0,00;25,74;39,76;66,00;0,89;90,06;;;
13/05/2026;;00000000012204;SANDUICHE DE PATE DA CASA;2,000;13,98;6,99;0,00;0,00;0,00;13,98;100,00;0,00;0,48;90,54;;;
13/05/2026;;00000000011761;TANGERINA POKAN KG;23,615;94,22;3,99;100,36;0,00;0,00;-6,14;-6,52;-6,12;-0,21;90,33;;;
13/05/2026;;00000000002497;TOMATE CARMEM KG;42,662;307,15;7,20;223,12;0,00;0,00;84,03;27,36;37,66;2,91;93,24;;;
13/05/2026;;00000000002474;TOMATE GRAPE 180G UN.;3,000;19,47;6,49;15,00;0,00;0,00;4,47;22,96;29,80;0,15;93,40;;;
13/05/2026;;00000000010772;TOMATE ITALIANO KG;25,215;184,36;7,31;114,98;0,00;0,00;69,38;37,63;60,34;2,40;95,80;;;
13/05/2026;;00000000011623;TORTINHA DE LIMAO DA CASA P;7,000;41,93;5,99;0,00;0,00;0,00;41,93;100,00;0,00;1,45;97,25;;;
13/05/2026;;00000000019191;UVA PRETA S/ CAROCO BDJ 500G;20,000;121,80;6,09;104,00;0,00;0,00;17,80;14,61;17,12;0,62;97,87;;;
13/05/2026;;00000000019308;UVA VERDE S/ CAROCO BDJ 500G;15,000;158,95;10,60;97,50;0,00;0,00;61,45;38,66;63,03;2,13;100,00;;;
14/05/2026;;00000000010523;ABACATE KG;6,565;28,82;4,39;39,78;0,00;0,00;-10,96;-38,04;-27,56;-0,41;-0,41;;;
14/05/2026;;00000000004802;ABACAXI GRANDE UN.;7,000;55,93;7,99;39,50;0,00;0,00;16,43;29,38;41,59;0,61;0,20;;;
14/05/2026;;00000000004793;ABOBORA SERGIPANA KG;12,323;61,50;4,99;43,13;0,00;0,00;18,37;29,87;42,59;0,68;0,88;;;
14/05/2026;;00000000010505;ABOBRINHA KG;12,485;39,82;3,19;37,45;0,00;0,00;2,36;5,94;6,31;0,09;0,97;;;
14/05/2026;;00000000012303;AGRIAO UN.;9,000;22,41;2,49;10,50;0,00;0,00;11,91;53,15;113,43;0,44;1,41;;;
14/05/2026;;00000000012302;ALFACE CRESPA UN.;59,000;117,41;1,99;118,40;0,00;0,00;-0,99;-0,84;-0,84;-0,04;1,37;;;
14/05/2026;;00000000002496;ALHO KG;13,885;249,86;17,99;125,16;17,48;0,00;124,70;42,91;99,64;4,61;5,98;;;
14/05/2026;;00000000010518;BANANA DAGUA KG;23,150;92,38;3,99;61,81;0,00;0,00;30,57;33,09;49,46;1,13;7,11;;;
14/05/2026;;00000000004801;BANANA PRATA KG;81,395;406,14;4,99;335,23;0,00;0,00;70,91;17,46;21,15;2,62;9,73;;;
14/05/2026;;00000000001557;BATATA DOCE KG;7,185;28,66;3,99;26,69;0,00;0,00;1,97;6,89;7,40;0,07;9,80;;;
14/05/2026;;00000000002494;BATATA LISA KG;85,410;682,40;7,99;168,29;0,00;0,00;514,11;75,34;305,49;18,99;28,79;;;
14/05/2026;;00000000010506;BERINJELA KG;4,870;33,07;6,79;18,41;0,00;0,00;14,66;44,33;79,64;0,54;29,33;;;
14/05/2026;;00000000004798;BETERRABA KG;6,240;36,76;5,89;27,52;0,00;0,00;9,24;25,14;33,58;0,34;29,67;;;
14/05/2026;;00000000012309;BROCOLIS UN;13,000;90,87;6,99;84,50;0,00;0,00;6,37;7,01;7,54;0,24;29,91;;;
14/05/2026;;00000000000471;CARTELA OVOS C/12;32,000;223,68;6,99;204,16;0,00;0,00;19,52;8,73;9,56;0,72;30,63;;;
14/05/2026;;00000000002495;CEBOLA GRAUDA KG;48,475;251,54;5,19;93,84;0,00;0,00;157,70;62,69;168,05;5,83;36,46;;;
14/05/2026;;00000000010508;CEBOLA MIUDA KG;9,145;41,05;4,49;18,29;0,00;0,00;22,76;55,44;124,44;0,84;37,30;;;
14/05/2026;;00000000010509;CEBOLA ROXA KG;4,775;31,56;6,61;19,96;0,00;0,00;11,60;36,76;58,13;0,43;37,73;;;
14/05/2026;;00000000004799;CENOURA KG;28,055;252,24;8,99;80,92;0,00;0,00;171,32;67,92;211,71;6,33;44,05;;;
14/05/2026;;00000000012307;CHEIRO VERDE UN.;30,000;74,70;2,49;45,00;0,00;0,00;29,70;39,76;66,00;1,10;45,15;;;
14/05/2026;;00000000004796;CHUCHU KG;19,635;69,36;3,53;112,22;0,00;0,00;-42,86;-61,79;-38,19;-1,58;43,57;;;
14/05/2026;;00000000010526;COCO SECO KG;9,405;45,04;4,79;30,66;9,01;0,00;14,38;11,93;46,90;0,53;44,10;;;
14/05/2026;;00000000012305;COENTRO UN.;80,000;199,20;2,49;136,00;0,00;0,00;63,20;31,73;46,47;2,33;46,43;;;
14/05/2026;;00000000012304;COUVE UN.;49,000;122,01;2,49;71,50;0,00;0,00;50,51;41,40;70,64;1,87;48,30;;;
14/05/2026;;00000000010514;GENGIBRE KG;0,145;2,15;14,83;0,89;0,00;0,06;1,26;55,49;140,24;0,05;48,35;;;
14/05/2026;;00000000012306;HORTELA UN;9,000;22,41;2,49;7,90;0,00;0,00;14,51;64,75;183,67;0,54;48,88;;;
14/05/2026;;00000000004804;INHAME KG;13,135;65,55;4,99;65,87;0,00;0,00;-0,32;-0,49;-0,49;-0,01;48,87;;;
14/05/2026;;00000000004803;JILO KG;14,625;116,87;7,99;77,37;0,00;0,00;39,50;33,80;51,06;1,46;50,33;;;
14/05/2026;;00000000010532;KIWI KG;1,145;28,62;25,00;19,26;0,00;0,00;9,36;32,71;48,61;0,35;50,68;;;
14/05/2026;;00000000004797;LARANJA PERA KG;19,225;69,01;3,59;43,46;0,00;0,00;25,55;37,03;58,79;0,94;51,62;;;
14/05/2026;;00000000002498;LIMAO KG;26,520;84,62;3,19;51,20;0,00;0,00;33,42;39,49;65,27;1,23;52,85;;;
14/05/2026;;00000000012312;LOURO UN.;4,000;9,96;2,49;4,80;0,00;0,00;5,16;51,81;107,50;0,19;53,04;;;
14/05/2026;;00000000010531;MACA FUJI KG;2,400;33,58;13,99;25,92;0,00;0,00;7,66;22,82;29,57;0,28;53,33;;;
14/05/2026;;00000000010627;MACA GALA KG;11,990;107,81;8,99;117,02;0,00;0,00;-9,21;-8,55;-7,87;-0,34;52,99;;;
14/05/2026;;00000000002137;MACA GALA SC 850GR;25,000;124,75;4,99;52,12;0,00;0,00;72,63;58,22;139,35;2,68;55,67;;;
14/05/2026;;00000000005062;MAMAO PAPAIA UN.;16,000;71,84;4,49;36,64;0,00;0,00;35,20;49,00;96,07;1,30;56,97;;;
14/05/2026;;00000000010525;MANGA PALMER KG;22,935;137,35;5,99;118,30;0,00;0,00;19,05;13,87;16,10;0,70;57,67;;;
14/05/2026;;00000000010522;MARACUJA KG;37,060;259,02;6,99;247,35;0,00;0,00;11,67;4,51;4,72;0,43;58,11;;;
14/05/2026;;00000000010521;MELAO COMUM KG;3,325;17,25;5,19;9,44;0,00;0,00;7,81;45,26;82,67;0,29;58,39;;;
14/05/2026;;00000000004405;MOSTARDA UN;8,000;19,92;2,49;12,00;0,00;0,00;7,92;39,76;66,00;0,29;58,69;;;
14/05/2026;;00000000011609;MOUSSE DE MARACUJA DA CASA P;5,000;19,95;3,99;0,00;0,00;0,00;19,95;100,00;0,00;0,74;59,42;;;
14/05/2026;;00000000008283;OVOS CAIPIRA  CARTELA COM 30;1,000;12,49;12,49;0,00;0,00;0,00;12,49;100,00;0,00;0,46;59,88;;;
14/05/2026;;00000000007432;OVOS CAIPIRA C/12;2,000;25,98;12,99;20,00;0,00;0,00;5,98;23,02;29,90;0,22;60,11;;;
14/05/2026;;00000000008064;OVOS CARTELA COM 20;35,000;419,65;11,99;20,00;0,00;0,00;399,65;95,23;1998,25;14,76;74,87;;;
14/05/2026;;00000000002519;OVOS CARTELA COM 30;23,000;420,67;18,29;264,50;0,00;0,00;156,17;37,12;59,04;5,77;80,64;;;
14/05/2026;;00000000010512;PEPINO JAPONES KG;7,620;38,02;4,99;30,71;0,00;0,00;7,31;19,23;23,81;0,27;80,91;;;
14/05/2026;;00000000010513;PEPINO KG;3,160;15,45;4,89;17,03;0,00;0,00;-1,58;-10,24;-9,29;-0,06;80,85;;;
14/05/2026;;00000000007660;PERA WILLIAM KG;6,475;64,69;9,99;79,64;0,00;0,00;-14,95;-23,11;-18,77;-0,55;80,30;;;
14/05/2026;;00000000002502;PIMENTAO KG;10,295;76,47;7,43;48,88;0,00;0,00;27,59;36,08;56,46;1,02;81,32;;;
14/05/2026;;00000000011757;PIMENTAO VERMELHO E AMARELO KG;4,960;69,40;13,99;21,13;0,00;0,00;48,27;69,55;228,45;1,78;83,10;;;
14/05/2026;;00000000010507;QUIABO KG;39,047;311,97;7,99;231,94;0,00;0,00;80,03;25,65;34,51;2,96;86,06;;;
14/05/2026;;00000000010510;REPOLHO KG;9,660;50,13;5,19;18,55;0,00;0,00;31,58;63,00;170,28;1,17;87,22;;;
14/05/2026;;00000000007308;SALSA G;5,000;4,95;0,99;17,50;0,00;0,00;-12,55;-253,54;-71,71;-0,46;86,76;;;
14/05/2026;;00000000012320;SALSINHA UN;29,000;72,21;2,49;42,30;0,00;0,00;29,91;41,42;70,71;1,10;87,86;;;
14/05/2026;;00000000012204;SANDUICHE DE PATE DA CASA;5,000;34,95;6,99;0,00;0,00;0,00;34,95;100,00;0,00;1,29;89,16;;;
14/05/2026;;00000000011761;TANGERINA POKAN KG;31,120;124,17;3,99;130,13;0,00;0,00;-5,96;-4,80;-4,58;-0,22;88,94;;;
14/05/2026;;00000000002497;TOMATE CARMEM KG;37,525;269,78;7,19;201,12;0,00;0,00;68,66;25,45;34,14;2,54;91,47;;;
14/05/2026;;00000000002474;TOMATE GRAPE 180G UN.;5,000;32,45;6,49;25,00;0,00;0,00;7,45;22,96;29,80;0,28;91,75;;;
14/05/2026;;00000000010772;TOMATE ITALIANO KG;36,970;269,50;7,29;176,07;0,00;0,00;93,43;34,67;53,07;3,45;95,20;;;
14/05/2026;;00000000011623;TORTINHA DE LIMAO DA CASA P;5,000;29,95;5,99;0,00;0,00;0,00;29,95;100,00;0,00;1,11;96,30;;;
14/05/2026;;00000000019191;UVA PRETA S/ CAROCO BDJ 500G;39,000;233,61;5,99;202,80;0,00;0,00;30,81;13,19;15,19;1,14;97,44;;;
14/05/2026;;00000000019308;UVA VERDE S/ CAROCO BDJ 500G;17,000;181,73;10,69;112,50;0,00;0,00;69,23;38,09;61,54;2,56;100,00;;;
15/05/2026;;00000000010523;ABACATE KG;12,495;54,85;4,39;72,28;0,00;0,00;-17,43;-31,77;-24,11;-0,60;-0,60;;;
15/05/2026;;00000000004802;ABACAXI GRANDE UN.;11,000;87,89;7,99;60,50;0,00;0,00;27,39;31,16;45,27;0,94;0,34;;;
15/05/2026;;00000000004793;ABOBORA SERGIPANA KG;4,659;23,25;4,99;16,31;0,00;0,00;6,94;29,86;42,58;0,24;0,58;;;
15/05/2026;;00000000010505;ABOBRINHA KG;10,685;34,10;3,19;31,85;0,00;0,00;2,25;6,60;7,06;0,08;0,66;;;
15/05/2026;;00000000012303;AGRIAO UN.;12,000;29,88;2,49;14,40;0,00;0,00;15,48;51,81;107,50;0,53;1,19;;;
15/05/2026;;00000000012302;ALFACE CRESPA UN.;77,000;153,23;1,99;153,52;0,00;0,00;-0,29;-0,19;-0,19;-0,01;1,18;;;
15/05/2026;;00000000002496;ALHO KG;18,895;340,02;18,00;169,77;23,80;0,00;170,25;43,07;100,28;5,87;7,06;;;
15/05/2026;;00000000010518;BANANA DAGUA KG;22,575;90,09;3,99;60,28;0,00;0,00;29,81;33,09;49,46;1,03;8,09;;;
15/05/2026;;00000000004801;BANANA PRATA KG;62,705;312,85;4,99;258,00;0,00;0,00;54,85;17,53;21,26;1,89;9,98;;;
15/05/2026;;00000000009239;BANANA PROMOCAO BDJ;8,000;23,92;2,99;0,00;2,87;2,21;23,92;78,75;0,00;0,83;10,80;;;
15/05/2026;;00000000001557;BATATA DOCE KG;9,835;39,26;3,99;36,51;0,00;0,00;2,75;7,00;7,52;0,09;10,90;;;
15/05/2026;;00000000002494;BATATA LISA KG;107,950;776,29;7,19;286,04;0,00;0,00;490,25;63,15;171,39;16,91;27,81;;;
15/05/2026;;00000000010506;BERINJELA KG;2,595;17,61;6,79;9,81;0,00;0,00;7,80;44,30;79,53;0,27;28,08;;;
15/05/2026;;00000000004798;BETERRABA KG;11,145;65,65;5,89;49,56;0,00;0,00;16,09;24,51;32,47;0,56;28,63;;;
15/05/2026;;00000000012309;BROCOLIS UN;4,000;27,96;6,99;26,00;0,00;0,00;1,96;7,01;7,54;0,07;28,70;;;
15/05/2026;;00000000000471;CARTELA OVOS C/12;18,000;125,82;6,99;129,14;0,00;0,00;-3,32;-2,64;-2,57;-0,11;28,59;;;
15/05/2026;;00000000002495;CEBOLA GRAUDA KG;58,820;305,32;5,19;114,81;0,00;0,00;190,51;62,40;165,93;6,57;35,16;;;
15/05/2026;;00000000010508;CEBOLA MIUDA KG;5,795;26,02;4,49;11,59;0,00;0,00;14,43;55,46;124,50;0,50;35,65;;;
15/05/2026;;00000000010509;CEBOLA ROXA KG;3,840;25,70;6,69;15,51;0,00;0,00;10,19;39,64;65,66;0,35;36,01;;;
15/05/2026;;00000000012319;CEBOLINHA UN;2,000;4,98;2,49;1,40;0,00;0,00;3,58;71,89;255,71;0,12;36,13;;;
15/05/2026;;00000000004799;CENOURA KG;47,790;347,76;7,28;150,91;0,00;0,00;196,85;56,60;130,44;6,79;42,92;;;
15/05/2026;;00000000000258;CENOURA PROMOCAO KG;0,869;1,73;1,99;5,65;0,00;0,00;-3,92;-226,50;-69,37;-0,14;42,78;;;
15/05/2026;;00000000012307;CHEIRO VERDE UN.;39,000;97,11;2,49;59,30;0,00;0,00;37,81;38,94;63,76;1,30;44,09;;;
15/05/2026;;00000000004796;CHUCHU KG;14,915;53,54;3,59;89,74;0,00;0,00;-36,20;-67,62;-40,34;-1,25;42,84;;;
15/05/2026;;00000000010526;COCO SECO KG;12,490;59,83;4,79;40,72;11,97;0,00;19,11;11,94;46,94;0,66;43,50;;;
15/05/2026;;00000000012305;COENTRO UN.;73,000;181,77;2,49;124,10;0,00;0,00;57,67;31,73;46,47;1,99;45,49;;;
15/05/2026;;00000000012304;COUVE UN.;41,000;102,09;2,49;61,50;0,00;0,00;40,59;39,76;66,00;1,40;46,89;;;
15/05/2026;;00000000012306;HORTELA UN;9,000;22,41;2,49;8,10;0,00;0,00;14,31;63,86;176,67;0,49;47,38;;;
15/05/2026;;00000000004804;INHAME KG;17,470;87,17;4,99;86,41;0,00;0,00;0,76;0,87;0,88;0,03;47,41;;;
15/05/2026;;00000000004803;JILO KG;10,745;85,88;7,99;56,84;0,00;0,00;29,04;33,81;51,09;1,00;48,41;;;
15/05/2026;;00000000010532;KIWI KG;2,150;53,73;24,99;36,16;0,00;0,00;17,57;32,69;48,58;0,61;49,02;;;
15/05/2026;;00000000005372;LARANJA CX FECHADA;1,000;74,99;74,99;0,00;0,00;0,00;74,99;100,00;0,00;2,59;51,60;;;
15/05/2026;;00000000004797;LARANJA PERA KG;12,145;43,60;3,59;27,99;0,00;0,00;15,61;35,81;55,79;0,54;52,14;;;
15/05/2026;;00000000002498;LIMAO KG;25,190;80,39;3,19;48,52;0,00;0,00;31,87;39,65;65,69;1,10;53,24;;;
15/05/2026;;00000000012312;LOURO UN.;10,000;24,90;2,49;12,00;0,00;0,00;12,90;51,81;107,50;0,44;53,69;;;
15/05/2026;;00000000010530;MACA  ARGENTINA KG;1,495;28,39;18,99;17,21;0,00;0,00;11,18;39,39;64,98;0,39;54,07;;;
15/05/2026;;00000000010531;MACA FUJI KG;0,195;2,73;14,00;2,61;0,00;0,00;0,12;4,50;4,71;0,00;54,08;;;
15/05/2026;;00000000010627;MACA GALA KG;9,535;85,73;8,99;92,15;0,00;0,00;-6,42;-7,49;-6,97;-0,22;53,85;;;
15/05/2026;;00000000005727;MACA GALA PROMOCAO SC 850GR;1,000;4,79;4,79;0,00;0,00;0,00;4,79;100,00;0,00;0,17;54,02;;;
15/05/2026;;00000000002137;MACA GALA SC 850GR;28,000;139,72;4,99;60,38;0,00;0,00;79,34;56,78;131,40;2,74;56,76;;;
15/05/2026;;00000000010529;MACA VERDE KG;2,090;35,50;16,99;24,00;0,00;0,00;11,50;32,39;47,90;0,40;57,15;;;
15/05/2026;;00000000005062;MAMAO PAPAIA UN.;11,000;49,39;4,49;25,19;0,00;0,00;24,20;49,00;96,07;0,83;57,99;;;
15/05/2026;;00000000010525;MANGA PALMER KG;52,040;311,65;5,99;270,05;0,00;0,00;41,60;13,35;15,40;1,43;59,42;;;
15/05/2026;;00000000010522;MARACUJA KG;35,775;249,65;6,98;240,28;0,00;0,00;9,37;3,76;3,90;0,32;59,75;;;
15/05/2026;;00000000010521;MELAO COMUM KG;5,000;25,95;5,19;14,20;0,00;0,00;11,75;45,28;82,75;0,41;60,15;;;
15/05/2026;;00000000004405;MOSTARDA UN;1,000;2,49;2,49;1,50;0,00;0,00;0,99;39,76;66,00;0,03;60,19;;;
15/05/2026;;00000000011612;MOUSSE DE LIMAO DA CASA P;2,000;7,98;3,99;0,00;0,00;0,00;7,98;100,00;0,00;0,28;60,46;;;
15/05/2026;;00000000011609;MOUSSE DE MARACUJA DA CASA P;9,000;35,91;3,99;0,00;0,00;0,00;35,91;100,00;0,00;1,24;61,70;;;
15/05/2026;;00000000007432;OVOS CAIPIRA C/12;4,000;51,96;12,99;40,00;0,00;0,00;11,96;23,02;29,90;0,41;62,11;;;
15/05/2026;;00000000008064;OVOS CARTELA COM 20;29,000;347,71;11,99;10,00;0,00;0,00;337,71;97,12;3377,10;11,65;73,76;;;
15/05/2026;;00000000002519;OVOS CARTELA COM 30;34,000;621,86;18,29;406,40;0,00;0,00;215,46;34,65;53,02;7,43;81,19;;;
15/05/2026;;00000000010512;PEPINO JAPONES KG;6,675;33,31;4,99;26,90;0,00;0,00;6,41;19,24;23,83;0,22;81,41;;;
15/05/2026;;00000000010513;PEPINO KG;3,915;19,14;4,89;21,10;0,00;0,00;-1,96;-10,25;-9,30;-0,07;81,35;;;
15/05/2026;;00000000007660;PERA WILLIAM KG;6,160;61,53;9,99;72,83;0,00;0,00;-11,30;-18,37;-15,52;-0,39;80,96;;;
15/05/2026;;00000000000002;PIMENTAO BANDEJA UNIDADE;1,000;1,99;1,99;16,32;0,00;0,00;-14,33;-720,10;-87,81;-0,49;80,46;;;
15/05/2026;;00000000002502;PIMENTAO KG;14,130;103,03;7,29;65,26;0,00;0,00;37,77;36,66;57,87;1,30;81,77;;;
15/05/2026;;00000000011757;PIMENTAO VERMELHO E AMARELO KG;3,510;49,13;14,00;14,95;0,00;0,00;34,18;69,57;228,57;1,18;82,94;;;
15/05/2026;;00000000010507;QUIABO KG;19,555;156,24;7,99;118,42;0,00;0,00;37,82;24,21;31,94;1,30;84,25;;;
15/05/2026;;00000000010510;REPOLHO KG;4,635;24,07;5,19;8,90;0,00;0,00;15,17;63,03;170,47;0,52;84,77;;;
15/05/2026;;00000000007308;SALSA G;3,000;2,97;0,99;10,50;0,00;0,00;-7,53;-253,54;-71,71;-0,26;84,51;;;
15/05/2026;;00000000012320;SALSINHA UN;30,000;74,70;2,49;46,20;0,00;0,00;28,50;38,15;61,69;0,98;85,50;;;
15/05/2026;;00000000012204;SANDUICHE DE PATE DA CASA;6,000;41,94;6,99;0,00;0,00;0,00;41,94;100,00;0,00;1,45;86,94;;;
15/05/2026;;00000000011761;TANGERINA POKAN KG;30,405;121,31;3,99;127,67;0,00;0,00;-6,36;-5,25;-4,98;-0,22;86,72;;;
15/05/2026;;00000000002497;TOMATE CARMEM KG;64,352;462,68;7,19;341,07;0,00;0,00;121,61;26,28;35,66;4,19;90,92;;;
15/05/2026;;00000000002474;TOMATE GRAPE 180G UN.;4,000;25,96;6,49;20,00;0,00;0,00;5,96;22,96;29,80;0,21;91,12;;;
15/05/2026;;00000000010772;TOMATE ITALIANO KG;44,245;321,94;7,28;213,14;0,00;0,00;108,80;33,80;51,05;3,75;94,88;;;
15/05/2026;;00000000011623;TORTINHA DE LIMAO DA CASA P;7,000;41,93;5,99;0,00;0,00;0,00;41,93;100,00;0,00;1,45;96,32;;;
15/05/2026;;00000000019191;UVA PRETA S/ CAROCO BDJ 500G;42,000;251,58;5,99;218,40;0,00;0,00;33,18;13,19;15,19;1,14;97,47;;;
15/05/2026;;00000000019308;UVA VERDE S/ CAROCO BDJ 500G;18,000;192,42;10,69;119,00;0,00;0,00;73,42;38,16;61,70;2,53;100,00;;;
16/05/2026;;00000000010523;ABACATE KG;1,890;8,29;4,39;11,45;0,00;0,00;-3,16;-38,16;-27,62;-0,10;-0,10;;;
16/05/2026;;00000000004802;ABACAXI GRANDE UN.;7,000;55,93;7,99;38,50;0,00;0,00;17,43;31,16;45,27;0,55;0,45;;;
16/05/2026;;00000000004793;ABOBORA SERGIPANA KG;2,325;11,60;4,99;8,14;0,00;0,00;3,46;29,85;42,55;0,11;0,56;;;
16/05/2026;;00000000010505;ABOBRINHA KG;18,075;57,68;3,19;54,04;0,00;0,00;3,64;6,31;6,74;0,12;0,68;;;
16/05/2026;;00000000012303;AGRIAO UN.;13,000;32,37;2,49;15,60;0,00;0,00;16,77;51,81;107,50;0,53;1,21;;;
16/05/2026;;00000000012302;ALFACE CRESPA UN.;81,000;161,19;1,99;164,33;0,00;0,00;-3,14;-1,95;-1,91;-0,10;1,11;;;
16/05/2026;;00000000002496;ALHO KG;17,105;307,85;18,00;155,16;21,54;0,00;152,69;42,60;98,41;4,83;5,94;;;
16/05/2026;;00000000010518;BANANA DAGUA KG;28,720;114,60;3,99;76,68;0,00;0,00;37,92;33,09;49,45;1,20;7,14;;;
16/05/2026;;00000000004801;BANANA PRATA KG;100,690;502,50;4,99;411,22;0,00;0,00;91,28;18,17;22,20;2,89;10,02;;;
16/05/2026;;00000000009239;BANANA PROMOCAO BDJ;1,000;2,99;2,99;0,00;0,36;0,28;2,99;78,75;0,00;0,09;10,12;;;
16/05/2026;;00000000001557;BATATA DOCE KG;10,700;42,71;3,99;40,12;0,00;0,00;2,58;6,05;6,44;0,08;10,20;;;
16/05/2026;;00000000002494;BATATA LISA KG;143,640;1103,68;7,68;340,22;0,00;0,00;763,46;69,17;224,40;24,15;34,35;;;
16/05/2026;;00000000010506;BERINJELA KG;2,735;18,56;6,79;10,34;0,00;0,00;8,22;44,30;79,53;0,26;34,61;;;
16/05/2026;;00000000004798;BETERRABA KG;11,995;70,63;5,89;53,04;0,00;0,00;17,59;24,91;33,17;0,56;35,17;;;
16/05/2026;;00000000012309;BROCOLIS UN;28,000;143,72;5,13;161,00;0,00;0,00;-17,28;-12,02;-10,73;-0,55;34,62;;;
16/05/2026;;00000000000471;CARTELA OVOS C/12;18,000;125,82;6,99;118,74;0,00;0,00;7,08;5,63;5,96;0,22;34,85;;;
16/05/2026;;00000000002495;CEBOLA GRAUDA KG;78,990;409,95;5,19;152,05;0,00;0,00;257,90;62,91;169,62;8,16;43,00;;;
16/05/2026;;00000000010508;CEBOLA MIUDA KG;7,990;35,90;4,49;18,26;0,00;0,00;17,64;49,13;96,59;0,56;43,56;;;
16/05/2026;;00000000010509;CEBOLA ROXA KG;6,030;40,34;6,69;25,17;0,00;0,00;15,17;37,60;60,26;0,48;44,04;;;
16/05/2026;;00000000004799;CENOURA KG;56,540;399,54;7,07;172,46;0,00;0,00;227,08;56,84;131,67;7,18;51,23;;;
16/05/2026;;00000000012307;CHEIRO VERDE UN.;40,000;99,60;2,49;61,00;0,00;0,00;38,60;38,76;63,28;1,22;52,45;;;
16/05/2026;;00000000004796;CHUCHU KG;12,290;44,12;3,59;76,43;0,00;0,00;-32,31;-73,24;-42,27;-1,02;51,42;;;
16/05/2026;;00000000010526;COCO SECO KG;5,050;24,19;4,79;16,43;4,89;0,00;7,76;11,89;47,27;0,25;51,67;;;
16/05/2026;;00000000012305;COENTRO UN.;71,000;176,79;2,49;120,70;0,00;0,00;56,09;31,73;46,47;1,77;53,44;;;
16/05/2026;;00000000012304;COUVE UN.;29,000;72,21;2,49;43,50;0,00;0,00;28,71;39,76;66,00;0,91;54,35;;;
16/05/2026;;00000000010514;GENGIBRE KG;0,135;2,00;14,81;0,83;0,00;0,07;1,17;54,95;140,24;0,04;54,39;;;
16/05/2026;;00000000012306;HORTELA UN;2,000;4,98;2,49;1,80;0,00;0,00;3,18;63,86;176,67;0,10;54,49;;;
16/05/2026;;00000000004804;INHAME KG;12,380;61,79;4,99;63,76;0,00;0,00;-1,97;-3,18;-3,09;-0,06;54,43;;;
16/05/2026;;00000000004803;JILO KG;12,975;103,69;7,99;68,64;0,00;0,00;35,05;33,80;51,07;1,11;55,54;;;
16/05/2026;;00000000010532;KIWI KG;1,165;29,12;25,00;19,60;0,00;0,00;9,52;32,71;48,61;0,30;55,84;;;
16/05/2026;;00000000004797;LARANJA PERA KG;21,480;77,13;3,59;49,00;0,00;0,00;28,13;36,47;57,41;0,89;56,73;;;
16/05/2026;;00000000002498;LIMAO KG;37,475;119,49;3,19;72,70;0,00;0,00;46,79;39,16;64,36;1,48;58,21;;;
16/05/2026;;00000000012312;LOURO UN.;13,000;32,37;2,49;15,60;0,00;0,00;16,77;51,81;107,50;0,53;58,74;;;
16/05/2026;;00000000010530;MACA  ARGENTINA KG;0,590;11,20;18,98;6,87;0,00;0,00;4,33;38,68;63,08;0,14;58,88;;;
16/05/2026;;00000000010531;MACA FUJI KG;4,935;69,04;13,99;58,95;0,00;0,00;10,09;14,61;17,11;0,32;59,19;;;
16/05/2026;;00000000010627;MACA GALA KG;7,705;69,26;8,99;75,20;0,00;0,00;-5,94;-8,58;-7,90;-0,19;59,01;;;
16/05/2026;;00000000002137;MACA GALA SC 850GR;38,000;189,62;4,99;81,80;0,00;0,00;107,82;56,86;131,81;3,41;62,42;;;
16/05/2026;;00000000010529;MACA VERDE KG;1,690;28,70;16,98;19,72;0,00;0,00;8,98;31,28;45,52;0,28;62,70;;;
16/05/2026;;00000000005062;MAMAO PAPAIA UN.;1,000;4,49;4,49;3,54;0,00;0,00;0,95;21,16;26,84;0,03;62,73;;;
16/05/2026;;00000000010525;MANGA PALMER KG;42,750;256,02;5,99;224,68;0,00;0,00;31,34;12,24;13,95;0,99;63,72;;;
16/05/2026;;00000000010522;MARACUJA KG;34,030;237,88;6,99;226,26;0,00;0,00;11,62;4,89;5,14;0,37;64,09;;;
16/05/2026;;00000000010521;MELAO COMUM KG;3,504;18,19;5,19;9,95;0,00;0,00;8,24;45,29;82,79;0,26;64,35;;;
16/05/2026;;00000000009982;MELAO UNID;1,000;4,49;4,49;0,00;0,00;0,00;4,49;100,00;0,00;0,14;64,49;;;
16/05/2026;;00000000011612;MOUSSE DE LIMAO DA CASA P;1,000;3,99;3,99;0,00;0,00;0,00;3,99;100,00;0,00;0,13;64,62;;;
16/05/2026;;00000000011609;MOUSSE DE MARACUJA DA CASA P;2,000;7,98;3,99;0,00;0,00;0,00;7,98;100,00;0,00;0,25;64,87;;;
16/05/2026;;00000000007432;OVOS CAIPIRA C/12;1,000;12,99;12,99;10,00;0,00;0,00;2,99;23,02;29,90;0,09;64,97;;;
16/05/2026;;00000000008064;OVOS CARTELA COM 20;31,000;371,69;11,99;40,00;0,00;0,00;331,69;89,24;829,23;10,49;75,46;;;
16/05/2026;;00000000002519;OVOS CARTELA COM 30;40,000;731,60;18,29;472,32;0,00;0,00;259,28;35,44;54,89;8,20;83,66;;;
16/05/2026;;00000000010512;PEPINO JAPONES KG;8,080;40,31;4,99;33,27;0,00;0,00;7,04;17,46;21,15;0,22;83,88;;;
16/05/2026;;00000000010513;PEPINO KG;10,625;51,95;4,89;56,40;0,00;0,00;-4,45;-8,56;-7,89;-0,14;83,74;;;
16/05/2026;;00000000007660;PERA WILLIAM KG;6,750;67,42;9,99;80,26;0,00;0,00;-12,84;-19,04;-16,00;-0,41;83,34;;;
16/05/2026;;00000000002502;PIMENTAO KG;23,750;173,14;7,29;109,54;0,00;0,00;63,60;36,73;58,06;2,01;85,35;;;
16/05/2026;;00000000011757;PIMENTAO VERMELHO E AMARELO KG;4,720;66,05;13,99;22,30;0,00;0,00;43,75;66,23;196,15;1,38;86,73;;;
16/05/2026;;00000000010507;QUIABO KG;21,277;169,98;7,99;132,05;0,00;0,00;37,93;22,32;28,73;1,20;87,93;;;
16/05/2026;;00000000010510;REPOLHO KG;8,995;46,71;5,19;17,27;0,00;0,00;29,44;63,03;170,46;0,93;88,86;;;
16/05/2026;;00000000010511;REPOLHO ROXO KG;0,750;6,74;8,99;2,11;0,00;0,00;4,63;68,73;219,81;0,15;89,01;;;
16/05/2026;;00000000007308;SALSA G;3,000;2,97;0,99;10,50;0,00;0,00;-7,53;-253,54;-71,71;-0,24;88,77;;;
16/05/2026;;00000000012320;SALSINHA UN;33,000;82,17;2,49;49,70;0,00;0,00;32,47;39,52;65,33;1,03;89,80;;;
16/05/2026;;00000000012204;SANDUICHE DE PATE DA CASA;1,000;6,99;6,99;0,00;0,00;0,00;6,99;100,00;0,00;0,22;90,02;;;
16/05/2026;;00000000011761;TANGERINA POKAN KG;76,505;305,26;3,99;318,61;0,00;0,00;-13,35;-4,37;-4,19;-0,42;89,60;;;
16/05/2026;;00000000002497;TOMATE CARMEM KG;63,510;456,66;7,19;345,82;0,00;0,00;110,84;24,27;32,05;3,51;93,10;;;
16/05/2026;;00000000002474;TOMATE GRAPE 180G UN.;6,000;38,94;6,49;30,00;0,00;0,00;8,94;22,96;29,80;0,28;93,39;;;
16/05/2026;;00000000010772;TOMATE ITALIANO KG;36,920;269,16;7,29;176,69;0,00;0,00;92,47;34,36;52,34;2,93;96,31;;;
16/05/2026;;00000000019191;UVA PRETA S/ CAROCO BDJ 500G;44,000;263,56;5,99;228,80;0,00;0,00;34,76;13,19;15,19;1,10;97,41;;;
16/05/2026;;00000000004080;UVA PRETA S/ CAROCO KG;0,355;2,30;6,48;2,48;0,00;0,00;-0,18;-8,04;-7,44;-0,01;97,41;;;
16/05/2026;;00000000019308;UVA VERDE S/ CAROCO BDJ 500G;21,000;224,49;10,69;142,50;0,00;0,00;81,99;36,52;57,54;2,59;100,00;;;
17/05/2026;;00000000004802;ABACAXI GRANDE UN.;4,000;31,96;7,99;22,00;0,00;0,00;9,96;31,16;45,27;0,45;0,45;;;
17/05/2026;;00000000004793;ABOBORA SERGIPANA KG;8,738;43,61;4,99;30,58;0,00;0,00;13,03;29,87;42,60;0,59;1,04;;;
17/05/2026;;00000000010505;ABOBRINHA KG;13,950;44,51;3,19;41,85;0,00;0,00;2,66;5,98;6,36;0,12;1,16;;;
17/05/2026;;00000000012303;AGRIAO UN.;14,000;34,86;2,49;16,80;0,00;0,00;18,06;51,81;107,50;0,82;1,97;;;
17/05/2026;;00000000012302;ALFACE CRESPA UN.;70,000;139,30;1,99;139,79;0,00;0,00;-0,49;-0,35;-0,35;-0,02;1,95;;;
17/05/2026;;00000000002496;ALHO KG;6,740;121,31;18,00;62,89;8,48;0,00;58,42;41,16;92,89;2,64;4,59;;;
17/05/2026;;00000000002456;BANANA DA TERRA KG;5,755;29,86;5,19;33,09;0,00;0,00;-3,23;-10,82;-9,76;-0,15;4,45;;;
17/05/2026;;00000000004801;BANANA PRATA KG;74,150;370,04;4,99;305,70;0,00;0,00;64,34;17,39;21,04;2,91;7,35;;;
17/05/2026;;00000000009239;BANANA PROMOCAO BDJ;5,000;14,95;2,99;0,00;1,85;1,11;14,95;80,20;0,00;0,68;8,03;;;
17/05/2026;;00000000001557;BATATA DOCE KG;6,390;25,50;3,99;23,96;0,00;0,00;1,54;6,03;6,42;0,07;8,10;;;
17/05/2026;;00000000002494;BATATA LISA KG;121,500;934,35;7,69;291,87;0,00;0,00;642,48;68,76;220,13;29,03;37,13;;;
17/05/2026;;00000000004991;BATATA LISA PROMOCAO KG;2,072;5,16;2,49;0,00;0,00;0,00;5,16;100,00;0,00;0,23;37,36;;;
17/05/2026;;00000000010506;BERINJELA KG;4,075;27,67;6,79;15,40;0,00;0,00;12,27;44,33;79,63;0,55;37,92;;;
17/05/2026;;00000000004798;BETERRABA KG;9,180;54,07;5,89;40,48;0,00;0,00;13,59;25,13;33,56;0,61;38,53;;;
17/05/2026;;00000000012309;BROCOLIS UN;10,000;58,90;5,89;62,00;0,00;0,00;-3,10;-5,26;-5,00;-0,14;38,39;;;
17/05/2026;;00000000000471;CARTELA OVOS C/12;20,000;139,80;6,99;137,48;0,00;0,00;2,32;1,66;1,69;0,10;38,50;;;
17/05/2026;;00000000002495;CEBOLA GRAUDA KG;45,745;237,47;5,19;102,62;0,00;0,00;134,85;56,78;131,40;6,09;44,59;;;
17/05/2026;;00000000010508;CEBOLA MIUDA KG;5,840;26,23;4,49;13,05;0,00;0,00;13,18;50,25;101,00;0,60;45,19;;;
17/05/2026;;00000000010509;CEBOLA ROXA KG;3,415;22,86;6,69;14,02;0,00;0,00;8,84;38,67;63,04;0,40;45,58;;;
17/05/2026;;00000000004799;CENOURA KG;34,690;242,52;6,99;97,13;0,00;0,00;145,39;59,95;149,68;6,57;52,15;;;
17/05/2026;;00000000000258;CENOURA PROMOCAO KG;16,960;33,75;1,99;110,24;0,00;0,00;-76,49;-226,64;-69,38;-3,46;48,70;;;
17/05/2026;;00000000012307;CHEIRO VERDE UN.;46,000;114,54;2,49;70,00;0,00;0,00;44,54;38,89;63,63;2,01;50,71;;;
17/05/2026;;00000000004796;CHUCHU KG;4,965;17,84;3,59;27,18;0,00;0,00;-9,34;-52,37;-34,37;-0,42;50,29;;;
17/05/2026;;00000000010526;COCO SECO KG;6,935;33,20;4,79;22,56;6,70;0,00;10,64;11,85;47,16;0,48;50,77;;;
17/05/2026;;00000000012305;COENTRO UN.;75,000;186,75;2,49;127,50;0,00;0,00;59,25;31,73;46,47;2,68;53,45;;;
17/05/2026;;00000000012304;COUVE UN.;40,000;99,60;2,49;60,00;0,00;0,00;39,60;39,76;66,00;1,79;55,24;;;
17/05/2026;;00000000010514;GENGIBRE KG;0,465;6,88;14,80;2,84;0,00;0,64;4,04;49,45;142,16;0,18;55,42;;;
17/05/2026;;00000000012306;HORTELA UN;6,000;14,94;2,49;5,40;0,00;0,00;9,54;63,86;176,67;0,43;55,85;;;
17/05/2026;;00000000004804;INHAME KG;9,680;48,31;4,99;49,85;0,00;0,00;-1,54;-3,19;-3,09;-0,07;55,78;;;
17/05/2026;;00000000004803;JILO KG;10,600;84,69;7,99;56,07;0,00;0,00;28,62;33,79;51,03;1,29;57,07;;;
17/05/2026;;00000000010532;KIWI KG;2,605;65,10;24,99;43,82;0,00;0,00;21,28;32,69;48,58;0,96;58,03;;;
17/05/2026;;00000000004797;LARANJA PERA KG;18,085;64,91;3,59;40,87;0,00;0,00;24,04;37,03;58,81;1,09;59,12;;;
17/05/2026;;00000000002498;LIMAO KG;15,425;49,24;3,19;30,17;0,00;0,00;19,07;38,73;63,22;0,86;59,98;;;
17/05/2026;;00000000012312;LOURO UN.;4,000;9,96;2,49;4,80;0,00;0,00;5,16;51,81;107,50;0,23;60,22;;;
17/05/2026;;00000000010530;MACA  ARGENTINA KG;1,555;29,53;18,99;17,83;0,00;0,00;11,69;39,60;65,57;0,53;60,74;;;
17/05/2026;;00000000010531;MACA FUJI KG;2,050;28,68;13,99;27,41;0,00;0,00;1,27;4,43;4,64;0,06;60,80;;;
17/05/2026;;00000000010627;MACA GALA KG;18,110;162,84;8,99;176,75;0,00;0,00;-13,91;-8,54;-7,87;-0,63;60,17;;;
17/05/2026;;00000000002137;MACA GALA SC 850GR;20,000;99,80;4,99;38,80;0,00;0,00;61,00;61,12;157,22;2,76;62,93;;;
17/05/2026;;00000000010529;MACA VERDE KG;0,660;11,21;16,98;7,70;0,00;0,00;3,51;31,29;45,54;0,16;63,09;;;
17/05/2026;;00000000005062;MAMAO PAPAIA UN.;5,000;22,45;4,49;11,45;0,00;0,00;11,00;49,00;96,07;0,50;63,58;;;
17/05/2026;;00000000010525;MANGA PALMER KG;20,405;122,19;5,99;105,41;0,00;0,00;16,78;13,73;15,92;0,76;64,34;;;
17/05/2026;;00000000010522;MARACUJA KG;23,310;162,94;6,99;157,43;0,00;0,00;5,51;3,38;3,50;0,25;64,59;;;
17/05/2026;;00000000010521;MELAO COMUM KG;4,480;23,25;5,19;12,72;0,00;0,00;10,53;45,28;82,74;0,48;65,07;;;
17/05/2026;;00000000004405;MOSTARDA UN;13,000;32,37;2,49;19,10;0,00;0,00;13,27;40,99;69,48;0,60;65,67;;;
17/05/2026;;00000000007432;OVOS CAIPIRA C/12;5,000;64,95;12,99;50,00;0,00;0,00;14,95;23,02;29,90;0,68;66,34;;;
17/05/2026;;00000000008064;OVOS CARTELA COM 20;24,000;287,76;11,99;30,00;0,00;0,00;257,76;89,57;859,20;11,65;77,99;;;
17/05/2026;;00000000002519;OVOS CARTELA COM 30;23,000;420,67;18,29;270,66;0,00;0,00;150,01;35,66;55,42;6,78;84,77;;;
17/05/2026;;00000000010512;PEPINO JAPONES KG;5,850;29,20;4,99;23,78;0,00;0,00;5,42;18,55;22,78;0,24;85,01;;;
17/05/2026;;00000000010513;PEPINO KG;3,210;15,70;4,89;17,30;0,00;0,00;-1,60;-10,20;-9,26;-0,07;84,94;;;
17/05/2026;;00000000007660;PERA WILLIAM KG;4,335;43,31;9,99;53,32;0,00;0,00;-10,01;-23,11;-18,77;-0,45;84,49;;;
17/05/2026;;00000000002502;PIMENTAO KG;17,880;130,35;7,29;82,26;0,00;0,00;48,09;36,89;58,46;2,17;86,66;;;
17/05/2026;;00000000011757;PIMENTAO VERMELHO E AMARELO KG;1,885;26,39;14,00;8,03;0,00;0,00;18,36;69,57;228,64;0,83;87,49;;;
17/05/2026;;00000000010507;QUIABO KG;20,204;161,41;7,99;121,84;0,00;0,00;39,57;24,52;32,48;1,79;89,28;;;
17/05/2026;;00000000010510;REPOLHO KG;5,575;28,94;5,19;14,38;0,00;0,00;14,56;50,32;101,28;0,66;89,94;;;
17/05/2026;;00000000007308;SALSA G;1,000;0,99;0,99;3,50;0,00;0,00;-2,51;-253,54;-71,71;-0,11;89,82;;;
17/05/2026;;00000000012320;SALSINHA UN;32,000;79,68;2,49;50,00;0,00;0,00;29,68;37,25;59,36;1,34;91,17;;;
17/05/2026;;00000000011761;TANGERINA POKAN KG;18,625;74,30;3,99;79,16;0,00;0,00;-4,86;-6,54;-6,14;-0,22;90,95;;;
17/05/2026;;00000000002497;TOMATE CARMEM KG;37,510;269,69;7,19;202,72;0,00;0,00;66,97;24,83;33,04;3,03;93,97;;;
17/05/2026;;00000000002474;TOMATE GRAPE 180G UN.;1,000;6,49;6,49;5,00;0,00;0,00;1,49;22,96;29,80;0,07;94,04;;;
17/05/2026;;00000000010772;TOMATE ITALIANO KG;39,875;290,69;7,29;199,78;0,00;0,00;90,91;31,28;45,51;4,11;98,15;;;
17/05/2026;;00000000019191;UVA PRETA S/ CAROCO BDJ 500G;12,000;71,88;5,99;62,40;0,00;0,00;9,48;13,19;15,19;0,43;98,58;;;
17/05/2026;;00000000019308;UVA VERDE S/ CAROCO BDJ 500G;8,000;85,52;10,69;54,00;0,00;0,00;31,52;36,86;58,37;1,42;100,00;;;
18/05/2026;;00000000010523;ABACATE KG;0,495;2,17;4,38;3,00;0,00;0,00;-0,83;-38,24;-27,66;-0,04;-0,04;;;
18/05/2026;;00000000004802;ABACAXI GRANDE UN.;8,000;63,92;7,99;45,00;0,00;0,00;18,92;29,60;42,04;0,87;0,83;;;
18/05/2026;;00000000004793;ABOBORA SERGIPANA KG;13,254;66,14;4,99;46,13;0,00;0,00;20,01;30,25;43,38;0,92;1,76;;;
18/05/2026;;00000000010505;ABOBRINHA KG;8,690;27,72;3,19;25,79;0,00;0,00;1,93;6,95;7,47;0,09;1,84;;;
18/05/2026;;00000000012303;AGRIAO UN.;11,000;27,39;2,49;13,20;0,00;0,00;14,19;51,81;107,50;0,65;2,50;;;
18/05/2026;;00000000012302;ALFACE CRESPA UN.;68,000;135,32;1,99;138,12;0,00;0,00;-2,80;-2,07;-2,03;-0,13;2,37;;;
18/05/2026;;00000000012313;ALFACE LISA UN.;12,000;29,88;2,49;18,00;0,00;0,00;11,88;39,76;66,00;0,55;2,92;;;
18/05/2026;;00000000002496;ALHO KG;12,145;218,58;18,00;107,83;15,30;0,00;110,75;43,67;102,71;5,10;8,02;;;
18/05/2026;;00000000002456;BANANA DA TERRA KG;5,980;31,03;5,19;34,38;0,00;0,00;-3,35;-10,81;-9,76;-0,15;7,87;;;
18/05/2026;;00000000010518;BANANA DAGUA KG;2,385;9,52;3,99;6,37;0,00;0,00;3,15;33,11;49,50;0,15;8,01;;;
18/05/2026;;00000000004801;BANANA PRATA KG;41,230;205,74;4,99;170,37;0,00;0,00;35,37;17,19;20,76;1,63;9,64;;;
18/05/2026;;00000000001557;BATATA DOCE KG;5,790;23,10;3,99;21,71;0,00;0,00;1,39;6,01;6,39;0,06;9,71;;;
18/05/2026;;00000000002494;BATATA LISA KG;93,865;728,62;7,76;195,47;0,00;0,00;533,15;73,17;272,76;24,57;34,27;;;
18/05/2026;;00000000010506;BERINJELA KG;0,925;6,28;6,79;3,50;0,00;0,00;2,78;44,32;79,61;0,13;34,40;;;
18/05/2026;;00000000004798;BETERRABA KG;6,940;40,84;5,88;30,61;0,00;0,00;10,23;25,06;33,44;0,47;34,87;;;
18/05/2026;;00000000012309;BROCOLIS UN;5,000;28,95;5,79;31,00;0,00;0,00;-2,05;-7,08;-6,61;-0,09;34,78;;;
18/05/2026;;00000000000471;CARTELA OVOS C/12;26,000;181,74;6,99;168,74;0,00;0,00;13,00;7,15;7,70;0,60;35,38;;;
18/05/2026;;00000000002495;CEBOLA GRAUDA KG;41,625;215,94;5,19;82,12;0,00;0,00;133,82;61,97;162,94;6,17;41,55;;;
18/05/2026;;00000000010508;CEBOLA MIUDA KG;3,580;16,08;4,49;7,16;0,00;0,00;8,92;55,47;124,58;0,41;41,96;;;
18/05/2026;;00000000010509;CEBOLA ROXA KG;5,307;35,41;6,67;21,62;0,00;0,00;13,79;38,95;63,81;0,64;42,59;;;
18/05/2026;;00000000004799;CENOURA KG;46,485;324,89;6,99;130,94;0,00;0,00;193,95;59,70;148,13;8,94;51,53;;;
18/05/2026;;00000000012307;CHEIRO VERDE UN.;50,000;124,50;2,49;75,60;0,00;0,00;48,90;39,28;64,68;2,25;53,78;;;
18/05/2026;;00000000004796;CHUCHU KG;5,030;18,07;3,59;29,16;0,00;0,00;-11,09;-61,40;-38,04;-0,51;53,27;;;
18/05/2026;;00000000010526;COCO SECO KG;2,660;12,72;4,78;8,67;2,54;0,00;4,05;11,83;46,69;0,19;53,46;;;
18/05/2026;;00000000012305;COENTRO UN.;67,000;166,83;2,49;113,90;0,00;0,00;52,93;31,73;46,47;2,44;55,90;;;
18/05/2026;;00000000012304;COUVE UN.;41,000;102,09;2,49;61,50;0,00;0,00;40,59;39,76;66,00;1,87;57,77;;;
18/05/2026;;00000000010514;GENGIBRE KG;1,060;15,68;14,79;6,48;0,00;1,45;9,20;49,45;142,10;0,42;58,19;;;
18/05/2026;;00000000012306;HORTELA UN;13,000;32,37;2,49;11,70;0,00;0,00;20,67;63,86;176,67;0,95;59,14;;;
18/05/2026;;00000000004804;INHAME KG;8,625;43,01;4,99;43,41;0,00;0,00;-0,40;-0,94;-0,93;-0,02;59,13;;;
18/05/2026;;00000000004803;JILO KG;5,055;40,39;7,99;26,74;0,00;0,00;13,65;33,79;51,04;0,63;59,76;;;
18/05/2026;;00000000010532;KIWI KG;0,470;11,74;24,98;7,91;0,00;0,00;3,83;32,66;48,51;0,18;59,93;;;
18/05/2026;;00000000004797;LARANJA PERA KG;8,475;30,42;3,59;19,68;0,00;0,00;10,74;35,31;54,59;0,50;60,43;;;
18/05/2026;;00000000002498;LIMAO KG;24,020;76,64;3,19;47,94;0,00;0,00;28,70;37,45;59,87;1,32;61,75;;;
18/05/2026;;00000000012312;LOURO UN.;6,000;14,94;2,49;7,20;0,00;0,00;7,74;51,81;107,50;0,36;62,11;;;
18/05/2026;;00000000010530;MACA  ARGENTINA KG;1,525;28,96;18,99;17,75;0,00;0,00;11,21;38,71;63,15;0,52;62,62;;;
18/05/2026;;00000000010531;MACA FUJI KG;0,655;9,16;13,98;8,76;0,00;0,00;0,40;4,40;4,60;0,02;62,64;;;
18/05/2026;;00000000010627;MACA GALA KG;10,860;97,65;8,99;102,61;0,00;0,00;-4,96;-5,08;-4,83;-0,23;62,41;;;
18/05/2026;;00000000002137;MACA GALA SC 850GR;19,000;94,81;4,99;40,90;0,00;0,00;53,91;56,86;131,81;2,48;64,90;;;
18/05/2026;;00000000005062;MAMAO PAPAIA UN.;5,000;22,45;4,49;11,45;0,00;0,00;11,00;49,00;96,07;0,51;65,40;;;
18/05/2026;;00000000010525;MANGA PALMER KG;12,885;77,16;5,99;68,16;0,00;0,00;9,00;11,66;13,20;0,41;65,82;;;
18/05/2026;;00000000010522;MARACUJA KG;33,280;232,43;6,98;225,64;0,00;0,00;6,79;2,92;3,01;0,31;66,13;;;
18/05/2026;;00000000010521;MELAO COMUM KG;1,550;8,04;5,19;4,40;0,00;0,00;3,64;45,25;82,64;0,17;66,30;;;
18/05/2026;;00000000004405;MOSTARDA UN;15,000;37,35;2,49;22,50;0,00;0,00;14,85;39,76;66,00;0,68;66,98;;;
18/05/2026;;00000000011612;MOUSSE DE LIMAO DA CASA P;1,000;3,99;3,99;0,00;0,00;0,00;3,99;100,00;0,00;0,18;67,17;;;
18/05/2026;;00000000008283;OVOS CAIPIRA  CARTELA COM 30;1,000;12,49;12,49;0,00;0,00;0,00;12,49;100,00;0,00;0,58;67,74;;;
18/05/2026;;00000000007432;OVOS CAIPIRA C/12;3,000;38,97;12,99;30,00;0,00;0,00;8,97;23,02;29,90;0,41;68,16;;;
18/05/2026;;00000000008064;OVOS CARTELA COM 20;11,000;131,89;11,99;0,00;0,00;0,00;131,89;100,00;0,00;6,08;74,23;;;
18/05/2026;;00000000002519;OVOS CARTELA COM 30;32,000;585,28;18,29;371,08;0,00;0,00;214,20;36,60;57,72;9,87;84,10;;;
18/05/2026;;00000000010512;PEPINO JAPONES KG;2,715;13,55;4,99;11,01;0,00;0,00;2,54;18,73;23,04;0,12;84,22;;;
18/05/2026;;00000000010513;PEPINO KG;7,885;38,53;4,89;42,50;0,00;0,00;-3,97;-10,30;-9,34;-0,18;84,04;;;
18/05/2026;;00000000007660;PERA WILLIAM KG;3,275;32,72;9,99;40,28;0,00;0,00;-7,56;-23,11;-18,77;-0,35;83,69;;;
18/05/2026;;00000000002502;PIMENTAO KG;12,220;89,09;7,29;54,85;0,00;0,00;34,24;38,44;62,43;1,58;85,27;;;
18/05/2026;;00000000011757;PIMENTAO VERMELHO E AMARELO KG;0,385;5,39;14,00;1,64;0,00;0,00;3,75;69,57;228,64;0,17;85,44;;;
18/05/2026;;00000000010507;QUIABO KG;8,856;70,75;7,99;57,26;0,00;0,00;13,49;19,07;23,56;0,62;86,06;;;
18/05/2026;;00000000010510;REPOLHO KG;7,945;41,22;5,19;16,05;0,00;0,00;25,17;61,06;156,78;1,16;87,22;;;
18/05/2026;;00000000010511;REPOLHO ROXO KG;1,785;16,05;8,99;5,02;0,00;0,00;11,03;68,75;219,99;0,51;87,73;;;
18/05/2026;;00000000012320;SALSINHA UN;29,000;72,21;2,49;43,70;0,00;0,00;28,51;39,48;65,24;1,31;89,04;;;
18/05/2026;;00000000012204;SANDUICHE DE PATE DA CASA;2,000;13,98;6,99;0,00;0,00;0,00;13,98;100,00;0,00;0,64;89,69;;;
18/05/2026;;00000000011761;TANGERINA POKAN KG;34,850;139,05;3,99;139,87;0,00;0,00;-0,82;-0,59;-0,59;-0,04;89,65;;;
18/05/2026;;00000000002497;TOMATE CARMEM KG;27,933;200,80;7,19;146,64;0,00;0,00;54,16;26,97;36,93;2,50;92,15;;;
18/05/2026;;00000000002429;TOMATE CEREJA UN.;1,000;4,99;4,99;4,58;0,00;0,00;0,41;8,22;8,95;0,02;92,17;;;
18/05/2026;;00000000002474;TOMATE GRAPE 180G UN.;5,000;32,45;6,49;25,00;0,00;0,00;7,45;22,96;29,80;0,34;92,51;;;
18/05/2026;;00000000010772;TOMATE ITALIANO KG;38,665;281,70;7,29;178,48;0,00;0,00;103,22;36,64;57,83;4,76;97,27;;;
18/05/2026;;00000000019191;UVA PRETA S/ CAROCO BDJ 500G;14,000;83,86;5,99;72,80;0,00;0,00;11,06;13,19;15,19;0,51;97,78;;;
18/05/2026;;00000000019308;UVA VERDE S/ CAROCO BDJ 500G;12,000;128,28;10,69;80,00;0,00;0,00;48,28;37,64;60,35;2,22;100,00;;;
19/05/2026;;00000000010523;ABACATE KG;12,380;44,43;3,59;45,00;0,00;0,00;-0,57;-1,29;-1,27;-0,02;-0,02;;;
19/05/2026;;00000000004802;ABACAXI GRANDE UN.;5,000;39,95;7,99;36,50;0,00;0,00;3,45;8,64;9,45;0,15;0,12;;;
19/05/2026;;00000000004793;ABOBORA SERGIPANA KG;19,499;97,29;4,99;68,25;0,00;0,00;29,04;29,85;42,56;1,23;1,35;;;
19/05/2026;;00000000010505;ABOBRINHA KG;20,740;65,54;3,16;64,54;0,00;0,00;1,00;1,52;1,54;0,04;1,39;;;
19/05/2026;;00000000012303;AGRIAO UN.;31,000;48,94;1,58;31,80;0,00;0,00;17,14;35,02;53,90;0,72;2,12;;;
19/05/2026;;00000000011048;AIPIM KG;26,690;79,45;2,98;48,51;0,00;0,00;30,94;38,94;63,79;1,31;3,42;;;
19/05/2026;;00000000012302;ALFACE CRESPA UN.;89,000;135,63;1,52;113,43;0,00;0,00;22,20;16,37;19,57;0,94;4,36;;;
19/05/2026;;00000000002496;ALHO KG;18,835;283,36;15,04;169,20;19,81;0,00;114,16;33,30;67,48;4,83;9,19;;;
19/05/2026;;00000000002456;BANANA DA TERRA KG;6,055;31,42;5,19;34,82;0,00;0,00;-3,40;-10,81;-9,75;-0,14;9,04;;;
19/05/2026;;00000000010518;BANANA DAGUA KG;40,840;154,79;3,79;145,23;0,00;0,00;9,56;6,17;6,58;0,40;9,45;;;
19/05/2026;;00000000004801;BANANA PRATA KG;83,510;375,77;4,50;434,25;0,00;0,00;-58,48;-15,56;-13,47;-2,47;6,98;;;
19/05/2026;;00000000009239;BANANA PROMOCAO BDJ;6,000;17,94;2,99;0,00;2,15;1,66;17,94;78,75;0,00;0,76;7,73;;;
19/05/2026;;00000000001557;BATATA DOCE KG;13,125;61,56;4,69;47,43;0,00;0,00;14,13;22,96;29,80;0,60;8,33;;;
19/05/2026;;00000000002494;BATATA LISA KG;147,335;1147,75;7,79;887,88;0,00;0,00;259,87;22,64;29,27;10,98;19,31;;;
19/05/2026;;00000000010506;BERINJELA KG;5,810;39,46;6,79;30,88;0,00;0,00;8,58;21,75;27,80;0,36;19,68;;;
19/05/2026;;00000000004798;BETERRABA KG;7,450;43,88;5,89;32,85;0,00;0,00;11,03;25,13;33,56;0,47;20,14;;;
19/05/2026;;00000000012309;BROCOLIS UN;46,000;301,34;6,55;254,50;0,00;0,00;46,84;15,54;18,40;1,98;22,12;;;
19/05/2026;;00000000000471;CARTELA OVOS C/12;12,000;83,88;6,99;75,00;0,00;0,00;8,88;10,59;11,84;0,38;22,50;;;
19/05/2026;;00000000002495;CEBOLA GRAUDA KG;65,230;337,39;5,17;242,76;0,00;0,00;94,63;28,05;38,98;4,00;26,50;;;
19/05/2026;;00000000010508;CEBOLA MIUDA KG;9,150;41,11;4,49;18,30;0,00;0,00;22,81;55,49;124,64;0,96;27,46;;;
19/05/2026;;00000000010509;CEBOLA ROXA KG;5,510;36,87;6,69;28,65;0,00;0,00;8,22;22,29;28,69;0,35;27,81;;;
19/05/2026;;00000000004799;CENOURA KG;65,105;455,12;6,99;387,03;0,00;0,00;68,09;14,96;17,59;2,88;30,69;;;
19/05/2026;;00000000000258;CENOURA PROMOCAO KG;1,552;3,09;1,99;10,09;0,00;0,00;-7,00;-226,47;-69,37;-0,30;30,39;;;
19/05/2026;;00000000012307;CHEIRO VERDE UN.;41,000;64,09;1,56;58,30;0,00;0,00;5,79;9,03;9,93;0,24;30,64;;;
19/05/2026;;00000000004796;CHUCHU KG;20,345;73,04;3,59;64,63;0,00;0,00;8,41;11,52;13,02;0,36;30,99;;;
19/05/2026;;00000000010526;COCO SECO KG;4,710;22,56;4,79;15,15;4,51;0,00;7,41;12,84;48,91;0,31;31,31;;;
19/05/2026;;00000000012305;COENTRO UN.;82,000;202,91;2,47;133,00;0,00;0,00;69,91;34,45;52,56;2,95;34,26;;;
19/05/2026;;00000000012304;COUVE UN.;70,000;127,41;1,82;93,00;0,00;0,00;34,41;27,01;37,00;1,45;35,71;;;
19/05/2026;;00000000010514;GENGIBRE KG;0,705;10,42;14,78;4,31;0,00;0,95;6,11;49,54;141,85;0,26;35,97;;;
19/05/2026;;00000000012306;HORTELA UN;9,000;22,41;2,49;7,10;0,00;0,00;15,31;68,32;215,63;0,65;36,62;;;
19/05/2026;;00000000004804;INHAME KG;21,875;103,32;4,72;84,07;0,00;0,00;19,25;18,63;22,89;0,81;37,43;;;
19/05/2026;;00000000004803;JILO KG;10,720;85,72;8,00;56,71;0,00;0,00;29,01;33,84;51,16;1,23;38,66;;;
19/05/2026;;00000000010532;KIWI KG;1,495;37,36;24,99;25,15;0,00;0,00;12,21;32,69;48,57;0,52;39,18;;;
19/05/2026;;00000000005372;LARANJA CX FECHADA;2,000;149,98;74,99;0,00;0,00;0,00;149,98;100,00;0,00;6,34;45,51;;;
19/05/2026;;00000000004797;LARANJA PERA KG;70,510;212,39;3,01;168,23;0,00;0,00;44,16;20,79;26,25;1,87;47,38;;;
19/05/2026;;00000000002498;LIMAO KG;37,419;119,39;3,19;94,77;0,00;0,00;24,62;20,63;25,99;1,04;48,42;;;
19/05/2026;;00000000012312;LOURO UN.;3,000;7,47;2,49;3,60;0,00;0,00;3,87;51,81;107,50;0,16;48,59;;;
19/05/2026;;00000000010530;MACA  ARGENTINA KG;0,755;14,34;18,99;8,79;0,00;0,00;5,55;38,72;63,17;0,23;48,82;;;
19/05/2026;;00000000010531;MACA FUJI KG;0,730;10,21;13,99;9,76;0,00;0,00;0,45;4,41;4,61;0,02;48,84;;;
19/05/2026;;00000000010627;MACA GALA KG;6,805;61,19;8,99;51,21;0,00;0,00;9,98;16,30;19,48;0,42;49,26;;;
19/05/2026;;00000000002137;MACA GALA SC 850GR;45,000;224,55;4,99;178,31;0,00;0,00;46,24;20,59;25,93;1,95;51,21;;;
19/05/2026;;00000000010529;MACA VERDE KG;0,230;3,91;17,00;2,68;0,00;0,00;1,23;31,35;45,67;0,05;51,27;;;
19/05/2026;;00000000007657;MAMAO FORMOSA KG;4,300;25,76;5,99;12,90;0,00;0,00;12,86;49,92;99,69;0,54;51,81;;;
19/05/2026;;00000000005062;MAMAO PAPAIA UN.;16,000;71,84;4,49;51,85;0,00;0,00;19,99;27,83;38,55;0,84;52,66;;;
19/05/2026;;00000000010525;MANGA PALMER KG;19,890;113,15;5,69;93,18;0,00;0,00;19,97;17,65;21,43;0,84;53,50;;;
19/05/2026;;00000000010522;MARACUJA KG;27,565;192,36;6,98;162,23;0,00;0,00;30,13;15,66;18,57;1,27;54,77;;;
19/05/2026;;00000000010521;MELAO COMUM KG;1,685;8,75;5,19;6,81;0,00;0,00;1,94;22,20;28,54;0,08;54,85;;;
19/05/2026;;00000000009982;MELAO UNID;1,000;4,49;4,49;0,00;0,00;0,00;4,49;100,00;0,00;0,19;55,04;;;
19/05/2026;;00000000004405;MOSTARDA UN;40,000;60,95;1,52;50,40;0,00;0,00;10,55;17,31;20,93;0,45;55,49;;;
19/05/2026;;00000000011609;MOUSSE DE MARACUJA DA CASA P;1,000;3,99;3,99;0,00;0,00;0,00;3,99;100,00;0,00;0,17;55,66;;;
19/05/2026;;00000000007432;OVOS CAIPIRA C/12;3,000;38,97;12,99;30,00;0,00;0,00;8,97;23,02;29,90;0,38;56,04;;;
19/05/2026;;00000000008064;OVOS CARTELA COM 20;42,000;503,58;11,99;0,00;0,00;0,00;503,58;100,00;0,00;21,28;77,32;;;
19/05/2026;;00000000002519;OVOS CARTELA COM 30;64,000;1091,26;17,05;858,33;0,00;0,00;232,93;21,35;27,14;9,84;87,17;;;
19/05/2026;;00000000010512;PEPINO JAPONES KG;5,145;25,70;5,00;22,63;0,00;0,00;3,07;11,93;13,54;0,13;87,30;;;
19/05/2026;;00000000010513;PEPINO KG;9,025;44,15;4,89;38,59;0,00;0,00;5,56;12,58;14,39;0,23;87,53;;;
19/05/2026;;00000000007660;PERA WILLIAM KG;6,190;61,85;9,99;52,40;0,00;0,00;9,45;15,28;18,04;0,40;87,93;;;
19/05/2026;;00000000002502;PIMENTAO KG;20,890;151,72;7,26;101,00;0,00;0,00;50,72;33,43;50,22;2,14;90,07;;;
19/05/2026;;00000000011757;PIMENTAO VERMELHO E AMARELO KG;1,130;15,82;14,00;8,54;0,00;0,00;7,28;46,00;85,19;0,31;90,38;;;
19/05/2026;;00000000010507;QUIABO KG;35,661;284,93;7,99;296,17;0,00;0,00;-11,24;-3,95;-3,80;-0,48;89,91;;;
19/05/2026;;00000000010510;REPOLHO KG;9,610;49,32;5,13;31,10;0,00;0,00;18,22;36,95;58,60;0,77;90,68;;;
19/05/2026;;00000000010511;REPOLHO ROXO KG;0,550;4,94;8,98;2,05;0,00;0,00;2,89;58,58;141,45;0,12;90,80;;;
19/05/2026;;00000000007308;SALSA G;11,000;10,89;0,99;38,50;0,00;0,00;-27,61;-253,54;-71,71;-1,17;89,63;;;
19/05/2026;;00000000012320;SALSINHA UN;27,000;67,15;2,49;38,50;0,00;0,00;28,65;42,67;74,42;1,21;90,84;;;
19/05/2026;;00000000011761;TANGERINA POKAN KG;71,755;286,36;3,99;223,52;0,00;0,00;62,84;21,95;28,12;2,66;93,50;;;
19/05/2026;;00000000002497;TOMATE CARMEM KG;39,585;284,65;7,19;258,22;0,00;0,00;26,43;9,29;10,24;1,12;94,62;;;
19/05/2026;;00000000002429;TOMATE CEREJA UN.;1,000;4,99;4,99;4,58;0,00;0,00;0,41;8,22;8,95;0,02;94,63;;;
19/05/2026;;00000000002474;TOMATE GRAPE 180G UN.;2,000;12,98;6,49;10,84;0,00;0,00;2,14;16,49;19,74;0,09;94,72;;;
19/05/2026;;00000000010772;TOMATE ITALIANO KG;57,450;418,78;7,29;353,21;0,00;0,00;65,57;15,66;18,56;2,77;97,50;;;
19/05/2026;;00000000019191;UVA PRETA S/ CAROCO BDJ 500G;30,000;179,70;5,99;163,80;0,00;0,00;15,90;8,85;9,71;0,67;98,17;;;
19/05/2026;;00000000019308;UVA VERDE S/ CAROCO BDJ 500G;15,000;160,35;10,69;117,00;0,00;0,00;43,35;27,03;37,05;1,83;100,00;;;
20/05/2026;;00000000010523;ABACATE KG;8,335;31,79;3,81;22,67;0,00;0,00;9,12;28,68;40,22;0,55;0,55;;;
20/05/2026;;00000000004793;ABOBORA SERGIPANA KG;25,907;129,29;4,99;89,10;0,00;0,00;40,19;31,08;45,10;2,43;2,98;;;
20/05/2026;;00000000010505;ABOBRINHA KG;24,465;78,04;3,19;77,17;0,00;0,00;0,87;1,12;1,13;0,05;3,04;;;
20/05/2026;;00000000012303;AGRIAO UN.;28,000;41,72;1,49;27,00;0,00;0,00;14,72;35,28;54,52;0,89;3,93;;;
20/05/2026;;00000000011048;AIPIM KG;48,720;145,68;2,99;83,31;0,00;0,00;62,37;42,81;74,86;3,77;7,70;;;
20/05/2026;;00000000012302;ALFACE CRESPA UN.;70,000;104,30;1,49;72,75;0,00;0,00;31,55;30,25;43,37;1,91;9,61;;;
20/05/2026;;00000000002496;ALHO KG;16,405;273,61;16,68;147,53;19,14;0,00;126,08;39,09;85,47;7,63;17,24;;;
20/05/2026;;00000000004887;AMEIXA FRESCA KG;0,260;5,20;20,00;1,76;0,00;0,00;3,44;66,10;194,99;0,21;17,44;;;
20/05/2026;;00000000010518;BANANA DAGUA KG;15,755;60,66;3,85;57,35;0,00;0,00;3,31;5,46;5,77;0,20;17,64;;;
20/05/2026;;00000000004801;BANANA PRATA KG;78,675;381,86;4,85;437,05;0,00;0,00;-55,19;-14,45;-12,63;-3,34;14,30;;;
20/05/2026;;00000000001557;BATATA DOCE KG;19,245;90,24;4,69;68,80;0,00;0,00;21,44;23,76;31,16;1,30;15,60;;;
20/05/2026;;00000000002494;BATATA LISA KG;144,485;1151,42;7,97;943,33;0,00;0,00;208,09;18,07;22,06;12,59;28,19;;;
20/05/2026;;00000000010506;BERINJELA KG;2,445;16,60;6,79;14,72;0,00;0,00;1,88;11,33;12,78;0,11;28,30;;;
20/05/2026;;00000000004798;BETERRABA KG;6,155;30,72;4,99;27,14;0,00;0,00;3,58;11,64;13,18;0,22;28,52;;;
20/05/2026;;00000000012309;BROCOLIS UN;6,000;39,54;6,59;33,00;0,00;0,00;6,54;16,54;19,82;0,40;28,92;;;
20/05/2026;;00000000010691;CAQUI BANDEJA;1,000;4,99;4,99;0,00;0,00;0,00;4,99;100,00;0,00;0,30;29,22;;;
20/05/2026;;00000000000471;CARTELA OVOS C/12;15,000;104,85;6,99;95,83;0,00;0,00;9,02;8,60;9,41;0,55;29,76;;;
20/05/2026;;00000000002495;CEBOLA GRAUDA KG;59,655;309,64;5,19;254,93;0,00;0,00;54,71;17,67;21,46;3,31;33,07;;;
20/05/2026;;00000000010508;CEBOLA MIUDA KG;6,670;29,95;4,49;13,34;0,00;0,00;16,61;55,46;124,51;1,00;34,08;;;
20/05/2026;;00000000010509;CEBOLA ROXA KG;2,905;19,43;6,69;15,43;0,00;0,00;4,00;20,61;25,96;0,24;34,32;;;
20/05/2026;;00000000004799;CENOURA KG;55,590;388,61;6,99;361,27;0,00;0,00;27,34;7,04;7,57;1,65;35,97;;;
20/05/2026;;00000000012307;CHEIRO VERDE UN.;43,000;64,07;1,49;60,70;0,00;0,00;3,37;5,26;5,55;0,20;36,18;;;
20/05/2026;;00000000004796;CHUCHU KG;18,235;65,47;3,59;40,49;0,00;0,00;24,98;38,16;61,71;1,51;37,69;;;
20/05/2026;;00000000010526;COCO SECO KG;13,765;65,94;4,79;44,28;13,26;0,00;21,66;12,74;48,92;1,31;39,00;;;
20/05/2026;;00000000012305;COENTRO UN.;82,000;127,18;1,55;124,60;0,00;0,00;2,58;2,03;2,07;0,16;39,16;;;
20/05/2026;;00000000012304;COUVE UN.;57,000;84,93;1,49;59,00;0,00;0,00;25,93;30,53;43,95;1,57;40,72;;;
20/05/2026;;00000000010514;GENGIBRE KG;0,615;9,09;14,78;3,77;0,00;0,68;5,32;51,03;141,24;0,32;41,05;;;
20/05/2026;;00000000012306;HORTELA UN;7,000;11,43;1,63;5,10;0,00;0,00;6,33;55,38;124,12;0,38;41,43;;;
20/05/2026;;00000000004804;INHAME KG;20,810;97,61;4,69;72,22;0,00;0,00;25,39;26,01;35,15;1,54;42,97;;;
20/05/2026;;00000000004803;JILO KG;5,565;44,50;8,00;29,44;0,00;0,00;15,06;33,85;51,16;0,91;43,88;;;
20/05/2026;;00000000010532;KIWI KG;1,465;36,61;24,99;24,64;0,00;0,00;11,97;32,69;48,57;0,72;44,60;;;
20/05/2026;;00000000007658;LARANJA BAHIA KG;0,440;3,96;9,00;5,31;0,00;0,00;-1,35;-34,00;-25,37;-0,08;44,52;;;
20/05/2026;;00000000004797;LARANJA PERA KG;47,210;161,58;3,42;118,47;0,00;0,00;43,11;26,68;36,39;2,61;47,13;;;
20/05/2026;;00000000002498;LIMAO KG;35,235;112,40;3,19;89,31;0,00;0,00;23,09;20,54;25,85;1,40;48,52;;;
20/05/2026;;00000000012312;LOURO UN.;7,000;12,43;1,78;8,40;0,00;0,00;4,03;32,42;47,98;0,24;48,77;;;
20/05/2026;;00000000010530;MACA  ARGENTINA KG;1,110;21,07;18,98;12,92;0,00;0,00;8,15;38,68;63,08;0,49;49,26;;;
20/05/2026;;00000000010531;MACA FUJI KG;0,840;11,75;13,99;11,23;0,00;0,00;0,52;4,42;4,62;0,03;49,29;;;
20/05/2026;;00000000010627;MACA GALA KG;12,850;115,51;8,99;90,45;0,00;0,00;25,06;21,70;27,71;1,52;50,81;;;
20/05/2026;;00000000002137;MACA GALA SC 850GR;34,000;169,66;4,99;141,78;0,00;0,00;27,88;16,43;19,66;1,69;52,49;;;
20/05/2026;;00000000010529;MACA VERDE KG;1,480;25,15;16,99;17,27;0,00;0,00;7,88;31,33;45,61;0,48;52,97;;;
20/05/2026;;00000000007657;MAMAO FORMOSA KG;1,920;11,50;5,99;5,76;0,00;0,00;5,74;49,91;99,65;0,35;53,32;;;
20/05/2026;;00000000005062;MAMAO PAPAIA UN.;17,000;76,33;4,49;58,82;0,00;0,00;17,51;22,94;29,77;1,06;54,38;;;
20/05/2026;;00000000010525;MANGA PALMER KG;25,190;147,31;5,85;115,74;0,00;0,00;31,57;21,43;27,28;1,91;56,29;;;
20/05/2026;;00000000010522;MARACUJA KG;22,965;160,52;6,99;138,47;0,00;0,00;22,05;13,74;15,93;1,33;57,62;;;
20/05/2026;;00000000010521;MELAO COMUM KG;6,205;32,21;5,19;25,07;0,00;0,00;7,14;22,17;28,49;0,43;58,05;;;
20/05/2026;;00000000010684;MORANGO BANDEJA UN.;20,000;139,80;6,99;78,75;0,00;0,00;61,05;43,67;77,52;3,69;61,75;;;
20/05/2026;;00000000004405;MOSTARDA UN;28,000;41,72;1,49;32,00;0,00;0,00;9,72;23,30;30,38;0,59;62,34;;;
20/05/2026;;00000000011612;MOUSSE DE LIMAO DA CASA P;1,000;3,99;3,99;0,00;0,00;0,00;3,99;100,00;0,00;0,24;62,58;;;
20/05/2026;;00000000011609;MOUSSE DE MARACUJA DA CASA P;2,000;7,98;3,99;0,00;0,00;0,00;7,98;100,00;0,00;0,48;63,06;;;
20/05/2026;;00000000007432;OVOS CAIPIRA C/12;1,000;12,99;12,99;10,00;0,00;0,00;2,99;23,02;29,90;0,18;63,24;;;
20/05/2026;;00000000008064;OVOS CARTELA COM 20;18,000;215,82;11,99;10,00;0,00;0,00;205,82;95,37;2058,20;12,45;75,69;;;
20/05/2026;;00000000002519;OVOS CARTELA COM 30;51,000;866,49;16,99;702,91;0,00;0,00;163,58;18,88;23,27;9,90;85,59;;;
20/05/2026;;00000000010512;PEPINO JAPONES KG;4,635;23,14;4,99;20,81;0,00;0,00;2,33;10,06;11,19;0,14;85,73;;;
20/05/2026;;00000000010513;PEPINO KG;5,360;26,22;4,89;22,60;0,00;0,00;3,62;13,79;16,00;0,22;85,95;;;
20/05/2026;;00000000007660;PERA WILLIAM KG;7,405;74,01;9,99;55,17;0,00;0,00;18,84;25,46;34,16;1,14;87,09;;;
20/05/2026;;00000000002502;PIMENTAO KG;18,235;132,92;7,29;89,51;0,00;0,00;43,41;32,66;48,49;2,63;89,71;;;
20/05/2026;;00000000002208;PIMENTAO PROMOCAO KG;1,096;5,14;4,69;0,00;0,00;0,00;5,14;100,00;0,00;0,31;90,02;;;
20/05/2026;;00000000011757;PIMENTAO VERMELHO E AMARELO KG;1,605;22,47;14,00;13,04;0,00;0,00;9,43;41,95;72,27;0,57;90,59;;;
20/05/2026;;00000000010507;QUIABO KG;14,320;114,42;7,99;126,20;0,00;0,00;-11,78;-10,29;-9,33;-0,71;89,88;;;
20/05/2026;;00000000010510;REPOLHO KG;8,450;43,84;5,19;29,25;0,00;0,00;14,59;33,27;49,86;0,88;90,76;;;
20/05/2026;;00000000010511;REPOLHO ROXO KG;1,430;12,86;8,99;4,81;0,00;0,00;8,05;62,61;167,48;0,49;91,25;;;
20/05/2026;;00000000007308;SALSA G;5,000;4,95;0,99;17,50;0,00;0,00;-12,55;-253,54;-71,71;-0,76;90,49;;;
20/05/2026;;00000000012320;SALSINHA UN;34,000;55,66;1,64;46,20;0,00;0,00;9,46;17,00;20,48;0,57;91,06;;;
20/05/2026;;00000000011761;TANGERINA POKAN KG;48,350;192,90;3,99;137,85;0,00;0,00;55,05;28,54;39,93;3,33;94,39;;;
20/05/2026;;00000000002497;TOMATE CARMEM KG;30,025;215,89;7,19;200,47;0,00;0,00;15,42;7,14;7,69;0,93;95,33;;;
20/05/2026;;00000000002429;TOMATE CEREJA UN.;1,000;4,99;4,99;4,58;0,00;0,00;0,41;8,22;8,95;0,02;95,35;;;
20/05/2026;;00000000002474;TOMATE GRAPE 180G UN.;2,000;12,98;6,49;10,84;0,00;0,00;2,14;16,49;19,74;0,13;95,48;;;
20/05/2026;;00000000010772;TOMATE ITALIANO KG;64,580;470,78;7,29;426,16;0,00;0,00;44,62;9,48;10,47;2,70;98,18;;;
20/05/2026;;00000000019191;UVA PRETA S/ CAROCO BDJ 500G;26,000;155,74;5,99;143,00;0,00;0,00;12,74;8,18;8,91;0,77;98,95;;;
20/05/2026;;00000000019308;UVA VERDE S/ CAROCO BDJ 500G;6,000;64,14;10,69;46,80;0,00;0,00;17,34;27,03;37,05;1,05;100,00;;;
21/05/2026;;00000000010523;ABACATE KG;2,020;8,87;4,39;5,49;0,00;0,00;3,38;38,06;61,44;0,19;0,19;;;
21/05/2026;;00000000004802;ABACAXI GRANDE UN.;5,000;39,95;7,99;37,50;0,00;0,00;2,45;6,13;6,53;0,14;0,32;;;
21/05/2026;;00000000004793;ABOBORA SERGIPANA KG;16,003;79,85;4,99;56,01;0,00;0,00;23,84;29,86;42,56;1,32;1,64;;;
21/05/2026;;00000000010505;ABOBRINHA KG;8,415;26,85;3,19;26,76;0,00;0,00;0,09;0,35;0,35;0,01;1,65;;;
21/05/2026;;00000000012303;AGRIAO UN.;15,000;22,35;1,49;13,50;0,00;0,00;8,85;39,60;65,56;0,49;2,14;;;
21/05/2026;;00000000011048;AIPIM KG;16,645;49,78;2,99;29,65;0,00;0,00;20,13;40,43;67,88;1,11;3,25;;;
21/05/2026;;00000000012302;ALFACE CRESPA UN.;64,000;95,36;1,49;64,00;0,00;0,00;31,36;32,89;49,00;1,73;4,98;;;
21/05/2026;;00000000002496;ALHO KG;21,855;393,29;18,00;259,06;27,53;0,00;134,23;27,13;51,82;7,43;12,41;;;
21/05/2026;;00000000002456;BANANA DA TERRA KG;2,330;12,09;5,19;13,40;0,00;0,00;-1,31;-10,81;-9,76;-0,07;12,34;;;
21/05/2026;;00000000010518;BANANA DAGUA KG;26,440;105,51;3,99;77,64;0,00;0,00;27,87;26,41;35,89;1,54;13,88;;;
21/05/2026;;00000000004801;BANANA PRATA KG;84,160;419,98;4,99;405,73;0,00;0,00;14,25;3,39;3,51;0,79;14,67;;;
21/05/2026;;00000000009239;BANANA PROMOCAO BDJ;9,000;26,91;2,99;0,00;3,23;2,49;26,91;78,75;0,00;1,49;16,16;;;
21/05/2026;;00000000001557;BATATA DOCE KG;16,465;77,23;4,69;59,11;0,00;0,00;18,12;23,46;30,66;1,00;17,16;;;
21/05/2026;;00000000002494;BATATA LISA KG;119,290;953,05;7,99;766,99;0,00;0,00;186,06;19,52;24,26;10,29;27,45;;;
21/05/2026;;00000000010506;BERINJELA KG;3,100;21,04;6,79;17,22;0,00;0,00;3,82;18,18;22,22;0,21;27,66;;;
21/05/2026;;00000000004798;BETERRABA KG;20,580;102,70;4,99;87,22;0,00;0,00;15,48;15,07;17,75;0,86;28,52;;;
21/05/2026;;00000000012309;BROCOLIS UN;13,000;85,67;6,59;71,50;0,00;0,00;14,17;16,54;19,82;0,78;29,30;;;
21/05/2026;;00000000010691;CAQUI BANDEJA;4,000;19,96;4,99;16,00;0,00;0,00;3,96;19,84;24,75;0,22;29,52;;;
21/05/2026;;00000000000471;CARTELA OVOS C/12;8,000;55,92;6,99;50,00;0,00;0,00;5,92;10,59;11,84;0,33;29,85;;;
21/05/2026;;00000000002495;CEBOLA GRAUDA KG;51,760;268,69;5,19;219,25;0,00;0,00;49,44;18,40;22,55;2,73;32,58;;;
21/05/2026;;00000000010508;CEBOLA MIUDA KG;7,925;35,60;4,49;15,85;0,00;0,00;19,75;55,48;124,61;1,09;33,68;;;
21/05/2026;;00000000010509;CEBOLA ROXA KG;7,540;50,43;6,69;41,29;0,00;0,00;9,14;18,12;22,13;0,51;34,18;;;
21/05/2026;;00000000004799;CENOURA KG;69,785;487,42;6,98;449,99;0,00;0,00;37,43;7,68;8,32;2,07;36,25;;;
21/05/2026;;00000000012307;CHEIRO VERDE UN.;31,000;46,19;1,49;40,30;0,00;0,00;5,89;12,75;14,62;0,33;36,58;;;
21/05/2026;;00000000004796;CHUCHU KG;17,015;61,08;3,59;37,60;0,00;0,00;23,48;38,44;62,43;1,30;37,88;;;
21/05/2026;;00000000010526;COCO SECO KG;7,510;35,97;4,79;24,11;7,19;0,00;11,86;12,98;49,21;0,66;38,53;;;
21/05/2026;;00000000012305;COENTRO UN.;78,000;116,22;1,49;117,00;0,00;0,00;-0,78;-0,67;-0,67;-0,04;38,49;;;
21/05/2026;;00000000012304;COUVE UN.;41,000;61,09;1,49;41,00;0,00;0,00;20,09;32,89;49,00;1,11;39,60;;;
21/05/2026;;00000000010514;GENGIBRE KG;0,785;11,60;14,78;4,80;0,00;1,07;6,80;49,40;141,85;0,38;39,98;;;
21/05/2026;;00000000002430;GOIABA  KG;0,575;5,75;10,00;5,81;0,00;0,00;-0,06;-1,00;-0,99;0,00;39,97;;;
21/05/2026;;00000000004804;INHAME KG;22,730;106,22;4,67;70,92;0,00;0,00;35,30;33,23;49,77;1,95;41,93;;;
21/05/2026;;00000000004803;JILO KG;7,080;56,59;7,99;37,45;0,00;0,00;19,14;33,82;51,10;1,06;42,98;;;
21/05/2026;;00000000004948;JILO PROMOCAO KG;0,430;2,15;5,00;0,00;0,00;0,00;2,15;100,00;0,00;0,12;43,10;;;
21/05/2026;;00000000010532;KIWI KG;1,270;31,74;24,99;21,36;0,00;0,00;10,38;32,70;48,59;0,57;43,68;;;
21/05/2026;;00000000004797;LARANJA PERA KG;43,755;165,80;3,79;115,76;0,00;0,00;50,04;30,18;43,22;2,77;46,45;;;
21/05/2026;;00000000002498;LIMAO KG;32,925;105,05;3,19;85,72;0,00;0,00;19,33;18,40;22,55;1,07;47,52;;;
21/05/2026;;00000000002452;LIMAO SICILIANO KG;1,135;11,34;9,99;10,12;0,00;0,00;1,22;10,72;12,00;0,07;47,58;;;
21/05/2026;;00000000012312;LOURO UN.;7,000;10,43;1,49;8,40;0,00;0,00;2,03;19,46;24,17;0,11;47,69;;;
21/05/2026;;00000000010530;MACA  ARGENTINA KG;0,175;3,32;18,97;2,04;0,00;0,00;1,28;38,64;62,98;0,07;47,77;;;
21/05/2026;;00000000010531;MACA FUJI KG;3,730;52,18;13,99;39,15;0,00;0,00;13,03;24,98;33,29;0,72;48,49;;;
21/05/2026;;00000000010627;MACA GALA KG;10,265;92,28;8,99;72,37;0,00;0,00;19,91;21,58;27,51;1,10;49,59;;;
21/05/2026;;00000000002137;MACA GALA SC 850GR;30,000;149,70;4,99;125,10;0,00;0,00;24,60;16,43;19,66;1,36;50,95;;;
21/05/2026;;00000000010529;MACA VERDE KG;1,255;21,33;17,00;14,65;0,00;0,00;6,68;31,34;45,64;0,37;51,32;;;
21/05/2026;;00000000007657;MAMAO FORMOSA KG;1,890;11,32;5,99;5,67;0,00;0,00;5,65;49,91;99,65;0,31;51,63;;;
21/05/2026;;00000000005062;MAMAO PAPAIA UN.;20,000;89,80;4,49;69,20;0,00;0,00;20,60;22,94;29,77;1,14;52,77;;;
21/05/2026;;00000000010525;MANGA PALMER KG;10,060;60,24;5,99;45,65;0,00;0,00;14,59;24,22;31,97;0,81;53,58;;;
21/05/2026;;00000000010522;MARACUJA KG;29,475;206,04;6,99;179,50;0,00;0,00;26,54;12,88;14,78;1,47;55,05;;;
21/05/2026;;00000000010521;MELAO COMUM KG;1,645;8,54;5,19;6,65;0,00;0,00;1,89;22,18;28,50;0,10;55,15;;;
21/05/2026;;00000000011612;MOUSSE DE LIMAO DA CASA P;1,000;3,99;3,99;0,00;0,00;0,00;3,99;100,00;0,00;0,22;55,37;;;
21/05/2026;;00000000011609;MOUSSE DE MARACUJA DA CASA P;2,000;7,98;3,99;0,00;0,00;0,00;7,98;100,00;0,00;0,44;55,81;;;
21/05/2026;;00000000007432;OVOS CAIPIRA C/12;4,000;51,96;12,99;40,00;0,00;0,00;11,96;23,02;29,90;0,66;56,47;;;
21/05/2026;;00000000008064;OVOS CARTELA COM 20;33,000;395,67;11,99;0,00;0,00;0,00;395,67;100,00;0,00;21,89;78,36;;;
21/05/2026;;00000000002519;OVOS CARTELA COM 30;54,000;917,46;16,99;742,50;0,00;0,00;174,96;19,07;23,56;9,68;88,04;;;
21/05/2026;;00000000010512;PEPINO JAPONES KG;9,980;49,82;4,99;44,24;0,00;0,00;5,58;11,19;12,60;0,31;88,35;;;
21/05/2026;;00000000010513;PEPINO KG;8,670;42,37;4,89;35,81;0,00;0,00;6,56;15,49;18,33;0,36;88,71;;;
21/05/2026;;00000000007660;PERA WILLIAM KG;5,930;59,24;9,99;44,86;0,00;0,00;14,38;24,27;32,05;0,80;89,51;;;
21/05/2026;;00000000002502;PIMENTAO KG;16,510;120,25;7,28;81,72;0,00;0,00;38,53;32,04;47,14;2,13;91,64;;;
21/05/2026;;00000000011757;PIMENTAO VERMELHO E AMARELO KG;2,495;34,92;14,00;18,86;0,00;0,00;16,06;45,98;85,13;0,89;92,53;;;
21/05/2026;;00000000010507;QUIABO KG;1,324;10,58;7,99;16,10;0,00;0,00;-5,52;-52,17;-34,29;-0,31;92,22;;;
21/05/2026;;00000000010510;REPOLHO KG;10,645;55,25;5,19;36,83;0,00;0,00;18,42;33,34;50,01;1,02;93,24;;;
21/05/2026;;00000000007308;SALSA G;4,000;3,96;0,99;14,00;0,00;0,00;-10,04;-253,54;-71,71;-0,56;92,68;;;
21/05/2026;;00000000012320;SALSINHA UN;26,000;38,74;1,49;33,80;0,00;0,00;4,94;12,75;14,62;0,27;92,96;;;
21/05/2026;;00000000011761;TANGERINA POKAN KG;38,250;152,61;3,99;104,02;0,00;0,00;48,59;31,84;46,71;2,69;95,65;;;
21/05/2026;;00000000002497;TOMATE CARMEM KG;15,170;109,08;7,19;108,36;0,00;0,00;0,72;0,66;0,66;0,04;95,69;;;
21/05/2026;;00000000002474;TOMATE GRAPE 180G UN.;3,000;19,47;6,49;16,26;0,00;0,00;3,21;16,49;19,74;0,18;95,86;;;
21/05/2026;;00000000010772;TOMATE ITALIANO KG;91,185;664,70;7,29;621,56;0,00;0,00;43,14;6,49;6,94;2,39;98,25;;;
21/05/2026;;00000000011623;TORTINHA DE LIMAO DA CASA P;2,000;11,98;5,99;0,00;0,00;0,00;11,98;100,00;0,00;0,66;98,91;;;
21/05/2026;;00000000019191;UVA PRETA S/ CAROCO BDJ 500G;23,000;137,77;5,99;126,50;0,00;0,00;11,27;8,18;8,91;0,62;99,54;;;
21/05/2026;;00000000004080;UVA PRETA S/ CAROCO KG;0,530;3,44;6,49;3,71;0,00;0,00;-0,27;-7,85;-7,28;-0,01;99,52;;;
21/05/2026;;00000000019308;UVA VERDE S/ CAROCO BDJ 500G;3,000;32,07;10,69;23,40;0,00;0,00;8,67;27,03;37,05;0,48;100,00;;;
22/05/2026;;00000000010523;ABACATE KG;2,295;10,08;4,39;6,24;0,00;0,00;3,84;38,07;61,48;0,20;0,20;;;
22/05/2026;;00000000004802;ABACAXI GRANDE UN.;5,000;39,95;7,99;36,50;0,00;0,00;3,45;8,64;9,45;0,18;0,38;;;
22/05/2026;;00000000004793;ABOBORA SERGIPANA KG;14,974;74,72;4,99;51,93;0,00;0,00;22,79;30,50;43,88;1,19;1,57;;;
22/05/2026;;00000000010505;ABOBRINHA KG;10,480;33,42;3,19;32,18;0,00;0,00;1,24;3,72;3,86;0,06;1,63;;;
22/05/2026;;00000000012303;AGRIAO UN.;16,000;39,84;2,49;18,90;0,00;0,00;20,94;52,56;110,79;1,09;2,73;;;
22/05/2026;;00000000011048;AIPIM KG;20,640;61,74;2,99;37,90;0,00;0,00;23,84;38,61;62,90;1,24;3,97;;;
22/05/2026;;00000000012302;ALFACE CRESPA UN.;63,000;154,85;2,46;75,75;0,00;0,00;79,10;51,08;104,42;4,13;8,10;;;
22/05/2026;;00000000002496;ALHO KG;21,695;390,44;18,00;302,62;27,32;0,00;87,82;15,50;29,02;4,58;12,68;;;
22/05/2026;;00000000010518;BANANA DAGUA KG;20,130;80,31;3,99;56,36;0,00;0,00;23,95;29,82;42,48;1,25;13,93;;;
22/05/2026;;00000000004801;BANANA PRATA KG;73,610;367,32;4,99;284,98;0,00;0,00;82,34;22,42;28,89;4,30;18,23;;;
22/05/2026;;00000000009239;BANANA PROMOCAO BDJ;4,000;11,96;2,99;0,00;1,55;0,55;11,96;82,38;0,00;0,62;18,86;;;
22/05/2026;;00000000001557;BATATA DOCE KG;11,705;54,91;4,69;41,67;0,00;0,00;13,24;24,12;31,79;0,69;19,55;;;
22/05/2026;;00000000002494;BATATA LISA KG;99,705;796,62;7,99;622,59;0,00;0,00;174,03;21,85;27,95;9,08;28,63;;;
22/05/2026;;00000000010506;BERINJELA KG;3,240;22,01;6,79;16,07;0,00;0,00;5,94;26,99;36,96;0,31;28,94;;;
22/05/2026;;00000000004798;BETERRABA KG;12,320;61,50;4,99;51,22;0,00;0,00;10,28;16,71;20,06;0,54;29,48;;;
22/05/2026;;00000000012309;BROCOLIS UN;9,000;62,82;6,98;49,00;0,00;0,00;13,82;22,00;28,20;0,72;30,20;;;
22/05/2026;;00000000010691;CAQUI BANDEJA;2,000;9,98;4,99;8,00;0,00;0,00;1,98;19,84;24,75;0,10;30,30;;;
22/05/2026;;00000000000471;CARTELA OVOS C/12;11,000;76,89;6,99;68,75;0,00;0,00;8,14;10,59;11,84;0,42;30,72;;;
22/05/2026;;00000000002495;CEBOLA GRAUDA KG;60,280;312,88;5,19;252,77;0,00;0,00;60,11;19,21;23,78;3,14;33,86;;;
22/05/2026;;00000000010508;CEBOLA MIUDA KG;4,255;19,11;4,49;8,51;0,00;0,00;10,60;55,47;124,56;0,55;34,42;;;
22/05/2026;;00000000010509;CEBOLA ROXA KG;6,465;43,26;6,69;37,56;0,00;0,00;5,70;13,17;15,17;0,30;34,71;;;
22/05/2026;;00000000004799;CENOURA KG;62,820;439,14;6,99;397,63;0,00;0,00;41,51;9,45;10,44;2,17;36,88;;;
22/05/2026;;00000000012307;CHEIRO VERDE UN.;29,000;68,21;2,35;44,50;0,00;0,00;23,71;34,76;53,28;1,24;38,12;;;
22/05/2026;;00000000004796;CHUCHU KG;7,070;25,39;3,59;15,83;0,00;0,00;9,56;37,66;60,41;0,50;38,62;;;
22/05/2026;;00000000010526;COCO SECO KG;12,095;57,94;4,79;39,17;11,86;0,00;18,77;11,93;47,93;0,98;39,60;;;
22/05/2026;;00000000012305;COENTRO UN.;75,000;111,75;1,49;123,90;0,00;0,00;-12,15;-10,87;-9,81;-0,63;38,96;;;
22/05/2026;;00000000012304;COUVE UN.;51,000;125,99;2,47;52,00;0,00;0,00;73,99;58,73;142,29;3,86;42,82;;;
22/05/2026;;00000000010514;GENGIBRE KG;0,475;7,02;14,78;2,92;0,00;0,33;4,10;53,69;140,13;0,21;43,04;;;
22/05/2026;;00000000012306;HORTELA UN;1,000;1,49;1,49;0,70;0,00;0,00;0,79;53,02;112,86;0,04;43,08;;;
22/05/2026;;00000000004804;INHAME KG;21,890;102,68;4,69;64,21;0,00;0,00;38,47;37,47;59,92;2,01;45,09;;;
22/05/2026;;00000000004803;JILO KG;12,555;100,32;7,99;66,42;0,00;0,00;33,90;33,80;51,05;1,77;46,86;;;
22/05/2026;;00000000010532;KIWI KG;0,505;12,62;24,99;8,49;0,00;0,00;4,13;32,69;48,57;0,22;47,07;;;
22/05/2026;;00000000004797;LARANJA PERA KG;22,235;84,29;3,79;66,70;0,00;0,00;17,58;20,86;26,36;0,92;47,99;;;
22/05/2026;;00000000002498;LIMAO KG;34,535;110,17;3,19;91,53;0,00;0,00;18,64;16,92;20,37;0,97;48,96;;;
22/05/2026;;00000000012312;LOURO UN.;3,000;4,47;1,49;3,60;0,00;0,00;0,87;19,46;24,17;0,05;49,01;;;
22/05/2026;;00000000010530;MACA  ARGENTINA KG;1,150;21,84;18,99;13,39;0,00;0,00;8,45;38,71;63,16;0,44;49,45;;;
22/05/2026;;00000000010531;MACA FUJI KG;0,190;2,66;14,00;1,38;0,00;0,00;1,28;48,14;92,84;0,07;49,52;;;
22/05/2026;;00000000010627;MACA GALA KG;8,575;77,09;8,99;60,32;0,00;0,00;16,77;21,75;27,80;0,88;50,39;;;
22/05/2026;;00000000002137;MACA GALA SC 850GR;26,000;129,74;4,99;107,58;0,00;0,00;22,16;17,08;20,60;1,16;51,55;;;
22/05/2026;;00000000010529;MACA VERDE KG;1,240;21,07;16,99;14,47;0,00;0,00;6,60;31,32;45,60;0,34;51,89;;;
22/05/2026;;00000000007657;MAMAO FORMOSA KG;4,311;25,82;5,99;14,13;0,00;0,00;11,69;45,29;82,79;0,61;52,50;;;
22/05/2026;;00000000005062;MAMAO PAPAIA UN.;16,000;71,84;4,49;55,52;0,00;0,00;16,32;22,72;29,39;0,85;53,35;;;
22/05/2026;;00000000010525;MANGA PALMER KG;27,090;162,21;5,99;121,89;0,00;0,00;40,32;24,86;33,08;2,10;55,46;;;
22/05/2026;;00000000010522;MARACUJA KG;27,520;218,77;7,95;159,93;0,00;0,00;58,84;26,90;36,79;3,07;58,53;;;
22/05/2026;;00000000004889;MELANCIA KG;9,063;34,35;3,79;27,60;0,00;0,00;6,75;19,65;24,46;0,35;58,88;;;
22/05/2026;;00000000010521;MELAO COMUM KG;5,931;30,78;5,19;23,96;0,00;0,00;6,82;22,15;28,46;0,36;59,24;;;
22/05/2026;;00000000010684;MORANGO BANDEJA UN.;33,000;263,67;7,99;141,50;0,00;0,00;122,17;46,33;86,34;6,38;65,61;;;
22/05/2026;;00000000004405;MOSTARDA UN;18,000;39,82;2,21;21,80;0,00;0,00;18,02;45,25;82,66;0,94;66,55;;;
22/05/2026;;00000000011612;MOUSSE DE LIMAO DA CASA P;3,000;11,97;3,99;0,00;0,00;0,00;11,97;100,00;0,00;0,62;67,18;;;
22/05/2026;;00000000011609;MOUSSE DE MARACUJA DA CASA P;1,000;3,99;3,99;0,00;0,00;0,00;3,99;100,00;0,00;0,21;67,39;;;
22/05/2026;;00000000007432;OVOS CAIPIRA C/12;3,000;38,97;12,99;30,00;0,00;0,00;8,97;23,02;29,90;0,47;67,86;;;
22/05/2026;;00000000008064;OVOS CARTELA COM 20;33,000;395,67;11,99;90,00;0,00;0,00;305,67;77,25;339,63;15,95;83,81;;;
22/05/2026;;00000000002519;OVOS CARTELA COM 30;44,000;790,56;17,97;609,15;0,00;0,00;181,41;22,95;29,78;9,47;93,28;;;
22/05/2026;;00000000010512;PEPINO JAPONES KG;3,040;15,17;4,99;13,33;0,00;0,00;1,84;12,14;13,82;0,10;93,37;;;
22/05/2026;;00000000010513;PEPINO KG;5,255;25,70;4,89;20,86;0,00;0,00;4,84;18,82;23,19;0,25;93,63;;;
22/05/2026;;00000000007660;PERA WILLIAM KG;6,735;67,29;9,99;51,37;0,00;0,00;15,92;23,66;31,00;0,83;94,46;;;
22/05/2026;;00000000002502;PIMENTAO KG;18,275;133,23;7,29;89,81;0,00;0,00;43,42;32,59;48,34;2,27;96,72;;;
22/05/2026;;00000000011757;PIMENTAO VERMELHO E AMARELO KG;0,375;5,25;14,00;2,83;0,00;0,00;2,41;46,00;85,19;0,13;96,85;;;
22/05/2026;;00000000010507;QUIABO KG;17,043;136,18;7,99;198,88;0,00;0,00;-62,70;-46,04;-31,53;-3,27;93,58;;;
22/05/2026;;00000000010510;REPOLHO KG;13,045;67,69;5,19;45,15;0,00;0,00;22,54;33,30;49,92;1,18;94,75;;;
22/05/2026;;00000000010511;REPOLHO ROXO KG;0,245;2,20;8,98;0,91;0,00;0,00;1,29;58,57;141,39;0,07;94,82;;;
22/05/2026;;00000000012320;SALSINHA UN;2,000;2,98;1,49;3,40;0,00;0,00;-0,42;-14,09;-12,35;-0,02;94,80;;;
22/05/2026;;00000000004689;SUCO DA CASA MORANGO 300ML;1,000;4,99;4,99;0,00;0,00;0,00;4,99;100,00;0,00;0,26;95,06;;;
22/05/2026;;00000000011761;TANGERINA POKAN KG;34,180;136,37;3,99;88,82;0,00;0,00;47,55;34,87;53,53;2,48;97,54;;;
22/05/2026;;00000000002497;TOMATE CARMEM KG;38,475;276,62;7,19;282,85;0,00;0,00;-6,23;-2,25;-2,20;-0,32;97,21;;;
22/05/2026;;00000000002474;TOMATE GRAPE 180G UN.;1,000;6,49;6,49;5,42;0,00;0,00;1,07;16,49;19,74;0,06;97,27;;;
22/05/2026;;00000000010772;TOMATE ITALIANO KG;41,330;301,28;7,29;276,61;0,00;0,00;24,67;8,19;8,92;1,29;98,56;;;
22/05/2026;;00000000011623;TORTINHA DE LIMAO DA CASA P;6,000;35,94;5,99;0,00;0,00;0,00;35,94;100,00;0,00;1,88;100,43;;;
22/05/2026;;00000000019191;UVA PRETA S/ CAROCO BDJ 500G;27,000;161,73;5,99;148,20;0,00;0,00;13,53;8,37;9,13;0,71;101,14;;;
22/05/2026;;00000000004080;UVA PRETA S/ CAROCO KG;0,475;3,08;6,48;33,25;0,00;0,00;-30,17;-979,55;-90,74;-1,57;99,57;;;
22/05/2026;;00000000019308;UVA VERDE S/ CAROCO BDJ 500G;7,000;62,93;8,99;54,60;0,00;0,00;8,33;13,24;15,26;0,43;100,00;;;
23/05/2026;;00000000010523;ABACATE KG;5,525;24,25;4,39;15,00;0,00;0,00;9,25;38,16;61,72;0,40;0,40;;;
23/05/2026;;00000000004802;ABACAXI GRANDE UN.;2,000;15,98;7,99;14,00;0,00;0,00;1,98;12,39;14,14;0,09;0,48;;;
23/05/2026;;00000000004793;ABOBORA SERGIPANA KG;16,345;81,56;4,99;55,43;0,00;0,00;26,13;32,03;47,13;1,13;1,61;;;
23/05/2026;;00000000010505;ABOBRINHA KG;11,585;38,50;3,32;40,27;0,00;0,00;-1,77;-4,59;-4,39;-0,08;1,53;;;
23/05/2026;;00000000012303;AGRIAO UN.;13,000;32,37;2,49;15,60;0,00;0,00;16,77;51,81;107,50;0,72;2,26;;;
23/05/2026;;00000000011048;AIPIM KG;7,310;21,85;2,99;13,60;0,00;0,00;8,25;37,77;60,70;0,36;2,61;;;
23/05/2026;;00000000012302;ALFACE CRESPA UN.;68,000;169,32;2,49;85,00;0,00;0,00;84,32;49,80;99,20;3,64;6,25;;;
23/05/2026;;00000000002496;ALHO KG;27,595;496,63;18,00;376,22;34,76;0,00;120,41;17,25;32,00;5,19;11,44;;;
23/05/2026;;00000000004887;AMEIXA FRESCA KG;0,680;13,60;20,00;9,24;0,00;0,00;4,36;32,05;47,17;0,19;11,63;;;
23/05/2026;;00000000010518;BANANA DAGUA KG;30,860;123,09;3,99;84,30;0,00;0,00;38,79;31,52;46,02;1,67;13,30;;;
23/05/2026;;00000000004801;BANANA PRATA KG;107,690;537,33;4,99;369,63;0,00;0,00;167,70;31,21;45,37;7,23;20,54;;;
23/05/2026;;00000000009239;BANANA PROMOCAO BDJ;2,000;5,98;2,99;0,00;0,72;0,55;5,98;78,75;0,00;0,26;20,79;;;
23/05/2026;;00000000010685;BATATA BAROA BANDEJA;2,000;9,98;4,99;6,30;0,00;0,00;3,68;36,87;58,41;0,16;20,95;;;
23/05/2026;;00000000007656;BATATA BAROA BDJ UNIDADE;1,000;5,89;5,89;4,20;0,00;0,00;1,69;28,69;40,24;0,07;21,03;;;
23/05/2026;;00000000001557;BATATA DOCE KG;11,760;55,17;4,69;41,99;0,00;0,00;13,18;23,90;31,40;0,57;21,59;;;
23/05/2026;;00000000002494;BATATA LISA KG;135,790;1084,93;7,99;843,64;0,00;0,00;241,29;22,24;28,60;10,41;32,00;;;
23/05/2026;;00000000010506;BERINJELA KG;3,475;23,59;6,79;14,94;0,00;0,00;8,65;36,66;57,89;0,37;32,37;;;
23/05/2026;;00000000004798;BETERRABA KG;7,450;37,17;4,99;31,42;0,00;0,00;5,75;15,47;18,30;0,25;32,62;;;
23/05/2026;;00000000012309;BROCOLIS UN;20,000;139,80;6,99;116,00;0,00;0,00;23,80;17,02;20,52;1,03;33,65;;;
23/05/2026;;00000000010691;CAQUI BANDEJA;3,000;14,97;4,99;12,00;0,00;0,00;2,97;19,84;24,75;0,13;33,77;;;
23/05/2026;;00000000010528;CAQUI KG;0,600;4,19;6,98;3,45;0,00;0,00;0,74;17,66;21,45;0,03;33,81;;;
23/05/2026;;00000000000471;CARTELA OVOS C/12;22,000;153,78;6,99;141,66;0,00;0,00;12,12;7,88;8,56;0,52;34,33;;;
23/05/2026;;00000000002495;CEBOLA GRAUDA KG;63,380;328,98;5,19;261,22;0,00;0,00;67,76;20,60;25,94;2,92;37,25;;;
23/05/2026;;00000000010508;CEBOLA MIUDA KG;3,060;13,74;4,49;6,12;0,00;0,00;7,62;55,46;124,51;0,33;37,58;;;
23/05/2026;;00000000010509;CEBOLA ROXA KG;4,660;31,18;6,69;27,19;0,00;0,00;3,99;12,78;14,66;0,17;37,75;;;
23/05/2026;;00000000004799;CENOURA KG;67,080;475,80;7,09;427,98;0,00;0,00;47,82;10,05;11,17;2,06;39,81;;;
23/05/2026;;00000000000258;CENOURA PROMOCAO KG;1,065;2,12;1,99;6,92;0,00;0,00;-4,80;-226,53;-69,38;-0,21;39,61;;;
23/05/2026;;00000000012307;CHEIRO VERDE UN.;41,000;102,09;2,49;69,70;0,00;0,00;32,39;31,73;46,47;1,40;41,00;;;
23/05/2026;;00000000004796;CHUCHU KG;10,035;36,03;3,59;23,63;0,00;0,00;12,40;34,41;52,46;0,53;41,54;;;
23/05/2026;;00000000010526;COCO SECO KG;9,440;45,22;4,79;30,92;9,04;0,00;14,30;11,63;46,26;0,62;42,16;;;
23/05/2026;;00000000012305;COENTRO UN.;68,000;101,32;1,49;115,60;0,00;0,00;-14,28;-14,09;-12,35;-0,62;41,54;;;
23/05/2026;;00000000012304;COUVE UN.;39,000;97,11;2,49;58,50;0,00;0,00;38,61;39,76;66,00;1,67;43,20;;;
23/05/2026;;00000000010514;GENGIBRE KG;1,760;26,02;14,78;10,78;0,00;2,00;15,24;50,87;141,37;0,66;43,86;;;
23/05/2026;;00000000002430;GOIABA  KG;2,155;21,53;9,99;22,28;0,00;0,00;-0,75;-3,49;-3,38;-0,03;43,83;;;
23/05/2026;;00000000012306;HORTELA UN;9,000;13,41;1,49;8,10;0,00;0,00;5,31;39,60;65,56;0,23;44,06;;;
23/05/2026;;00000000004804;INHAME KG;22,310;104,66;4,69;64,11;0,00;0,00;40,55;38,75;63,26;1,75;45,81;;;
23/05/2026;;00000000004803;JILO KG;10,275;82,12;7,99;54,35;0,00;0,00;27,77;33,81;51,08;1,20;47,00;;;
23/05/2026;;00000000010532;KIWI KG;0,165;4,12;24,97;2,78;0,00;0,00;1,34;32,64;48,45;0,06;47,06;;;
23/05/2026;;00000000004797;LARANJA PERA KG;38,045;144,19;3,79;114,13;0,00;0,00;30,05;20,84;26,33;1,30;48,36;;;
23/05/2026;;00000000002498;LIMAO KG;37,750;120,42;3,19;100,28;0,00;0,00;20,14;16,72;20,08;0,87;49,23;;;
23/05/2026;;00000000010530;MACA  ARGENTINA KG;2,015;38,26;18,99;22,51;0,00;0,00;15,75;41,17;69,99;0,68;49,91;;;
23/05/2026;;00000000010531;MACA FUJI KG;0,545;7,62;13,98;4,02;0,00;0,00;3,60;47,22;89,45;0,16;50,06;;;
23/05/2026;;00000000010627;MACA GALA KG;22,475;202,05;8,99;155,21;0,00;0,00;46,84;23,18;30,18;2,02;52,08;;;
23/05/2026;;00000000002137;MACA GALA SC 850GR;26,000;130,64;5,02;107,58;0,00;0,00;23,06;17,65;21,44;0,99;53,08;;;
23/05/2026;;00000000010529;MACA VERDE KG;1,695;28,79;16,99;19,78;0,00;0,00;9,01;31,29;45,55;0,39;53,46;;;
23/05/2026;;00000000007657;MAMAO FORMOSA KG;2,207;13,22;5,99;6,62;0,00;0,00;6,60;49,92;99,67;0,28;53,75;;;
23/05/2026;;00000000005062;MAMAO PAPAIA UN.;22,000;98,78;4,49;79,31;0,00;0,00;19,47;19,71;24,55;0,84;54,59;;;
23/05/2026;;00000000010525;MANGA PALMER KG;27,545;164,97;5,99;124,30;0,00;0,00;40,67;24,65;32,72;1,75;56,34;;;
23/05/2026;;00000000010522;MARACUJA KG;36,330;290,31;7,99;186,65;0,00;0,00;103,66;35,71;55,53;4,47;60,81;;;
23/05/2026;;00000000004889;MELANCIA KG;17,253;65,39;3,79;47,20;0,00;0,00;18,19;27,82;38,53;0,78;61,60;;;
23/05/2026;;00000000010521;MELAO COMUM KG;5,754;29,87;5,19;23,75;0,00;0,00;6,12;20,50;25,78;0,26;61,86;;;
23/05/2026;;00000000009982;MELAO UNID;2,000;8,98;4,49;0,00;0,00;0,00;8,98;100,00;0,00;0,39;62,25;;;
23/05/2026;;00000000010684;MORANGO BANDEJA UN.;20,000;159,80;7,99;103,00;0,00;0,00;56,80;35,54;55,15;2,45;64,70;;;
23/05/2026;;00000000011612;MOUSSE DE LIMAO DA CASA P;1,000;3,99;3,99;0,00;0,00;0,00;3,99;100,00;0,00;0,17;64,87;;;
23/05/2026;;00000000008064;OVOS CARTELA COM 20;48,000;575,52;11,99;271,50;0,00;0,00;304,02;52,83;111,98;13,11;77,98;;;
23/05/2026;;00000000002519;OVOS CARTELA COM 30;33,000;593,67;17,99;478,65;0,00;0,00;115,02;19,37;24,03;4,96;82,94;;;
23/05/2026;;00000000010512;PEPINO JAPONES KG;10,180;50,78;4,99;44,37;0,00;0,00;6,41;12,62;14,44;0,28;83,22;;;
23/05/2026;;00000000010513;PEPINO KG;6,415;31,36;4,89;26,16;0,00;0,00;5,20;16,58;19,88;0,22;83,44;;;
23/05/2026;;00000000003375;PERA PORTUGUESA KG;0,740;18,42;24,89;13,02;0,00;0,00;5,40;29,33;41,51;0,23;83,67;;;
23/05/2026;;00000000007660;PERA WILLIAM KG;14,400;143,86;9,99;108,15;0,00;0,00;35,71;24,83;33,02;1,54;85,21;;;
23/05/2026;;00000000002502;PIMENTAO KG;24,135;175,95;7,29;122,23;0,00;0,00;53,72;30,53;43,95;2,32;87,53;;;
23/05/2026;;00000000011757;PIMENTAO VERMELHO E AMARELO KG;3,545;49,63;14,00;28,62;0,00;0,00;21,01;42,34;73,44;0,91;88,44;;;
23/05/2026;;00000000010507;QUIABO KG;31,413;250,96;7,99;306,62;0,00;0,00;-55,66;-22,18;-18,15;-2,40;86,04;;;
23/05/2026;;00000000010510;REPOLHO KG;19,305;81,22;4,21;60,74;0,00;0,00;20,48;25,21;33,71;0,88;86,92;;;
23/05/2026;;00000000007308;SALSA G;5,000;4,95;0,99;17,50;0,00;0,00;-12,55;-253,54;-71,71;-0,54;86,38;;;
23/05/2026;;00000000012320;SALSINHA UN;35,000;52,15;1,49;59,50;0,00;0,00;-7,35;-14,09;-12,35;-0,32;86,06;;;
23/05/2026;;00000000004689;SUCO DA CASA MORANGO 300ML;2,000;9,98;4,99;0,00;0,00;0,00;9,98;100,00;0,00;0,43;86,49;;;
23/05/2026;;00000000011761;TANGERINA POKAN KG;57,760;230,37;3,99;150,13;0,00;0,00;80,24;34,83;53,44;3,46;89,95;;;
23/05/2026;;00000000002497;TOMATE CARMEM KG;59,515;472,63;7,94;409,15;0,00;0,00;63,48;13,43;15,51;2,74;92,69;;;
23/05/2026;;00000000002429;TOMATE CEREJA UN.;1,000;4,99;4,99;4,58;0,00;0,00;0,41;8,22;8,95;0,02;92,71;;;
23/05/2026;;00000000002474;TOMATE GRAPE 180G UN.;1,000;6,49;6,49;5,42;0,00;0,00;1,07;16,49;19,74;0,05;92,75;;;
23/05/2026;;00000000010772;TOMATE ITALIANO KG;46,090;413,06;8,96;312,15;0,00;0,00;100,91;24,43;32,33;4,35;97,11;;;
23/05/2026;;00000000011623;TORTINHA DE LIMAO DA CASA P;6,000;35,94;5,99;0,00;0,00;0,00;35,94;100,00;0,00;1,55;98,65;;;
23/05/2026;;00000000019191;UVA PRETA S/ CAROCO BDJ 500G;24,000;143,76;5,99;140,20;0,00;0,00;3,56;2,48;2,54;0,15;98,81;;;
23/05/2026;;00000000019308;UVA VERDE S/ CAROCO BDJ 500G;17,000;152,83;8,99;125,20;0,00;0,00;27,63;18,08;22,07;1,19;100,00;;;
24/05/2026;;00000000010523;ABACATE KG;6,450;28,32;4,39;17,48;0,00;0,00;10,84;38,28;62,02;0,86;0,86;;;
24/05/2026;;00000000004802;ABACAXI GRANDE UN.;2,000;15,98;7,99;15,00;0,00;0,00;0,98;6,13;6,53;0,08;0,94;;;
24/05/2026;;00000000004793;ABOBORA SERGIPANA KG;10,321;51,51;4,99;34,06;0,00;0,00;17,45;33,88;51,24;1,38;2,32;;;
24/05/2026;;00000000010505;ABOBRINHA KG;10,695;34,12;3,19;40,96;0,00;0,00;-6,84;-20,05;-16,70;-0,54;1,78;;;
24/05/2026;;00000000012303;AGRIAO UN.;14,000;34,86;2,49;16,80;0,00;0,00;18,06;51,81;107,50;1,43;3,21;;;
24/05/2026;;00000000011048;AIPIM KG;1,070;3,20;2,99;1,99;0,00;0,00;1,21;37,81;60,79;0,10;3,30;;;
24/05/2026;;00000000012302;ALFACE CRESPA UN.;59,000;146,90;2,49;73,75;0,00;0,00;73,15;49,80;99,19;5,79;9,10;;;
24/05/2026;;00000000002496;ALHO KG;13,065;235,13;18,00;182,00;16,46;0,00;53,13;15,60;29,20;4,21;13,30;;;
24/05/2026;;00000000010518;BANANA DAGUA KG;0,670;2,67;3,99;1,79;0,00;0,00;0,88;33,00;49,25;0,07;13,37;;;
24/05/2026;;00000000004801;BANANA PRATA KG;56,320;281,02;4,99;181,35;0,00;0,00;99,67;35,47;54,96;7,89;21,27;;;
24/05/2026;;00000000009239;BANANA PROMOCAO BDJ;3,000;8,97;2,99;0,00;1,08;0,83;8,97;78,75;0,00;0,71;21,98;;;
24/05/2026;;00000000007656;BATATA BAROA BDJ UNIDADE;7,000;41,23;5,89;29,40;0,00;0,00;11,83;28,69;40,24;0,94;22,92;;;
24/05/2026;;00000000001557;BATATA DOCE KG;6,790;31,84;4,69;24,38;0,00;0,00;7,46;23,44;30,62;0,59;23,51;;;
24/05/2026;;00000000002494;BATATA LISA KG;92,245;736,99;7,99;571,92;0,00;0,00;165,07;22,40;28,86;13,07;36,58;;;
24/05/2026;;00000000010506;BERINJELA KG;4,425;30,05;6,79;17,52;0,00;0,00;12,53;41,69;71,49;0,99;37,57;;;
24/05/2026;;00000000004798;BETERRABA KG;6,710;33,49;4,99;27,31;0,00;0,00;6,18;18,45;22,63;0,49;38,06;;;
24/05/2026;;00000000012309;BROCOLIS UN;11,000;76,89;6,99;66,00;0,00;0,00;10,89;14,16;16,50;0,86;38,92;;;
24/05/2026;;00000000000471;CARTELA OVOS C/12;19,000;132,81;6,99;118,75;0,00;0,00;14,06;10,59;11,84;1,11;40,04;;;
24/05/2026;;00000000002495;CEBOLA GRAUDA KG;48,130;249,80;5,19;195,89;0,00;0,00;53,91;21,58;27,52;4,27;44,31;;;
24/05/2026;;00000000010508;CEBOLA MIUDA KG;0,780;3,50;4,49;1,56;0,00;0,00;1,94;55,43;124,36;0,15;44,46;;;
24/05/2026;;00000000010509;CEBOLA ROXA KG;4,180;27,95;6,69;24,41;0,00;0,00;3,54;12,66;14,50;0,28;44,74;;;
24/05/2026;;00000000004799;CENOURA KG;49,535;346,26;6,99;319,50;0,00;0,00;26,76;7,73;8,38;2,12;46,86;;;
24/05/2026;;00000000012307;CHEIRO VERDE UN.;25,000;62,25;2,49;42,50;0,00;0,00;19,75;31,73;46,47;1,56;48,42;;;
24/05/2026;;00000000004796;CHUCHU KG;12,195;43,77;3,59;30,12;0,00;0,00;13,65;31,18;45,31;1,08;49,51;;;
24/05/2026;;00000000010526;COCO SECO KG;7,575;36,28;4,79;25,22;7,26;0,00;11,06;10,47;43,83;0,88;50,38;;;
24/05/2026;;00000000012305;COENTRO UN.;46,000;68,54;1,49;78,20;0,00;0,00;-9,66;-14,09;-12,35;-0,77;49,62;;;
24/05/2026;;00000000012304;COUVE UN.;20,000;49,80;2,49;30,00;0,00;0,00;19,80;39,76;66,00;1,57;51,18;;;
24/05/2026;;00000000010514;GENGIBRE KG;0,920;13,60;14,78;5,62;0,00;1,26;7,98;49,42;141,94;0,63;51,82;;;
24/05/2026;;00000000012306;HORTELA UN;5,000;7,45;1,49;4,50;0,00;0,00;2,95;39,60;65,56;0,23;52,05;;;
24/05/2026;;00000000004804;INHAME KG;9,995;46,89;4,69;27,69;0,00;0,00;19,20;40,96;69,36;1,52;53,57;;;
24/05/2026;;00000000004803;JILO KG;10,625;84,89;7,99;56,21;0,00;0,00;28,68;33,79;51,03;2,27;55,84;;;
24/05/2026;;00000000004797;LARANJA PERA KG;16,645;63,10;3,79;49,93;0,00;0,00;13,16;20,86;26,36;1,04;56,89;;;
24/05/2026;;00000000002498;LIMAO KG;12,515;39,92;3,19;33,16;0,00;0,00;6,76;16,92;20,37;0,54;57,42;;;
24/05/2026;;00000000012312;LOURO UN.;1,000;1,49;1,49;1,20;0,00;0,00;0,29;19,46;24,17;0,02;57,44;;;
24/05/2026;;00000000010530;MACA  ARGENTINA KG;2,245;42,64;18,99;25,08;0,00;0,00;17,56;41,19;70,04;1,39;58,83;;;
24/05/2026;;00000000010627;MACA GALA KG;3,610;32,46;8,99;24,66;0,00;0,00;7,80;24,04;31,65;0,62;59,45;;;
24/05/2026;;00000000002137;MACA GALA SC 850GR;24,000;119,76;4,99;100,08;0,00;0,00;19,68;16,43;19,66;1,56;61,01;;;
24/05/2026;;00000000010529;MACA VERDE KG;0,215;3,65;16,98;2,51;0,00;0,00;1,14;31,26;45,47;0,09;61,10;;;
24/05/2026;;00000000007657;MAMAO FORMOSA KG;0,551;3,30;5,99;1,65;0,00;0,00;1,65;49,91;99,64;0,13;61,23;;;
24/05/2026;;00000000005062;MAMAO PAPAIA UN.;5,000;22,45;4,49;18,75;0,00;0,00;3,70;16,48;19,73;0,29;61,52;;;
24/05/2026;;00000000010525;MANGA PALMER KG;5,935;35,54;5,99;26,83;0,00;0,00;8,71;24,52;32,48;0,69;62,21;;;
24/05/2026;;00000000010522;MARACUJA KG;20,805;166,21;7,99;110,68;0,00;0,00;55,53;33,41;50,17;4,40;66,61;;;
24/05/2026;;00000000009605;MELANCIA BABY UN.;4,000;35,96;8,99;27,48;9,21;0,00;8,48;-2,02;30,86;0,67;67,28;;;
24/05/2026;;00000000011704;MELANCIA FATIADA BDJ KG;2,224;13,32;5,99;0,00;0,00;0,00;13,32;100,00;0,00;1,05;68,34;;;
24/05/2026;;00000000004889;MELANCIA KG;3,916;14,84;3,79;10,30;0,00;0,00;4,54;30,60;44,09;0,36;68,70;;;
24/05/2026;;00000000010521;MELAO COMUM KG;7,895;40,97;5,19;34,58;0,00;0,00;6,39;15,60;18,48;0,51;69,20;;;
24/05/2026;;00000000010684;MORANGO BANDEJA UN.;14,000;111,86;7,99;77,00;0,00;0,00;34,86;31,16;45,27;2,76;71,97;;;
24/05/2026;;00000000004405;MOSTARDA UN;3,000;7,47;2,49;3,30;0,00;0,00;4,17;55,82;126,36;0,33;72,30;;;
24/05/2026;;00000000011612;MOUSSE DE LIMAO DA CASA P;2,000;7,98;3,99;0,00;0,00;0,00;7,98;100,00;0,00;0,63;72,93;;;
24/05/2026;;00000000008064;OVOS CARTELA COM 20;22,000;263,78;11,99;231,00;0,00;0,00;32,78;12,43;14,19;2,60;75,52;;;
24/05/2026;;00000000002519;OVOS CARTELA COM 30;29,000;521,67;17,99;422,82;0,00;0,00;98,85;18,95;23,38;7,83;83,35;;;
24/05/2026;;00000000010512;PEPINO JAPONES KG;4,110;20,50;4,99;17,84;0,00;0,00;2,66;12,99;14,93;0,21;83,56;;;
24/05/2026;;00000000010513;PEPINO KG;7,765;37,98;4,89;31,76;0,00;0,00;6,22;16,38;19,59;0,49;84,06;;;
24/05/2026;;00000000007660;PERA WILLIAM KG;3,570;35,66;9,99;26,45;0,00;0,00;9,21;25,82;34,80;0,73;84,79;;;
24/05/2026;;00000000002502;PIMENTAO KG;12,065;87,96;7,29;62,74;0,00;0,00;25,22;28,67;40,20;2,00;86,78;;;
24/05/2026;;00000000011757;PIMENTAO VERMELHO E AMARELO KG;2,295;32,12;14,00;18,68;0,00;0,00;13,44;41,84;71,94;1,06;87,85;;;
24/05/2026;;00000000010507;QUIABO KG;13,766;109,98;7,99;124,72;0,00;0,00;-14,74;-13,40;-11,82;-1,17;86,68;;;
24/05/2026;;00000000010510;REPOLHO KG;15,775;62,94;3,99;45,12;0,00;0,00;17,82;28,32;39,51;1,41;88,09;;;
24/05/2026;;00000000010511;REPOLHO ROXO KG;1,410;12,67;8,99;5,25;0,00;0,00;7,42;58,60;141,55;0,59;88,68;;;
24/05/2026;;00000000007308;SALSA G;2,000;1,98;0,99;7,00;0,00;0,00;-5,02;-253,54;-71,71;-0,40;88,28;;;
24/05/2026;;00000000012320;SALSINHA UN;26,000;38,74;1,49;44,20;0,00;0,00;-5,46;-14,09;-12,35;-0,43;87,85;;;
24/05/2026;;00000000011761;TANGERINA POKAN KG;24,230;96,66;3,99;63,00;0,00;0,00;33,66;34,83;53,43;2,67;90,52;;;
24/05/2026;;00000000002497;TOMATE CARMEM KG;47,770;381,74;7,99;322,93;0,00;0,00;58,81;15,41;18,21;4,66;95,17;;;
24/05/2026;;00000000002429;TOMATE CEREJA UN.;3,000;14,97;4,99;13,74;0,00;0,00;1,23;8,22;8,95;0,10;95,27;;;
24/05/2026;;00000000002474;TOMATE GRAPE 180G UN.;1,000;6,49;6,49;5,42;0,00;0,00;1,07;16,49;19,74;0,08;95,36;;;
24/05/2026;;00000000010772;TOMATE ITALIANO KG;21,970;197,54;8,99;158,62;0,00;0,00;38,92;19,70;24,53;3,08;98,44;;;
24/05/2026;;00000000011623;TORTINHA DE LIMAO DA CASA P;1,000;5,99;5,99;0,00;0,00;0,00;5,99;100,00;0,00;0,47;98,91;;;
24/05/2026;;00000000019191;UVA PRETA S/ CAROCO BDJ 500G;20,000;119,80;5,99;120,00;0,00;0,00;-0,20;-0,17;-0,17;-0,02;98,90;;;
24/05/2026;;00000000019308;UVA VERDE S/ CAROCO BDJ 500G;7,000;62,93;8,99;49,00;0,00;0,00;13,93;22,14;28,43;1,10;100,00;;;
