Quebra;Quebra2;Código;Descrição;Quantidade;Faturamento;Preço médio;Custo Total;Imposto Estadual;Imposto Federal;Lucro;Margem;Markup;Participação;Acumulado;Classificação;ICMS ST;Fecop ST
01/05/2026;;00000000002519;OVOS CARTELA COM 30;70,000;1189,30;16,99;818,50;0,00;0,00;370,80;31,18;45,30;16,92;16,92;A;;
01/05/2026;;00000000008064;OVOS CARTELA COM 20;53,000;688,47;12,99;60,00;0,00;0,00;628,47;91,29;1047,45;9,80;26,72;A;;
01/05/2026;;00000000002494;BATATA LISA KG;111,225;499,46;4,49;245,78;0,00;0,00;253,68;50,79;103,21;7,11;33,83;A;;
01/05/2026;;00000000004799;CENOURA KG;46,855;421,22;8,99;153,09;0,00;0,00;268,13;63,66;175,15;5,99;39,82;A;;
01/05/2026;;00000000010772;TOMATE ITALIANO KG;45,225;347,78;7,69;207,99;0,00;0,00;139,79;40,19;67,21;4,95;44,77;A;;
01/05/2026;;00000000002496;ALHO KG;21,905;306,54;13,99;196,24;21,46;0,00;110,30;28,98;56,21;4,36;49,13;A;;
01/05/2026;;00000000002497;TOMATE CARMEM KG;43,650;305,14;6,99;228,65;0,00;0,00;76,49;25,07;33,46;4,34;53,47;A;;
01/05/2026;;00000000010525;MANGA PALMER KG;49,605;247,56;4,99;262,41;0,00;0,00;-14,85;-6,00;-5,66;3,52;57,00;A;;
01/05/2026;;00000000002495;CEBOLA GRAUDA KG;59,750;178,68;2,99;111,12;0,00;0,00;67,56;37,81;60,81;2,54;59,54;A;;
01/05/2026;;00000000019308;UVA VERDE S/ CAROCO BDJ 500G;17,000;169,83;9,99;112,50;0,00;0,00;57,33;33,76;50,96;2,42;61,96;A;;
01/05/2026;;00000000000471;CARTELA OVOS C/12;24,000;167,76;6,99;150,08;0,00;0,00;17,68;10,54;11,78;2,39;64,34;A;;
01/05/2026;;00000000012302;ALFACE CRESPA UN.;71,000;141,29;1,99;140,72;0,00;0,00;0,57;0,40;0,41;2,01;66,35;A;;
01/05/2026;;00000000010522;MARACUJA KG;19,895;139,06;6,99;134,89;0,00;0,00;4,17;3,00;3,09;1,98;68,33;A;;
01/05/2026;;00000000002502;PIMENTAO KG;13,045;134,21;10,29;61,76;0,00;0,00;72,45;53,98;117,30;1,91;70,24;A;;
01/05/2026;;00000000010627;MACA GALA KG;14,095;126,71;8,99;137,57;0,00;0,00;-10,86;-8,57;-7,89;1,80;72,05;A;;
01/05/2026;;00000000010507;QUIABO KG;14,118;112,80;7,99;83,86;0,00;0,00;28,94;25,66;34,51;1,61;73,65;A;;
01/05/2026;;00000000004803;JILO KG;13,295;106,22;7,99;70,33;0,00;0,00;35,89;33,79;51,03;1,51;75,16;A;;
01/05/2026;;00000000004801;BANANA PRATA KG;22,935;103,00;4,49;94,70;0,00;0,00;8,30;8,06;8,77;1,47;76,63;A;;
01/05/2026;;00000000007660;PERA WILLIAM KG;8,920;89,09;9,99;105,32;0,00;0,00;-16,23;-18,22;-15,41;1,27;77,90;A;;
01/05/2026;;00000000019191;UVA PRETA S/ CAROCO BDJ 500G;9,000;85,41;9,49;46,80;0,00;0,00;38,61;45,21;82,50;1,22;79,11;A;;
01/05/2026;;00000000002498;LIMAO KG;33,785;84,16;2,49;65,04;0,00;0,00;19,12;22,72;29,40;1,20;80,31;B;;
01/05/2026;;00000000010508;CEBOLA MIUDA KG;17,110;76,84;4,49;34,41;0,00;0,00;42,42;55,21;123,27;1,09;81,40;B;;
01/05/2026;;00000000012307;CHEIRO VERDE UN.;30,000;74,70;2,49;45,00;0,00;0,00;29,70;39,76;66,00;1,06;82,46;B;;
01/05/2026;;00000000004798;BETERRABA KG;13,070;71,76;5,49;57,63;0,00;0,00;14,13;19,68;24,51;1,02;83,49;B;;
01/05/2026;;00000000001557;BATATA DOCE KG;12,430;67,02;5,39;46,61;0,00;0,00;20,41;30,45;43,78;0,95;84,44;B;;
01/05/2026;;00000000005062;MAMAO PAPAIA UN.;18,000;66,42;3,69;41,22;0,00;0,00;25,20;37,94;61,14;0,95;85,38;B;;
01/05/2026;;00000000004797;LARANJA PERA KG;17,500;52,32;2,99;38,67;0,00;0,00;13,64;26,08;35,28;0,74;86,13;B;;
01/05/2026;;00000000010510;REPOLHO KG;11,840;51,97;4,39;22,73;0,00;0,00;29,24;56,26;128,61;0,74;86,87;B;;
01/05/2026;;00000000007432;OVOS CAIPIRA C/12;4,000;51,96;12,99;40,00;0,00;0,00;11,96;23,02;29,90;0,74;87,61;B;;
01/05/2026;;00000000012304;COUVE UN.;30,000;50,70;1,69;45,00;0,00;0,00;5,70;11,24;12,67;0,72;88,33;B;;
01/05/2026;;00000000004804;INHAME KG;10,065;50,22;4,99;49,41;0,00;0,00;0,81;1,61;1,64;0,71;89,04;B;;
01/05/2026;;00000000010532;KIWI KG;1,970;49,23;24,99;33,14;0,00;0,00;16,09;32,69;48,57;0,70;89,74;B;;
01/05/2026;;00000000010513;PEPINO KG;8,750;47,17;5,39;46,81;0,00;0,00;0,36;0,77;0,78;0,67;90,42;B;;
01/05/2026;;00000000010529;MACA VERDE KG;2,645;44,94;16,99;30,58;0,00;0,00;14,36;31,96;46,97;0,64;91,06;B;;
01/05/2026;;00000000002208;PIMENTAO PROMOCAO KG;9,407;44,13;4,69;0,00;0,00;0,00;44,13;100,00;0,00;0,63;91,68;B;;
01/05/2026;;00000000012320;SALSINHA UN;17,000;42,33;2,49;25,50;0,00;0,00;16,83;39,76;66,00;0,60;92,29;B;;
01/05/2026;;00000000002157;TOMATE PROMOCAO KG;9,521;37,98;3,99;0,00;0,00;0,00;37,98;100,00;0,00;0,54;92,83;B;;
01/05/2026;;00000000012303;AGRIAO UN.;14,000;34,86;2,49;16,20;0,00;0,00;18,66;53,53;115,19;0,50;93,32;B;;
01/05/2026;;00000000002137;MACA GALA SC 850GR;5,000;33,95;6,79;9,70;0,00;0,00;24,25;71,43;250,00;0,48;93,80;B;;
01/05/2026;;00000000009239;BANANA PROMOCAO BDJ;11,000;32,89;2,99;0,00;4,13;2,21;32,89;80,73;0,00;0,47;94,27;B;;
01/05/2026;;00000000010505;ABOBRINHA KG;16,125;32,08;1,99;48,37;0,00;0,00;-16,29;-50,79;-33,68;0,46;94,73;B;;
01/05/2026;;00000000004802;ABACAXI GRANDE UN.;4,000;31,96;7,99;22,00;0,00;0,00;9,96;31,16;45,27;0,45;95,18;C;;
01/05/2026;;00000000010521;MELAO COMUM KG;4,510;28,82;6,39;12,81;0,00;0,00;16,01;55,56;125,01;0,41;95,59;C;;
01/05/2026;;00000000010526;COCO SECO KG;5,830;27,93;4,79;18,97;5,72;0,00;8,96;11,63;47,27;0,40;95,99;C;;
01/05/2026;;00000000010511;REPOLHO ROXO KG;2,685;24,14;8,99;7,54;0,00;0,00;16,60;68,75;219,95;0,34;96,34;C;;
01/05/2026;;00000000010509;CEBOLA ROXA KG;3,975;23,82;5,99;15,93;0,00;0,00;7,89;33,14;49,57;0,34;96,67;C;;
01/05/2026;;00000000010512;PEPINO JAPONES KG;4,365;21,77;4,99;17,59;0,00;0,00;4,18;19,20;23,76;0,31;96,98;C;;
01/05/2026;;00000000004796;CHUCHU KG;10,320;20,55;1,99;65,53;0,00;0,00;-44,98;-218,89;-68,64;0,29;97,28;C;;
01/05/2026;;00000000011382;SOPA A VACUO;2,905;20,31;6,99;0,00;0,00;0,00;20,31;100,00;0,00;0,29;97,57;C;;
01/05/2026;;00000000010523;ABACATE KG;5,255;19,39;3,69;31,85;0,00;0,00;-12,46;-64,24;-39,11;0,28;97,84;C;;
01/05/2026;;00000000010506;BERINJELA KG;2,370;18,95;8,00;8,96;0,00;0,00;9,99;52,73;111,53;0,27;98,11;C;;
01/05/2026;;00000000010531;MACA FUJI KG;1,245;17,42;13,99;16,65;0,00;0,00;0,77;4,45;4,65;0,25;98,36;C;;
01/05/2026;;00000000010514;GENGIBRE KG;1,070;15,84;14,80;6,54;0,00;1,47;9,30;49,48;142,29;0,23;98,58;C;;
01/05/2026;;00000000005727;MACA GALA PROMOCAO SC 850GR;3,000;14,37;4,79;0,00;0,00;0,00;14,37;100,00;0,00;0,20;98,79;C;;
01/05/2026;;00000000004991;BATATA LISA PROMOCAO KG;5,679;14,14;2,49;0,00;0,00;0,00;14,14;100,00;0,00;0,20;98,99;C;;
01/05/2026;;00000000012306;HORTELA UN;5,000;12,45;2,49;4,50;0,00;0,00;7,95;63,86;176,67;0,18;99,17;C;;
01/05/2026;;00000000010518;BANANA DAGUA KG;3,085;12,00;3,89;8,24;0,00;0,00;3,76;31,36;45,68;0,17;99,34;C;;
01/05/2026;;00000000007308;SALSA G;10,000;9,90;0,99;35,00;0,00;0,00;-25,10;-253,54;-71,71;0,14;99,48;C;;
01/05/2026;;00000000011757;PIMENTAO VERMELHO E AMARELO KG;0,550;7,70;14,00;2,34;0,00;0,00;5,36;69,57;228,64;0,11;99,59;C;;
01/05/2026;;00000000011861;SANDUICHE NATURAL DA CASA;1,000;7,49;7,49;0,00;0,00;0,00;7,49;100,00;0,00;0,11;99,69;C;;
01/05/2026;;00000000002474;TOMATE GRAPE 180G UN.;1,000;6,49;6,49;5,00;0,00;0,00;1,49;22,96;29,80;0,09;99,79;C;;
01/05/2026;;00000000006451;SUCO DA CASA ABACAXI  500ML;1,000;4,99;4,99;0,00;0,00;0,00;4,99;100,00;0,00;0,07;99,86;C;;
01/05/2026;;00000000012312;LOURO UN.;2,000;4,98;2,49;2,40;0,00;0,00;2,58;51,81;107,50;0,07;99,93;C;;
01/05/2026;;00000000012305;COENTRO UN.;1,000;2,49;2,49;1,70;0,00;0,00;0,79;31,73;46,47;0,04;99,96;C;;
01/05/2026;;00000000012319;CEBOLINHA UN;1,000;2,49;2,49;0,70;0,00;0,00;1,79;71,89;255,71;0,04;100,00;C;;
02/05/2026;;00000000002519;OVOS CARTELA COM 30;58,000;1006,54;17,35;676,00;0,00;0,00;330,54;32,84;48,90;8,99;8,99;A;;
02/05/2026;;00000000008064;OVOS CARTELA COM 20;75,000;974,25;12,99;40,00;0,00;0,00;934,25;95,89;2335,63;8,70;17,68;A;;
02/05/2026;;00000000002494;BATATA LISA KG;171,695;968,15;5,64;396,11;0,00;0,00;572,04;59,09;144,41;8,64;26,33;A;;
02/05/2026;;00000000002497;TOMATE CARMEM KG;78,190;679,03;8,68;409,66;0,00;0,00;269,37;39,67;65,75;6,06;32,39;A;;
02/05/2026;;00000000004799;CENOURA KG;66,575;598,51;8,99;229,48;0,00;0,00;369,03;61,66;160,81;5,34;37,73;A;;
02/05/2026;;00000000010522;MARACUJA KG;67,875;542,83;8,00;456,60;0,00;0,00;86,23;15,88;18,88;4,85;42,58;A;;
02/05/2026;;00000000010772;TOMATE ITALIANO KG;57,525;490,17;8,52;282,11;0,00;0,00;208,06;42,45;73,75;4,38;46,95;A;;
02/05/2026;;00000000002496;ALHO KG;26,450;386,38;14,61;236,02;27,05;0,00;150,36;31,92;63,71;3,45;50,40;A;;
02/05/2026;;00000000012302;ALFACE CRESPA UN.;114,000;352,86;3,10;230,74;0,00;0,00;122,12;34,61;52,93;3,15;53,55;A;;
02/05/2026;;00000000004801;BANANA PRATA KG;69,875;348,49;4,99;290,00;0,00;0,00;58,49;16,78;20,17;3,11;56,66;A;;
02/05/2026;;00000000012309;BROCOLIS UN;36,000;257,04;7,14;232,50;0,00;0,00;24,54;9,55;10,55;2,29;58,96;A;;
02/05/2026;;00000000019308;UVA VERDE S/ CAROCO BDJ 500G;25,000;249,75;9,99;162,50;0,00;0,00;87,25;34,93;53,69;2,23;61,19;A;;
02/05/2026;;00000000002502;PIMENTAO KG;21,880;225,13;10,29;101,33;0,00;0,00;123,80;54,99;122,18;2,01;63,20;A;;
02/05/2026;;00000000012305;COENTRO UN.;88,000;219,07;2,49;149,60;0,00;0,00;69,47;31,71;46,44;1,96;65,15;A;;
02/05/2026;;00000000010508;CEBOLA MIUDA KG;48,870;217,01;4,44;97,74;0,00;0,00;119,27;54,96;122,03;1,94;67,09;A;;
02/05/2026;;00000000000471;CARTELA OVOS C/12;28,000;195,59;6,99;175,00;0,00;0,00;20,59;10,53;11,77;1,75;68,83;A;;
02/05/2026;;00000000010525;MANGA PALMER KG;32,095;190,40;5,93;169,78;0,00;0,00;20,62;10,83;12,14;1,70;70,53;A;;
02/05/2026;;00000000004797;LARANJA PERA KG;46,535;184,96;3,97;103,44;0,00;0,00;81,52;44,07;78,81;1,65;72,19;A;;
02/05/2026;;00000000010627;MACA GALA KG;18,555;182,70;9,85;180,74;0,00;0,00;1,96;1,07;1,08;1,63;73,82;A;;
02/05/2026;;00000000002498;LIMAO KG;49,961;174,38;3,49;97,91;0,00;0,00;76,47;43,85;78,11;1,56;75,37;A;;
02/05/2026;;00000000004803;JILO KG;21,310;168,83;7,92;112,73;0,00;0,00;56,10;33,23;49,77;1,51;76,88;A;;
02/05/2026;;00000000002495;CEBOLA GRAUDA KG;34,820;168,37;4,84;66,47;0,00;0,00;101,90;60,52;153,29;1,50;78,38;A;;
02/05/2026;;00000000019191;UVA PRETA S/ CAROCO BDJ 500G;16,000;151,84;9,49;83,20;0,00;0,00;68,64;45,21;82,50;1,36;79,74;A;;
02/05/2026;;00000000005372;LARANJA CX FECHADA;2,000;149,98;74,99;0,00;0,00;0,00;149,98;100,00;0,00;1,34;81,08;B;;
02/05/2026;;00000000010507;QUIABO KG;18,029;144,04;7,99;106,70;0,00;0,00;37,34;25,92;35,00;1,29;82,36;B;;
02/05/2026;;00000000010505;ABOBRINHA KG;28,540;114,93;4,03;84,98;0,00;0,00;29,95;26,06;35,25;1,03;83,39;B;;
02/05/2026;;00000000012304;COUVE UN.;46,000;114,54;2,49;67,80;0,00;0,00;46,74;40,81;68,94;1,02;84,41;B;;
02/05/2026;;00000000007660;PERA WILLIAM KG;9,875;98,67;9,99;117,18;0,00;0,00;-18,51;-18,76;-15,80;0,88;85,29;B;;
02/05/2026;;00000000002137;MACA GALA SC 850GR;14,000;95,06;6,79;30,64;0,00;0,00;64,42;67,77;210,25;0,85;86,14;B;;
02/05/2026;;00000000012307;CHEIRO VERDE UN.;36,000;89,64;2,49;54,00;0,00;0,00;35,64;39,76;66,00;0,80;86,94;B;;
02/05/2026;;00000000004796;CHUCHU KG;21,865;83,27;3,81;130,58;0,00;0,00;-47,31;-56,82;-36,23;0,74;87,68;B;;
02/05/2026;;00000000004802;ABACAXI GRANDE UN.;10,000;79,90;7,99;55,00;0,00;0,00;24,90;31,16;45,27;0,71;88,40;B;;
02/05/2026;;00000000004798;BETERRABA KG;13,780;75,65;5,49;60,69;0,00;0,00;14,96;19,77;24,64;0,68;89,07;B;;
02/05/2026;;00000000001557;BATATA DOCE KG;14,475;74,26;5,13;54,02;0,00;0,00;20,24;27,25;37,46;0,66;89,74;B;;
02/05/2026;;00000000004804;INHAME KG;14,870;74,21;4,99;72,60;0,00;0,00;1,61;2,17;2,22;0,66;90,40;B;;
02/05/2026;;00000000005062;MAMAO PAPAIA UN.;18,000;66,42;3,69;41,22;0,00;0,00;25,20;37,94;61,14;0,59;90,99;B;;
02/05/2026;;00000000010510;REPOLHO KG;15,155;65,79;4,34;29,99;0,00;0,00;35,80;54,42;119,39;0,59;91,58;B;;
02/05/2026;;00000000012320;SALSINHA UN;26,000;64,74;2,49;39,00;0,00;0,00;25,74;39,76;66,00;0,58;92,16;B;;
02/05/2026;;00000000010512;PEPINO JAPONES KG;11,865;59,19;4,99;47,81;0,00;0,00;11,38;19,23;23,81;0,53;92,69;B;;
02/05/2026;;00000000010518;BANANA DAGUA KG;14,695;58,64;3,99;39,24;0,00;0,00;19,40;33,09;49,46;0,52;93,21;B;;
02/05/2026;;00000000010509;CEBOLA ROXA KG;9,265;55,51;5,99;37,21;0,00;0,00;18,30;32,97;49,18;0,50;93,70;B;;
02/05/2026;;00000000010506;BERINJELA KG;6,525;52,13;7,99;24,94;0,00;0,00;27,19;52,15;108,99;0,47;94,17;B;;
02/05/2026;;00000000011757;PIMENTAO VERMELHO E AMARELO KG;3,660;51,24;14,00;15,59;0,00;0,00;35,65;69,57;228,64;0,46;94,63;B;;
02/05/2026;;00000000010529;MACA VERDE KG;3,010;51,14;16,99;35,13;0,00;0,00;16,01;31,31;45,59;0,46;95,08;C;;
02/05/2026;;00000000010523;ABACATE KG;11,525;50,59;4,39;69,84;0,00;0,00;-19,25;-38,05;-27,56;0,45;95,54;C;;
02/05/2026;;00000000010513;PEPINO KG;9,345;50,35;5,39;49,22;0,00;0,00;1,13;2,25;2,30;0,45;95,98;C;;
02/05/2026;;00000000010526;COCO SECO KG;8,975;42,98;4,79;29,26;8,60;0,00;13,72;11,93;46,90;0,38;96,37;C;;
02/05/2026;;00000000010531;MACA FUJI KG;2,805;39,24;13,99;37,50;0,00;0,00;1,74;4,43;4,63;0,35;96,72;C;;
02/05/2026;;00000000007432;OVOS CAIPIRA C/12;3,000;38,97;12,99;30,00;0,00;0,00;8,97;23,02;29,90;0,35;97,07;C;;
02/05/2026;;00000000012303;AGRIAO UN.;15,000;37,35;2,49;17,40;0,00;0,00;19,95;53,41;114,66;0,33;97,40;C;;
02/05/2026;;00000000010521;MELAO COMUM KG;4,380;28,00;6,39;12,44;0,00;0,00;15,56;55,57;125,09;0,25;97,65;C;;
02/05/2026;;00000000010530;MACA  ARGENTINA KG;1,405;26,68;18,99;16,35;0,00;0,00;10,33;38,70;63,14;0,24;97,89;C;;
02/05/2026;;00000000010532;KIWI KG;1,050;26,23;24,98;17,66;0,00;0,00;8,57;32,67;48,52;0,23;98,12;C;;
02/05/2026;;00000000002474;TOMATE GRAPE 180G UN.;4,000;25,96;6,49;20,00;0,00;0,00;5,96;22,96;29,80;0,23;98,35;C;;
02/05/2026;;00000000004991;BATATA LISA PROMOCAO KG;10,128;25,22;2,49;0,00;0,00;0,00;25,22;100,00;0,00;0,23;98,58;C;;
02/05/2026;;00000000006451;SUCO DA CASA ABACAXI  500ML;4,000;19,96;4,99;0,00;0,00;0,00;19,96;100,00;0,00;0,18;98,76;C;;
02/05/2026;;00000000012306;HORTELA UN;8,000;19,92;2,49;7,20;0,00;0,00;12,72;63,86;176,67;0,18;98,94;C;;
02/05/2026;;00000000010514;GENGIBRE KG;1,270;18,79;14,80;7,76;0,00;1,74;11,03;49,45;142,15;0,17;99,10;C;;
02/05/2026;;00000000007563;SUCO DA CASA MANGA 500ML;3,000;14,97;4,99;0,00;0,00;0,00;14,97;100,00;0,00;0,13;99,24;C;;
02/05/2026;;00000000005727;MACA GALA PROMOCAO SC 850GR;3,000;14,37;4,79;0,00;0,00;0,00;14,37;100,00;0,00;0,13;99,36;C;;
02/05/2026;;00000000009239;BANANA PROMOCAO BDJ;4,000;11,96;2,99;0,00;1,44;1,11;11,96;78,75;0,00;0,11;99,47;C;;
02/05/2026;;00000000000258;CENOURA PROMOCAO KG;5,914;11,77;1,99;38,44;0,00;0,00;-26,67;-226,60;-69,38;0,11;99,58;C;;
02/05/2026;;00000000012312;LOURO UN.;4,000;9,96;2,49;4,80;0,00;0,00;5,16;51,81;107,50;0,09;99,67;C;;
02/05/2026;;00000000012308;COUVE FLOR UN.;1,000;7,99;7,99;6,00;0,00;0,00;1,99;24,91;33,17;0,07;99,74;C;;
02/05/2026;;00000000007308;SALSA G;6,000;5,94;0,99;21,00;0,00;0,00;-15,06;-253,54;-71,71;0,05;99,79;C;;
02/05/2026;;00000000011761;TANGERINA POKAN KG;1,060;5,61;5,29;4,50;0,00;0,00;1,10;19,70;24,53;0,05;99,84;C;;
02/05/2026;;00000000011382;SOPA A VACUO;0,797;5,57;6,99;0,00;0,00;0,00;5,57;100,00;0,00;0,05;99,89;C;;
02/05/2026;;00000000002208;PIMENTAO PROMOCAO KG;1,047;4,91;4,69;0,00;0,00;0,00;4,91;100,00;0,00;0,04;99,93;C;;
02/05/2026;;00000000002157;TOMATE PROMOCAO KG;1,128;4,50;3,99;0,00;0,00;0,00;4,50;100,00;0,00;0,04;99,97;C;;
02/05/2026;;00000000010528;CAQUI KG;0,535;2,94;5,50;1,50;0,00;0,00;1,44;48,87;95,56;0,03;100,00;C;;
03/05/2026;;00000000002494;BATATA LISA KG;122,130;916,47;7,50;294,78;0,00;0,00;621,69;67,84;210,90;14,86;14,86;A;;
03/05/2026;;00000000002519;OVOS CARTELA COM 30;31,000;534,69;17,25;367,18;0,00;0,00;167,51;31,33;45,62;8,67;23,54;A;;
03/05/2026;;00000000002497;TOMATE CARMEM KG;50,755;431,79;8,51;270,96;0,00;0,00;160,83;37,25;59,35;7,00;30,54;A;;
03/05/2026;;00000000004801;BANANA PRATA KG;84,080;419,55;4,99;344,20;0,00;0,00;75,35;17,96;21,89;6,80;37,35;A;;
03/05/2026;;00000000004799;CENOURA KG;40,240;361,78;8,99;141,39;0,00;0,00;220,39;60,92;155,86;5,87;43,21;A;;
03/05/2026;;00000000008064;OVOS CARTELA COM 20;18,000;233,82;12,99;0,00;0,00;0,00;233,82;100,00;0,00;3,79;47,01;A;;
03/05/2026;;00000000010525;MANGA PALMER KG;36,735;219,99;5,99;193,11;0,00;0,00;26,88;12,22;13,92;3,57;50,57;A;;
03/05/2026;;00000000010522;MARACUJA KG;26,460;214,92;8,12;173,80;0,00;0,00;41,12;19,13;23,66;3,49;54,06;A;;
03/05/2026;;00000000010772;TOMATE ITALIANO KG;24,000;212,14;8,84;115,03;0,00;0,00;97,11;45,78;84,42;3,44;57,50;A;;
03/05/2026;;00000000012302;ALFACE CRESPA UN.;61,000;194,59;3,19;121,96;0,00;0,00;72,63;37,32;59,55;3,16;60,66;A;;
03/05/2026;;00000000002496;ALHO KG;12,665;183,95;14,52;116,55;12,87;0,00;67,40;29,64;57,83;2,98;63,64;A;;
03/05/2026;;00000000010508;CEBOLA MIUDA KG;35,375;158,82;4,49;82,28;0,00;0,00;76,54;48,19;93,03;2,58;66,22;A;;
03/05/2026;;00000000012305;COENTRO UN.;60,000;149,40;2,49;102,00;0,00;0,00;47,40;31,73;46,47;2,42;68,64;A;;
03/05/2026;;00000000010507;QUIABO KG;16,386;130,91;7,99;95,69;0,00;0,00;35,22;26,90;36,80;2,12;70,76;A;;
03/05/2026;;00000000019308;UVA VERDE S/ CAROCO BDJ 500G;11,000;109,89;9,99;72,50;0,00;0,00;37,39;34,02;51,57;1,78;72,54;A;;
03/05/2026;;00000000010627;MACA GALA KG;10,185;100,66;9,88;98,62;0,00;0,00;2,04;2,03;2,07;1,63;74,18;A;;
03/05/2026;;00000000002502;PIMENTAO KG;9,150;94,15;10,29;53,98;0,00;0,00;40,17;42,66;74,41;1,53;75,70;A;;
03/05/2026;;00000000004803;JILO KG;11,680;93,32;7,99;61,79;0,00;0,00;31,53;33,79;51,03;1,51;77,22;A;;
03/05/2026;;00000000001557;BATATA DOCE KG;17,185;85,77;4,99;64,44;0,00;0,00;21,33;24,86;33,09;1,39;78,61;A;;
03/05/2026;;00000000004798;BETERRABA KG;14,985;82,27;5,49;70,28;0,00;0,00;11,99;14,57;17,06;1,33;79,94;A;;
03/05/2026;;00000000005062;MAMAO PAPAIA UN.;22,000;81,18;3,69;50,38;0,00;0,00;30,80;37,94;61,14;1,32;81,26;B;;
03/05/2026;;00000000019191;UVA PRETA S/ CAROCO BDJ 500G;8,000;75,92;9,49;41,60;0,00;0,00;34,32;45,21;82,50;1,23;82,49;B;;
03/05/2026;;00000000002498;LIMAO KG;21,570;75,30;3,49;42,16;0,00;0,00;33,14;44,01;78,61;1,22;83,71;B;;
03/05/2026;;00000000004797;LARANJA PERA KG;18,710;73,66;3,94;45,22;0,00;0,00;28,44;38,61;62,89;1,19;84,91;B;;
03/05/2026;;00000000004804;INHAME KG;14,735;73,54;4,99;75,89;0,00;0,00;-2,35;-3,19;-3,09;1,19;86,10;B;;
03/05/2026;;00000000012304;COUVE UN.;28,000;69,72;2,49;42,00;0,00;0,00;27,72;39,76;66,00;1,13;87,23;B;;
03/05/2026;;00000000012307;CHEIRO VERDE UN.;28,000;69,72;2,49;42,40;0,00;0,00;27,32;39,19;64,43;1,13;88,36;B;;
03/05/2026;;00000000002495;CEBOLA GRAUDA KG;13,045;65,08;4,99;23,09;0,00;0,00;41,99;64,52;181,86;1,06;89,42;B;;
03/05/2026;;00000000000471;CARTELA OVOS C/12;8,000;55,92;6,99;56,24;0,00;0,00;-0,32;-0,57;-0,57;0,91;90,32;B;;
03/05/2026;;00000000010526;COCO SECO KG;11,330;54,29;4,79;37,00;10,94;0,00;17,29;11,70;46,74;0,88;91,20;B;;
03/05/2026;;00000000010510;REPOLHO KG;11,435;50,20;4,39;26,90;0,00;0,00;23,30;46,41;86,60;0,81;92,02;B;;
03/05/2026;;00000000012320;SALSINHA UN;18,000;44,82;2,49;27,00;0,00;0,00;17,82;39,76;66,00;0,73;92,75;B;;
03/05/2026;;00000000008283;OVOS CAIPIRA  CARTELA COM 30;3,000;37,47;12,49;0,00;0,00;0,00;37,47;100,00;0,00;0,61;93,35;B;;
03/05/2026;;00000000004796;CHUCHU KG;8,845;35,28;3,99;56,17;0,00;0,00;-20,89;-59,20;-37,19;0,57;93,93;B;;
03/05/2026;;00000000010518;BANANA DAGUA KG;8,790;35,08;3,99;23,87;0,00;0,00;11,21;31,96;46,96;0,57;94,49;B;;
03/05/2026;;00000000010509;CEBOLA ROXA KG;5,835;34,98;5,99;24,42;0,00;0,00;10,56;30,20;43,26;0,57;95,06;C;;
03/05/2026;;00000000012303;AGRIAO UN.;13,000;32,37;2,49;15,60;0,00;0,00;16,77;51,81;107,50;0,53;95,59;C;;
03/05/2026;;00000000010521;MELAO COMUM KG;4,585;29,30;6,39;13,02;0,00;0,00;16,28;55,56;125,01;0,48;96,06;C;;
03/05/2026;;00000000010531;MACA FUJI KG;1,925;26,93;13,99;25,74;0,00;0,00;1,19;4,43;4,63;0,44;96,50;C;;
03/05/2026;;00000000010505;ABOBRINHA KG;5,430;22,26;4,10;16,14;0,00;0,00;6,12;27,48;37,89;0,36;96,86;C;;
03/05/2026;;00000000010530;MACA  ARGENTINA KG;1,060;20,13;18,99;12,25;0,00;0,00;7,88;39,14;64,30;0,33;97,19;C;;
03/05/2026;;00000000010532;KIWI KG;0,625;15,62;24,99;10,51;0,00;0,00;5,11;32,70;48,59;0,25;97,44;C;;
03/05/2026;;00000000010513;PEPINO KG;2,805;15,11;5,39;14,44;0,00;0,00;0,67;4,40;4,61;0,25;97,69;C;;
03/05/2026;;00000000010512;PEPINO JAPONES KG;2,815;14,06;4,99;10,98;0,00;0,00;3,08;21,90;28,03;0,23;97,91;C;;
03/05/2026;;00000000002137;MACA GALA SC 850GR;2,000;13,58;6,79;3,88;0,00;0,00;9,70;71,43;250,00;0,22;98,13;C;;
03/05/2026;;00000000007432;OVOS CAIPIRA C/12;1,000;12,99;12,99;10,00;0,00;0,00;2,99;23,02;29,90;0,21;98,34;C;;
03/05/2026;;00000000012312;LOURO UN.;7,000;12,93;1,85;8,40;0,00;0,00;4,53;35,03;53,93;0,21;98,55;C;;
03/05/2026;;00000000010529;MACA VERDE KG;0,745;12,66;16,99;8,69;0,00;0,00;3,97;31,33;45,62;0,21;98,76;C;;
03/05/2026;;00000000010523;ABACATE KG;2,780;12,21;4,39;11,56;0,00;0,00;0,65;5,29;5,58;0,20;98,96;C;;
03/05/2026;;00000000011757;PIMENTAO VERMELHO E AMARELO KG;0,645;9,03;14,00;2,75;0,00;0,00;6,28;69,57;228,64;0,15;99,10;C;;
03/05/2026;;00000000010511;REPOLHO ROXO KG;0,980;8,81;8,99;2,78;0,00;0,00;6,03;68,47;217,19;0,14;99,25;C;;
03/05/2026;;00000000004802;ABACAXI GRANDE UN.;1,000;7,99;7,99;5,50;0,00;0,00;2,49;31,16;45,27;0,13;99,38;C;;
03/05/2026;;00000000010506;BERINJELA KG;0,975;7,79;7,99;3,69;0,00;0,00;4,10;52,69;111,37;0,13;99,50;C;;
03/05/2026;;00000000002474;TOMATE GRAPE 180G UN.;1,000;6,49;6,49;5,00;0,00;0,00;1,49;22,96;29,80;0,11;99,61;C;;
03/05/2026;;00000000004889;MELANCIA KG;1,612;6,11;3,79;4,24;0,00;0,00;1,87;30,61;44,12;0,10;99,71;C;;
03/05/2026;;00000000011382;SOPA A VACUO;0,837;5,85;6,99;0,00;0,00;0,00;5,85;100,00;0,00;0,09;99,80;C;;
03/05/2026;;00000000007660;PERA WILLIAM KG;0,445;4,45;10,00;5,47;0,00;0,00;-1,02;-23,00;-18,70;0,07;99,87;C;;
03/05/2026;;00000000000258;CENOURA PROMOCAO KG;1,557;3,10;1,99;10,12;0,00;0,00;-7,02;-226,47;-69,37;0,05;99,92;C;;
03/05/2026;;00000000012306;HORTELA UN;1,000;2,49;2,49;0,90;0,00;0,00;1,59;63,86;176,67;0,04;99,96;C;;
03/05/2026;;00000000010514;GENGIBRE KG;0,080;1,18;14,75;0,50;0,00;0,00;0,68;57,97;137,90;0,02;99,98;C;;
03/05/2026;;00000000007308;SALSA G;1,000;0,99;0,99;3,50;0,00;0,00;-2,51;-253,54;-71,71;0,02;100,00;C;;
04/05/2026;;00000000002519;OVOS CARTELA COM 30;41,000;698,52;17,04;474,17;0,00;0,00;224,35;32,12;47,31;11,64;11,64;A;;
04/05/2026;;00000000002494;BATATA LISA KG;65,925;523,96;7,95;128,12;0,00;0,00;395,83;75,55;308,94;8,73;20,37;A;;
04/05/2026;;00000000008064;OVOS CARTELA COM 20;30,000;359,70;11,99;0,00;0,00;0,00;359,70;100,00;0,00;5,99;26,36;A;;
04/05/2026;;00000000002497;TOMATE CARMEM KG;28,805;256,61;8,91;151,18;0,00;0,00;105,43;41,09;69,74;4,28;30,63;A;;
04/05/2026;;00000000002496;ALHO KG;17,810;250,90;14,09;157,97;17,55;0,00;92,93;30,04;58,83;4,18;34,81;A;;
04/05/2026;;00000000010522;MARACUJA KG;29,270;235,09;8,03;196,45;0,00;0,00;38,64;16,44;19,67;3,92;38,73;A;;
04/05/2026;;00000000010772;TOMATE ITALIANO KG;25,430;228,62;8,99;115,96;0,00;0,00;112,66;49,28;97,15;3,81;42,54;A;;
04/05/2026;;00000000019308;UVA VERDE S/ CAROCO BDJ 500G;21,000;209,79;9,99;139,50;0,00;0,00;70,29;33,50;50,39;3,50;46,04;A;;
04/05/2026;;00000000004801;BANANA PRATA KG;35,545;177,36;4,99;147,44;0,00;0,00;29,92;16,87;20,30;2,95;48,99;A;;
04/05/2026;;00000000012305;COENTRO UN.;68,000;169,32;2,49;115,60;0,00;0,00;53,72;31,73;46,47;2,82;51,81;A;;
04/05/2026;;00000000012302;ALFACE CRESPA UN.;62,000;165,28;2,67;128,14;0,00;0,00;37,14;22,47;28,98;2,75;54,56;A;;
04/05/2026;;00000000000471;CARTELA OVOS C/12;23,000;160,77;6,99;143,75;0,00;0,00;17,02;10,59;11,84;2,68;57,24;A;;
04/05/2026;;00000000004799;CENOURA KG;17,150;154,17;8,99;51,06;0,00;0,00;103,11;66,88;201,96;2,57;59,81;A;;
04/05/2026;;00000000010508;CEBOLA MIUDA KG;27,115;121,73;4,49;54,90;0,00;0,00;66,83;54,90;121,73;2,03;61,84;A;;
04/05/2026;;00000000004803;JILO KG;15,090;120,57;7,99;79,83;0,00;0,00;40,74;33,79;51,04;2,01;63,85;A;;
04/05/2026;;00000000010627;MACA GALA KG;11,975;118,54;9,90;116,88;0,00;0,00;1,66;1,40;1,42;1,97;65,82;A;;
04/05/2026;;00000000002495;CEBOLA GRAUDA KG;23,220;115,83;4,99;42,44;0,00;0,00;73,39;63,36;172,92;1,93;67,75;A;;
04/05/2026;;00000000010525;MANGA PALMER KG;17,430;104,37;5,99;92,20;0,00;0,00;12,17;11,66;13,19;1,74;69,49;A;;
04/05/2026;;00000000002137;MACA GALA SC 850GR;13,000;88,24;6,79;31,91;0,00;0,00;56,33;63,84;176,53;1,47;70,96;A;;
04/05/2026;;00000000002502;PIMENTAO KG;8,305;85,43;10,29;37,69;0,00;0,00;47,74;55,88;126,66;1,42;72,39;A;;
04/05/2026;;00000000012304;COUVE UN.;34,000;84,66;2,49;51,00;0,00;0,00;33,66;39,76;66,00;1,41;73,80;A;;
04/05/2026;;00000000004798;BETERRABA KG;15,170;83,29;5,49;67,94;0,00;0,00;15,35;18,43;22,60;1,39;75,18;A;;
04/05/2026;;00000000010507;QUIABO KG;9,727;77,72;7,99;57,78;0,00;0,00;19,94;25,66;34,51;1,29;76,48;A;;
04/05/2026;;00000000005062;MAMAO PAPAIA UN.;21,000;77,49;3,69;48,09;0,00;0,00;29,40;37,94;61,14;1,29;77,77;A;;
04/05/2026;;00000000012309;BROCOLIS UN;11,000;76,89;6,99;71,50;0,00;0,00;5,39;7,01;7,54;1,28;79,05;A;;
04/05/2026;;00000000019191;UVA PRETA S/ CAROCO BDJ 500G;8,000;75,92;9,49;41,60;0,00;0,00;34,32;45,21;82,50;1,26;80,31;B;;
04/05/2026;;00000000012307;CHEIRO VERDE UN.;30,000;74,70;2,49;45,20;0,00;0,00;29,50;39,49;65,27;1,24;81,56;B;;
04/05/2026;;00000000002498;LIMAO KG;20,885;72,85;3,49;40,92;0,00;0,00;31,93;43,83;78,04;1,21;82,77;B;;
04/05/2026;;00000000004797;LARANJA PERA KG;17,825;71,03;3,98;39,72;0,00;0,00;31,31;44,08;78,82;1,18;83,96;B;;
04/05/2026;;00000000010532;KIWI KG;2,680;66,98;24,99;45,08;0,00;0,00;21,90;32,70;48,59;1,12;85,07;B;;
04/05/2026;;00000000010523;ABACATE KG;14,205;62,38;4,39;86,08;0,00;0,00;-23,70;-38,00;-27,53;1,04;86,11;B;;
04/05/2026;;00000000004804;INHAME KG;12,385;61,79;4,99;63,78;0,00;0,00;-1,99;-3,23;-3,12;1,03;87,14;B;;
04/05/2026;;00000000011761;TANGERINA POKAN KG;10,710;56,63;5,29;45,57;0,00;0,00;11,06;19,53;24,27;0,94;88,08;B;;
04/05/2026;;00000000004793;ABOBORA SERGIPANA KG;11,287;56,32;4,99;39,50;0,00;0,00;16,82;29,86;42,57;0,94;89,02;B;;
04/05/2026;;00000000012320;SALSINHA UN;22,000;54,78;2,49;33,00;0,00;0,00;21,78;39,76;66,00;0,91;89,94;B;;
04/05/2026;;00000000001557;BATATA DOCE KG;10,490;52,93;5,05;39,11;0,00;0,00;13,82;26,12;35,35;0,88;90,82;B;;
04/05/2026;;00000000012204;SANDUICHE DE PATE DA CASA;7,000;48,93;6,99;0,00;0,00;0,00;48,93;100,00;0,00;0,82;91,63;B;;
04/05/2026;;00000000012303;AGRIAO UN.;13,000;32,37;2,49;15,60;0,00;0,00;16,77;51,81;107,50;0,54;92,17;B;;
04/05/2026;;00000000004802;ABACAXI GRANDE UN.;4,000;31,96;7,99;22,00;0,00;0,00;9,96;31,16;45,27;0,53;92,70;B;;
04/05/2026;;00000000010505;ABOBRINHA KG;8,000;31,92;3,99;24,00;0,00;0,00;7,92;24,81;33,00;0,53;93,24;B;;
04/05/2026;;00000000011757;PIMENTAO VERMELHO E AMARELO KG;2,140;29,95;14,00;9,12;0,00;0,00;20,83;69,56;228,53;0,50;93,73;B;;
04/05/2026;;00000000010531;MACA FUJI KG;2,090;29,24;13,99;27,94;0,00;0,00;1,30;4,43;4,64;0,49;94,22;B;;
04/05/2026;;00000000004796;CHUCHU KG;7,225;28,84;3,99;45,88;0,00;0,00;-17,04;-59,08;-37,14;0,48;94,70;B;;
04/05/2026;;00000000009239;BANANA PROMOCAO BDJ;9,000;26,91;2,99;0,00;3,23;2,49;26,91;78,75;0,00;0,45;95,15;C;;
04/05/2026;;00000000007432;OVOS CAIPIRA C/12;2,000;25,98;12,99;20,00;0,00;0,00;5,98;23,02;29,90;0,43;95,58;C;;
04/05/2026;;00000000010518;BANANA DAGUA KG;6,295;25,11;3,99;17,56;0,00;0,00;7,54;30,05;42,95;0,42;96,00;C;;
04/05/2026;;00000000008283;OVOS CAIPIRA  CARTELA COM 30;2,000;24,98;12,49;0,00;0,00;0,00;24,98;100,00;0,00;0,42;96,42;C;;
04/05/2026;;00000000007660;PERA WILLIAM KG;2,285;22,82;9,99;28,11;0,00;0,00;-5,29;-23,16;-18,81;0,38;96,80;C;;
04/05/2026;;00000000012306;HORTELA UN;8,000;19,92;2,49;7,20;0,00;0,00;12,72;63,86;176,67;0,33;97,13;C;;
04/05/2026;;00000000010510;REPOLHO KG;4,470;19,62;4,39;8,58;0,00;0,00;11,04;56,26;128,61;0,33;97,46;C;;
04/05/2026;;00000000010513;PEPINO KG;3,610;19,45;5,39;19,46;0,00;0,00;-0,01;-0,04;-0,04;0,32;97,78;C;;
04/05/2026;;00000000010509;CEBOLA ROXA KG;3,225;19,33;5,99;13,03;0,00;0,00;6,30;32,60;48,36;0,32;98,10;C;;
04/05/2026;;00000000010529;MACA VERDE KG;1,105;18,78;17,00;12,90;0,00;0,00;5,88;31,33;45,63;0,31;98,42;C;;
04/05/2026;;00000000010526;COCO SECO KG;3,785;18,14;4,79;12,44;3,76;0,00;5,70;10,68;45,84;0,30;98,72;C;;
04/05/2026;;00000000010512;PEPINO JAPONES KG;3,150;15,71;4,99;12,58;0,00;0,00;3,13;19,90;24,84;0,26;98,98;C;;
04/05/2026;;00000000010506;BERINJELA KG;1,405;11,22;7,99;5,31;0,00;0,00;5,91;52,67;111,26;0,19;99,17;C;;
04/05/2026;;00000000006451;SUCO DA CASA ABACAXI  500ML;2,000;9,98;4,99;0,00;0,00;0,00;9,98;100,00;0,00;0,17;99,33;C;;
04/05/2026;;00000000007562;SUCO DA CASA MARACUJA  500ML;1,000;4,99;4,99;0,00;0,00;0,00;4,99;100,00;0,00;0,08;99,42;C;;
04/05/2026;;00000000012312;LOURO UN.;2,000;4,98;2,49;2,40;0,00;0,00;2,58;51,81;107,50;0,08;99,50;C;;
04/05/2026;;00000000007308;SALSA G;5,000;4,95;0,99;17,50;0,00;0,00;-12,55;-253,54;-71,71;0,08;99,58;C;;
04/05/2026;;00000000010511;REPOLHO ROXO KG;0,550;4,94;8,98;1,55;0,00;0,00;3,39;68,71;219,64;0,08;99,66;C;;
04/05/2026;;00000000005727;MACA GALA PROMOCAO SC 850GR;1,000;4,79;4,79;0,00;0,00;0,00;4,79;100,00;0,00;0,08;99,74;C;;
04/05/2026;;00000000010530;MACA  ARGENTINA KG;0,250;4,75;19,00;2,91;0,00;0,00;1,84;38,74;63,23;0,08;99,82;C;;
04/05/2026;;00000000002208;PIMENTAO PROMOCAO KG;0,855;4,01;4,69;0,00;0,00;0,00;4,01;100,00;0,00;0,07;99,89;C;;
04/05/2026;;00000000010514;GENGIBRE KG;0,230;3,40;14,78;1,41;0,00;0,31;1,99;49,42;141,94;0,06;99,95;C;;
04/05/2026;;00000000010528;CAQUI KG;0,585;3,21;5,49;1,64;0,00;0,00;1,57;48,79;95,27;0,05;100,00;C;;
05/05/2026;;00000000002494;BATATA LISA KG;156,680;1251,92;7,99;310,11;0,00;0,00;941,81;75,23;303,71;12,63;12,63;A;;
05/05/2026;;00000000002519;OVOS CARTELA COM 30;52,000;832,48;16,01;603,34;0,00;0,00;229,14;27,52;37,98;8,40;21,03;A;;
05/05/2026;;00000000008064;OVOS CARTELA COM 20;49,000;587,51;11,99;30,00;0,00;0,00;557,51;94,89;1858,37;5,93;26,96;A;;
05/05/2026;;00000000004801;BANANA PRATA KG;110,210;549,96;4,99;456,53;0,00;0,00;93,43;16,99;20,46;5,55;32,50;A;;
05/05/2026;;00000000010772;TOMATE ITALIANO KG;52,910;475,71;8,99;242,16;0,00;0,00;233,55;49,10;96,44;4,80;37,30;A;;
05/05/2026;;00000000002496;ALHO KG;34,225;449,00;13,12;306,10;31,42;0,00;142,90;24,83;46,68;4,53;41,83;A;;
05/05/2026;;00000000012309;BROCOLIS UN;92,000;431,48;4,69;593,00;0,00;0,00;-161,52;-37,43;-27,24;4,35;46,18;A;;
05/05/2026;;00000000004799;CENOURA KG;40,500;364,10;8,99;116,38;0,00;0,00;247,72;68,04;212,86;3,67;49,86;A;;
05/05/2026;;00000000010522;MARACUJA KG;50,620;353,87;6,99;339,34;0,00;0,00;14,53;4,11;4,28;3,57;53,43;A;;
05/05/2026;;00000000002497;TOMATE CARMEM KG;33,350;299,83;8,99;176,36;0,00;0,00;123,47;41,18;70,01;3,02;56,45;A;;
05/05/2026;;00000000011761;TANGERINA POKAN KG;46,400;226,89;4,89;197,33;0,00;0,00;29,56;13,03;14,98;2,29;58,74;A;;
05/05/2026;;00000000010627;MACA GALA KG;23,205;208,61;8,99;226,48;0,00;0,00;-17,87;-8,57;-7,89;2,10;60,85;A;;
05/05/2026;;00000000002137;MACA GALA SC 850GR;37,000;203,13;5,49;74,01;0,00;0,00;129,12;63,57;174,46;2,05;62,90;A;;
05/05/2026;;00000000019308;UVA VERDE S/ CAROCO BDJ 500G;20,000;199,21;9,96;130,00;0,00;0,00;69,21;34,74;53,24;2,01;64,91;A;;
05/05/2026;;00000000010507;QUIABO KG;24,348;194,53;7,99;144,63;0,00;0,00;49,90;25,65;34,50;1,96;66,87;A;;
05/05/2026;;00000000002495;CEBOLA GRAUDA KG;35,025;174,81;4,99;64,31;0,00;0,00;110,50;63,21;171,81;1,76;68,63;A;;
05/05/2026;;00000000004804;INHAME KG;34,590;172,63;4,99;184,16;0,00;0,00;-11,53;-6,68;-6,26;1,74;70,37;A;;
05/05/2026;;00000000012302;ALFACE CRESPA UN.;86,000;153,94;1,79;175,56;0,00;0,00;-21,62;-14,04;-12,31;1,55;71,93;A;;
05/05/2026;;00000000012305;COENTRO UN.;76,000;151,24;1,99;129,20;0,00;0,00;22,04;14,57;17,06;1,53;73,45;A;;
05/05/2026;;00000000002502;PIMENTAO KG;14,585;150,07;10,29;67,90;0,00;0,00;82,17;54,75;121,01;1,51;74,97;A;;
05/05/2026;;00000000010518;BANANA DAGUA KG;39,040;147,96;3,79;105,48;0,00;0,00;42,48;28,71;40,27;1,49;76,46;A;;
05/05/2026;;00000000004803;JILO KG;15,105;120,68;7,99;79,91;0,00;0,00;40,77;33,79;51,03;1,22;77,68;A;;
05/05/2026;;00000000012307;CHEIRO VERDE UN.;67,000;119,93;1,79;100,50;0,00;0,00;19,43;16,20;19,33;1,21;78,89;A;;
05/05/2026;;00000000012304;COUVE UN.;64,000;114,56;1,79;96,00;0,00;0,00;18,56;16,20;19,33;1,16;80,04;B;;
05/05/2026;;00000000001557;BATATA DOCE KG;22,065;110,12;4,99;82,62;0,00;0,00;27,50;24,97;33,28;1,11;81,15;B;;
05/05/2026;;00000000004797;LARANJA PERA KG;29,800;106,97;3,59;66,58;0,00;0,00;40,39;37,76;60,66;1,08;82,23;B;;
05/05/2026;;00000000019191;UVA PRETA S/ CAROCO BDJ 500G;11,000;104,39;9,49;57,20;0,00;0,00;47,19;45,21;82,50;1,05;83,28;B;;
05/05/2026;;00000000004798;BETERRABA KG;19,000;104,30;5,49;84,32;0,00;0,00;19,98;19,15;23,69;1,05;84,34;B;;
05/05/2026;;00000000002498;LIMAO KG;33,725;101,22;3,00;64,74;0,00;0,00;36,48;36,04;56,34;1,02;85,36;B;;
05/05/2026;;00000000010508;CEBOLA MIUDA KG;22,535;101,15;4,49;45,07;0,00;0,00;56,08;55,44;124,43;1,02;86,38;B;;
05/05/2026;;00000000010505;ABOBRINHA KG;31,960;95,54;2,99;95,88;0,00;0,00;-0,34;-0,36;-0,35;0,96;87,34;B;;
05/05/2026;;00000000005062;MAMAO PAPAIA UN.;27,000;94,43;3,50;62,04;0,00;0,00;32,39;34,30;52,21;0,95;88,29;B;;
05/05/2026;;00000000004796;CHUCHU KG;31,585;94,42;2,99;197,86;0,00;0,00;-103,44;-109,55;-52,28;0,95;89,25;B;;
05/05/2026;;00000000012320;SALSINHA UN;44,000;78,76;1,79;66,00;0,00;0,00;12,76;16,20;19,33;0,79;90,04;B;;
05/05/2026;;00000000010510;REPOLHO KG;16,780;73,68;4,39;32,22;0,00;0,00;41,46;56,27;128,69;0,74;90,79;B;;
05/05/2026;;00000000000471;CARTELA OVOS C/12;9,000;62,91;6,99;56,25;0,00;0,00;6,66;10,59;11,84;0,63;91,42;B;;
05/05/2026;;00000000010523;ABACATE KG;13,930;60,49;4,34;79,40;0,00;0,00;-18,91;-31,25;-23,81;0,61;92,03;B;;
05/05/2026;;00000000002474;TOMATE GRAPE 180G UN.;9,000;58,41;6,49;45,00;0,00;0,00;13,41;22,96;29,80;0,59;92,62;B;;
05/05/2026;;00000000004802;ABACAXI GRANDE UN.;7,000;55,93;7,99;38,50;0,00;0,00;17,43;31,16;45,27;0,56;93,18;B;;
05/05/2026;;00000000010513;PEPINO KG;10,295;55,48;5,39;55,49;0,00;0,00;-0,01;-0,02;-0,02;0,56;93,74;B;;
05/05/2026;;00000000000258;CENOURA PROMOCAO KG;26,254;52,25;1,99;170,65;0,00;0,00;-118,40;-226,60;-69,38;0,53;94,27;B;;
05/05/2026;;00000000004405;MOSTARDA UN;28,000;50,12;1,79;42,00;0,00;0,00;8,12;16,20;19,33;0,51;94,78;B;;
05/05/2026;;00000000012303;AGRIAO UN.;20,000;49,80;2,49;24,00;0,00;0,00;25,80;51,81;107,50;0,50;95,28;C;;
05/05/2026;;00000000011757;PIMENTAO VERMELHO E AMARELO KG;3,515;49,19;13,99;14,97;0,00;0,00;34,22;69,56;228,50;0,50;95,77;C;;
05/05/2026;;00000000012204;SANDUICHE DE PATE DA CASA;7,000;48,93;6,99;0,00;0,00;0,00;48,93;100,00;0,00;0,49;96,27;C;;
05/05/2026;;00000000010512;PEPINO JAPONES KG;9,735;48,60;4,99;39,23;0,00;0,00;9,37;19,28;23,88;0,49;96,76;C;;
05/05/2026;;00000000007432;OVOS CAIPIRA C/12;3,000;38,97;12,99;30,00;0,00;0,00;8,97;23,02;29,90;0,39;97,15;C;;
05/05/2026;;00000000010526;COCO SECO KG;7,475;32,81;4,39;24,37;6,56;0,00;8,44;5,73;34,64;0,33;97,48;C;;
05/05/2026;;00000000010531;MACA FUJI KG;2,025;28,33;13,99;27,07;0,00;0,00;1,26;4,43;4,64;0,29;97,77;C;;
05/05/2026;;00000000010532;KIWI KG;1,125;28,11;24,99;18,92;0,00;0,00;9,19;32,68;48,55;0,28;98,05;C;;
05/05/2026;;00000000010509;CEBOLA ROXA KG;4,025;24,13;6,00;16,26;0,00;0,00;7,87;32,61;48,39;0,24;98,30;C;;
05/05/2026;;00000000010529;MACA VERDE KG;1,300;22,08;16,98;15,17;0,00;0,00;6,91;31,29;45,54;0,22;98,52;C;;
05/05/2026;;00000000007660;PERA WILLIAM KG;1,645;16,28;9,90;20,23;0,00;0,00;-3,95;-24,28;-19,54;0,16;98,68;C;;
05/05/2026;;00000000010506;BERINJELA KG;1,980;15,81;7,98;7,48;0,00;0,00;8,33;52,66;111,24;0,16;98,84;C;;
05/05/2026;;00000000005727;MACA GALA PROMOCAO SC 850GR;3,000;14,37;4,79;0,00;0,00;0,00;14,37;100,00;0,00;0,14;98,99;C;;
05/05/2026;;00000000007308;SALSA G;13,000;12,87;0,99;45,50;0,00;0,00;-32,63;-253,54;-71,71;0,13;99,12;C;;
05/05/2026;;00000000011382;SOPA A VACUO;1,836;12,83;6,99;0,00;0,00;0,00;12,83;100,00;0,00;0,13;99,25;C;;
05/05/2026;;00000000010514;GENGIBRE KG;0,760;11,24;14,79;4,65;0,00;0,91;6,59;50,52;141,61;0,11;99,36;C;;
05/05/2026;;00000000010525;MANGA PALMER KG;1,730;10,36;5,99;9,15;0,00;0,00;1,21;11,66;13,20;0,10;99,46;C;;
05/05/2026;;00000000006451;SUCO DA CASA ABACAXI  500ML;2,000;9,98;4,99;0,00;0,00;0,00;9,98;100,00;0,00;0,10;99,56;C;;
05/05/2026;;00000000007563;SUCO DA CASA MANGA 500ML;2,000;9,98;4,99;0,00;0,00;0,00;9,98;100,00;0,00;0,10;99,67;C;;
05/05/2026;;00000000012306;HORTELA UN;5,000;8,95;1,79;4,50;0,00;0,00;4,45;49,72;98,89;0,09;99,76;C;;
05/05/2026;;00000000010521;MELAO COMUM KG;1,010;6,45;6,39;2,87;0,00;0,00;3,58;55,53;124,86;0,07;99,82;C;;
05/05/2026;;00000000007562;SUCO DA CASA MARACUJA  500ML;1,000;4,99;4,99;0,00;0,00;0,00;4,99;100,00;0,00;0,05;99,87;C;;
05/05/2026;;00000000012312;LOURO UN.;2,000;4,98;2,49;2,40;0,00;0,00;2,58;51,81;107,50;0,05;99,92;C;;
05/05/2026;;00000000010511;REPOLHO ROXO KG;0,535;4,81;8,99;1,50;0,00;0,00;3,31;68,75;219,95;0,05;99,97;C;;
05/05/2026;;00000000009239;BANANA PROMOCAO BDJ;1,000;2,99;2,99;0,00;0,36;0,28;2,99;78,75;0,00;0,03;100,00;C;;
06/05/2026;;00000000002494;BATATA LISA KG;124,305;993,16;7,99;276,73;0,00;0,00;716,43;72,14;258,89;11,88;11,88;A;;
06/05/2026;;00000000008064;OVOS CARTELA COM 20;54,000;647,46;11,99;30,00;0,00;0,00;617,46;95,37;2058,20;7,75;19,63;A;;
06/05/2026;;00000000004799;CENOURA KG;51,305;461,31;8,99;158,94;0,00;0,00;302,37;65,55;190,24;5,52;25,15;A;;
06/05/2026;;00000000010522;MARACUJA KG;63,790;450,13;7,06;426,43;0,00;0,00;23,70;5,26;5,56;5,38;30,53;A;;
06/05/2026;;00000000002519;OVOS CARTELA COM 30;28,000;448,46;16,02;322,00;0,00;0,00;126,46;28,20;39,27;5,36;35,90;A;;
06/05/2026;;00000000002497;TOMATE CARMEM KG;53,405;404,11;7,57;281,70;0,00;0,00;122,41;30,29;43,46;4,83;40,73;A;;
06/05/2026;;00000000002496;ALHO KG;30,070;390,55;12,99;274,10;27,33;0,00;116,45;22,82;42,48;4,67;45,40;A;;
06/05/2026;;00000000004801;BANANA PRATA KG;72,680;362,65;4,99;301,61;0,00;0,00;61,04;16,83;20,24;4,34;49,74;A;;
06/05/2026;;00000000010772;TOMATE ITALIANO KG;45,100;355,14;7,87;206,64;0,00;0,00;148,50;41,82;71,87;4,25;53,99;A;;
06/05/2026;;00000000019308;UVA VERDE S/ CAROCO BDJ 500G;22,000;219,78;9,99;143,00;0,00;0,00;76,78;34,93;53,69;2,63;56,62;A;;
06/05/2026;;00000000010627;MACA GALA KG;20,960;189,67;9,05;203,44;0,00;0,00;-13,77;-7,26;-6,77;2,27;58,89;A;;
06/05/2026;;00000000012305;COENTRO UN.;76,000;189,24;2,49;129,20;0,00;0,00;60,04;31,73;46,47;2,26;61,15;A;;
06/05/2026;;00000000002495;CEBOLA GRAUDA KG;37,440;186,85;4,99;68,42;0,00;0,00;118,43;63,38;173,09;2,24;63,39;A;;
06/05/2026;;00000000002137;MACA GALA SC 850GR;33,000;181,17;5,49;68,48;0,00;0,00;112,69;62,20;164,56;2,17;65,55;A;;
06/05/2026;;00000000010507;QUIABO KG;21,609;172,67;7,99;127,37;0,00;0,00;45,30;26,23;35,56;2,07;67,62;A;;
06/05/2026;;00000000012302;ALFACE CRESPA UN.;80,000;159,20;1,99;159,76;0,00;0,00;-0,56;-0,35;-0,35;1,90;69,52;A;;
06/05/2026;;00000000004793;ABOBORA SERGIPANA KG;29,410;146,76;4,99;102,93;0,00;0,00;43,82;29,86;42,58;1,76;71,28;A;;
06/05/2026;;00000000002502;PIMENTAO KG;13,000;133,75;10,29;62,01;0,00;0,00;71,74;53,64;115,68;1,60;72,88;A;;
06/05/2026;;00000000002498;LIMAO KG;40,285;121,39;3,01;78,15;0,00;0,00;43,24;35,62;55,33;1,45;74,33;A;;
06/05/2026;;00000000011761;TANGERINA POKAN KG;21,750;106,72;4,91;92,44;0,00;0,00;14,28;13,38;15,45;1,28;75,61;A;;
06/05/2026;;00000000004803;JILO KG;13,260;105,93;7,99;70,15;0,00;0,00;35,78;33,78;51,01;1,27;76,88;A;;
06/05/2026;;00000000012307;CHEIRO VERDE UN.;37,000;92,13;2,49;55,50;0,00;0,00;36,63;39,76;66,00;1,10;77,98;A;;
06/05/2026;;00000000012304;COUVE UN.;36,000;89,64;2,49;54,00;0,00;0,00;35,64;39,76;66,00;1,07;79,05;A;;
06/05/2026;;00000000004797;LARANJA PERA KG;23,260;84,72;3,64;51,40;0,00;0,00;33,32;39,32;64,81;1,01;80,06;B;;
06/05/2026;;00000000004798;BETERRABA KG;15,405;84,57;5,49;69,29;0,00;0,00;15,28;18,06;22,05;1,01;81,08;B;;
06/05/2026;;00000000000471;CARTELA OVOS C/12;12,000;83,88;6,99;75,00;0,00;0,00;8,88;10,59;11,84;1,00;82,08;B;;
06/05/2026;;00000000010508;CEBOLA MIUDA KG;18,510;83,12;4,49;42,54;0,00;0,00;40,58;48,82;95,38;0,99;83,07;B;;
06/05/2026;;00000000010505;ABOBRINHA KG;26,565;80,30;3,02;79,69;0,00;0,00;0,60;0,75;0,76;0,96;84,03;B;;
06/05/2026;;00000000010518;BANANA DAGUA KG;19,820;78,97;3,98;52,92;0,00;0,00;26,05;32,99;49,23;0,94;84,98;B;;
06/05/2026;;00000000010510;REPOLHO KG;17,860;78,40;4,39;36,10;0,00;0,00;42,30;53,95;117,17;0,94;85,92;B;;
06/05/2026;;00000000004889;MELANCIA KG;20,331;77,06;3,79;53,47;0,00;0,00;23,59;30,61;44,12;0,92;86,84;B;;
06/05/2026;;00000000019191;UVA PRETA S/ CAROCO BDJ 500G;7,000;66,43;9,49;36,40;0,00;0,00;30,03;45,21;82,50;0,79;87,63;B;;
06/05/2026;;00000000004796;CHUCHU KG;21,680;66,40;3,06;130,76;0,00;0,00;-64,36;-96,93;-49,22;0,79;88,43;B;;
06/05/2026;;00000000001557;BATATA DOCE KG;12,845;64,09;4,99;48,17;0,00;0,00;15,92;24,84;33,05;0,77;89,19;B;;
06/05/2026;;00000000012320;SALSINHA UN;24,000;59,76;2,49;36,00;0,00;0,00;23,76;39,76;66,00;0,71;89,91;B;;
06/05/2026;;00000000010523;ABACATE KG;13,600;59,73;4,39;82,42;0,00;0,00;-22,69;-37,98;-27,53;0,71;90,62;B;;
06/05/2026;;00000000005062;MAMAO PAPAIA UN.;16,000;52,64;3,29;36,64;0,00;0,00;16,00;30,40;43,67;0,63;91,25;B;;
06/05/2026;;00000000007660;PERA WILLIAM KG;5,220;52,14;9,99;60,81;0,00;0,00;-8,67;-16,63;-14,26;0,62;91,88;B;;
06/05/2026;;00000000010512;PEPINO JAPONES KG;8,935;44,59;4,99;36,01;0,00;0,00;8,58;19,25;23,83;0,53;92,41;B;;
06/05/2026;;00000000010509;CEBOLA ROXA KG;6,900;41,34;5,99;27,88;0,00;0,00;13,46;32,57;48,30;0,49;92,91;B;;
06/05/2026;;00000000010531;MACA FUJI KG;2,815;39,38;13,99;37,64;0,00;0,00;1,74;4,43;4,63;0,47;93,38;B;;
06/05/2026;;00000000007432;OVOS CAIPIRA C/12;3,000;38,97;12,99;30,00;0,00;0,00;8,97;23,02;29,90;0,47;93,84;B;;
06/05/2026;;00000000004804;INHAME KG;7,590;37,87;4,99;39,09;0,00;0,00;-1,22;-3,22;-3,12;0,45;94,30;B;;
06/05/2026;;00000000010513;PEPINO KG;6,905;37,22;5,39;37,22;0,00;0,00;0,00;0,01;0,01;0,45;94,74;B;;
06/05/2026;;00000000010529;MACA VERDE KG;2,110;35,86;17,00;24,47;0,00;0,00;11,39;31,75;46,52;0,43;95,17;C;;
06/05/2026;;00000000012204;SANDUICHE DE PATE DA CASA;5,000;34,95;6,99;0,00;0,00;0,00;34,95;100,00;0,00;0,42;95,59;C;;
06/05/2026;;00000000010526;COCO SECO KG;7,225;34,62;4,79;23,55;6,92;0,00;11,07;11,97;46,98;0,41;96,00;C;;
06/05/2026;;00000000002474;TOMATE GRAPE 180G UN.;5,000;32,45;6,49;25,00;0,00;0,00;7,45;22,96;29,80;0,39;96,39;C;;
06/05/2026;;00000000012303;AGRIAO UN.;13,000;32,37;2,49;15,60;0,00;0,00;16,77;51,81;107,50;0,39;96,78;C;;
06/05/2026;;00000000010525;MANGA PALMER KG;5,375;32,19;5,99;28,43;0,00;0,00;3,76;11,67;13,21;0,39;97,16;C;;
06/05/2026;;00000000010532;KIWI KG;1,255;31,36;24,99;21,11;0,00;0,00;10,25;32,69;48,56;0,38;97,54;C;;
06/05/2026;;00000000006451;SUCO DA CASA ABACAXI  500ML;6,000;29,94;4,99;0,00;0,00;0,00;29,94;100,00;0,00;0,36;97,90;C;;
06/05/2026;;00000000010521;MELAO COMUM KG;4,475;28,59;6,39;12,71;0,00;0,00;15,88;55,55;124,96;0,34;98,24;C;;
06/05/2026;;00000000011757;PIMENTAO VERMELHO E AMARELO KG;1,800;25,19;13,99;8,48;0,00;0,00;16,71;66,34;197,12;0,30;98,54;C;;
06/05/2026;;00000000012306;HORTELA UN;10,000;24,90;2,49;9,00;0,00;0,00;15,90;63,86;176,67;0,30;98,84;C;;
06/05/2026;;00000000009239;BANANA PROMOCAO BDJ;6,000;17,94;2,99;0,00;2,15;1,66;17,94;78,75;0,00;0,21;99,05;C;;
06/05/2026;;00000000007562;SUCO DA CASA MARACUJA  500ML;3,000;14,97;4,99;0,00;0,00;0,00;14,97;100,00;0,00;0,18;99,23;C;;
06/05/2026;;00000000007563;SUCO DA CASA MANGA 500ML;3,000;14,97;4,99;0,00;0,00;0,00;14,97;100,00;0,00;0,18;99,41;C;;
06/05/2026;;00000000012312;LOURO UN.;5,000;12,45;2,49;6,00;0,00;0,00;6,45;51,81;107,50;0,15;99,56;C;;
06/05/2026;;00000000010511;REPOLHO ROXO KG;1,335;12,00;8,99;3,75;0,00;0,00;8,25;68,74;219,88;0,14;99,70;C;;
06/05/2026;;00000000010514;GENGIBRE KG;0,650;9,60;14,77;3,97;0,00;0,89;5,63;49,38;141,72;0,11;99,82;C;;
06/05/2026;;00000000004802;ABACAXI GRANDE UN.;1,000;7,99;7,99;5,50;0,00;0,00;2,49;31,16;45,27;0,10;99,91;C;;
06/05/2026;;00000000007308;SALSA G;4,000;3,96;0,99;14,00;0,00;0,00;-10,04;-253,54;-71,71;0,05;99,96;C;;
06/05/2026;;00000000010506;BERINJELA KG;0,415;3,32;8,00;1,57;0,00;0,00;1,75;52,75;111,64;0,04;100,00;C;;
07/05/2026;;00000000002519;OVOS CARTELA COM 30;78,000;1247,22;15,99;897,00;0,00;0,00;350,22;28,08;39,04;14,42;14,42;A;;
07/05/2026;;00000000002494;BATATA LISA KG;101,510;811,07;7,99;192,87;0,00;0,00;618,20;76,22;320,53;9,38;23,80;A;;
07/05/2026;;00000000008064;OVOS CARTELA COM 20;39,000;467,61;11,99;0,00;0,00;0,00;467,61;100,00;0,00;5,41;29,21;A;;
07/05/2026;;00000000010772;TOMATE ITALIANO KG;54,460;418,79;7,69;248,34;0,00;0,00;170,45;40,70;68,64;4,84;34,05;A;;
07/05/2026;;00000000004801;BANANA PRATA KG;82,040;409,36;4,99;341,29;0,00;0,00;68,07;16,63;19,95;4,73;38,79;A;;
07/05/2026;;00000000002496;ALHO KG;27,560;358,00;12,99;242,53;25,06;0,00;115,47;25,26;47,61;4,14;42,92;A;;
07/05/2026;;00000000004799;CENOURA KG;38,635;347,30;8,99;108,18;0,00;0,00;239,12;68,85;221,04;4,02;46,94;A;;
07/05/2026;;00000000002497;TOMATE CARMEM KG;43,060;322,50;7,49;225,20;0,00;0,00;97,30;30,17;43,20;3,73;50,67;A;;
07/05/2026;;00000000010522;MARACUJA KG;45,800;320,11;6,99;310,52;0,00;0,00;9,59;2,99;3,09;3,70;54,37;A;;
07/05/2026;;00000000019308;UVA VERDE S/ CAROCO BDJ 500G;28,000;279,72;9,99;182,00;0,00;0,00;97,72;34,93;53,69;3,23;57,61;A;;
07/05/2026;;00000000010507;QUIABO KG;33,164;264,98;7,99;196,99;0,00;0,00;67,99;25,66;34,51;3,06;60,67;A;;
07/05/2026;;00000000012305;COENTRO UN.;75,000;186,75;2,49;127,50;0,00;0,00;59,25;31,73;46,47;2,16;62,83;A;;
07/05/2026;;00000000002495;CEBOLA GRAUDA KG;34,325;171,29;4,99;60,76;0,00;0,00;110,53;64,53;181,93;1,98;64,81;A;;
07/05/2026;;00000000010508;CEBOLA MIUDA KG;36,080;162,00;4,49;72,16;0,00;0,00;89,84;55,46;124,50;1,87;66,68;A;;
07/05/2026;;00000000011761;TANGERINA POKAN KG;32,635;159,56;4,89;138,70;0,00;0,00;20,86;13,07;15,04;1,85;68,53;A;;
07/05/2026;;00000000002502;PIMENTAO KG;15,360;158,01;10,29;68,81;0,00;0,00;89,20;56,45;129,62;1,83;70,36;A;;
07/05/2026;;00000000012302;ALFACE CRESPA UN.;76,000;151,18;1,99;158,08;0,00;0,00;-6,90;-4,56;-4,36;1,75;72,10;A;;
07/05/2026;;00000000010627;MACA GALA KG;14,985;134,71;8,99;146,25;0,00;0,00;-11,54;-8,57;-7,89;1,56;73,66;A;;
07/05/2026;;00000000000471;CARTELA OVOS C/12;19,000;132,81;6,99;118,75;0,00;0,00;14,06;10,59;11,84;1,54;75,20;A;;
07/05/2026;;00000000004804;INHAME KG;20,240;101,01;4,99;104,24;0,00;0,00;-3,23;-3,19;-3,09;1,17;76,37;A;;
07/05/2026;;00000000004803;JILO KG;12,555;100,36;7,99;66,42;0,00;0,00;33,94;33,82;51,11;1,16;77,53;A;;
07/05/2026;;00000000004797;LARANJA PERA KG;25,900;92,96;3,59;57,24;0,00;0,00;35,72;38,43;62,41;1,07;78,60;A;;
07/05/2026;;00000000002137;MACA GALA SC 850GR;16,000;87,84;5,49;31,04;0,00;0,00;56,80;64,66;182,99;1,02;79,62;A;;
07/05/2026;;00000000012307;CHEIRO VERDE UN.;35,000;86,79;2,48;52,50;0,00;0,00;34,29;39,51;65,31;1,00;80,62;B;;
07/05/2026;;00000000019191;UVA PRETA S/ CAROCO BDJ 500G;9,000;85,41;9,49;46,80;0,00;0,00;38,61;45,21;82,50;0,99;81,61;B;;
07/05/2026;;00000000004793;ABOBORA SERGIPANA KG;16,154;80,61;4,99;56,54;0,00;0,00;24,07;29,86;42,57;0,93;82,54;B;;
07/05/2026;;00000000002498;LIMAO KG;26,860;80,31;2,99;51,30;0,00;0,00;29,01;36,12;56,54;0,93;83,47;B;;
07/05/2026;;00000000005372;LARANJA CX FECHADA;1,000;74,99;74,99;0,00;0,00;0,00;74,99;100,00;0,00;0,87;84,34;B;;
07/05/2026;;00000000010530;MACA  ARGENTINA KG;3,705;70,37;18,99;43,13;0,00;0,00;27,24;38,72;63,17;0,81;85,15;B;;
07/05/2026;;00000000004796;CHUCHU KG;23,495;70,26;2,99;149,19;0,00;0,00;-78,93;-112,34;-52,91;0,81;85,96;B;;
07/05/2026;;00000000012304;COUVE UN.;28,000;69,72;2,49;42,00;0,00;0,00;27,72;39,76;66,00;0,81;86,77;B;;
07/05/2026;;00000000010510;REPOLHO KG;15,140;66,47;4,39;29,07;0,00;0,00;37,40;56,27;128,66;0,77;87,54;B;;
07/05/2026;;00000000010532;KIWI KG;2,615;65,36;24,99;43,98;0,00;0,00;21,38;32,70;48,60;0,76;88,29;B;;
07/05/2026;;00000000004798;BETERRABA KG;11,900;65,35;5,49;52,48;0,00;0,00;12,87;19,70;24,53;0,76;89,05;B;;
07/05/2026;;00000000010505;ABOBRINHA KG;20,240;60,52;2,99;60,72;0,00;0,00;-0,20;-0,33;-0,33;0,70;89,75;B;;
07/05/2026;;00000000010512;PEPINO JAPONES KG;11,675;58,21;4,99;47,05;0,00;0,00;11,16;19,17;23,72;0,67;90,42;B;;
07/05/2026;;00000000012320;SALSINHA UN;23,000;57,27;2,49;34,50;0,00;0,00;22,77;39,76;66,00;0,66;91,08;B;;
07/05/2026;;00000000005062;MAMAO PAPAIA UN.;15,000;49,35;3,29;34,35;0,00;0,00;15,00;30,40;43,67;0,57;91,65;B;;
07/05/2026;;00000000010525;MANGA PALMER KG;8,035;48,12;5,99;42,51;0,00;0,00;5,61;11,67;13,21;0,56;92,21;B;;
07/05/2026;;00000000010523;ABACATE KG;10,485;46,04;4,39;63,54;0,00;0,00;-17,50;-38,01;-27,54;0,53;92,74;B;;
07/05/2026;;00000000010518;BANANA DAGUA KG;10,915;43,57;3,99;29,14;0,00;0,00;14,43;33,11;49,50;0,50;93,25;B;;
07/05/2026;;00000000002208;PIMENTAO PROMOCAO KG;9,053;42,46;4,69;0,00;0,00;0,00;42,46;100,00;0,00;0,49;93,74;B;;
07/05/2026;;00000000001557;BATATA DOCE KG;8,435;42,08;4,99;31,63;0,00;0,00;10,45;24,83;33,03;0,49;94,23;B;;
07/05/2026;;00000000012204;SANDUICHE DE PATE DA CASA;6,000;41,94;6,99;0,00;0,00;0,00;41,94;100,00;0,00;0,48;94,71;B;;
07/05/2026;;00000000004802;ABACAXI GRANDE UN.;5,000;39,95;7,99;27,50;0,00;0,00;12,45;31,16;45,27;0,46;95,17;C;;
07/05/2026;;00000000012303;AGRIAO UN.;16,000;39,84;2,49;19,20;0,00;0,00;20,64;51,81;107,50;0,46;95,63;C;;
07/05/2026;;00000000007660;PERA WILLIAM KG;3,755;37,52;9,99;46,19;0,00;0,00;-8,67;-23,10;-18,76;0,43;96,07;C;;
07/05/2026;;00000000011757;PIMENTAO VERMELHO E AMARELO KG;2,565;35,90;14,00;10,93;0,00;0,00;24,97;69,56;228,55;0,42;96,48;C;;
07/05/2026;;00000000012306;HORTELA UN;13,000;32,15;2,47;11,70;0,00;0,00;20,45;63,61;174,79;0,37;96,85;C;;
07/05/2026;;00000000010529;MACA VERDE KG;1,860;31,60;16,99;21,71;0,00;0,00;9,89;31,31;45,58;0,37;97,22;C;;
07/05/2026;;00000000002157;TOMATE PROMOCAO KG;7,768;30,99;3,99;0,00;0,00;0,00;30,99;100,00;0,00;0,36;97,58;C;;
07/05/2026;;00000000010526;COCO SECO KG;5,920;28,36;4,79;19,30;5,67;0,00;9,06;11,95;46,95;0,33;97,91;C;;
07/05/2026;;00000000007432;OVOS CAIPIRA C/12;2,000;25,98;12,99;20,00;0,00;0,00;5,98;23,02;29,90;0,30;98,21;C;;
07/05/2026;;00000000010531;MACA FUJI KG;1,830;25,60;13,99;24,47;0,00;0,00;1,13;4,43;4,63;0,30;98,50;C;;
07/05/2026;;00000000010513;PEPINO KG;4,420;23,83;5,39;23,82;0,00;0,00;0,01;0,03;0,03;0,28;98,78;C;;
07/05/2026;;00000000010506;BERINJELA KG;2,515;20,10;7,99;9,51;0,00;0,00;10,59;52,70;111,43;0,23;99,01;C;;
07/05/2026;;00000000002474;TOMATE GRAPE 180G UN.;3,000;19,47;6,49;15,00;0,00;0,00;4,47;22,96;29,80;0,23;99,23;C;;
07/05/2026;;00000000010521;MELAO COMUM KG;2,715;17,35;6,39;7,71;0,00;0,00;9,64;55,56;125,01;0,20;99,44;C;;
07/05/2026;;00000000010514;GENGIBRE KG;0,895;13,24;14,79;5,47;0,00;1,22;7,77;49,45;142,12;0,15;99,59;C;;
07/05/2026;;00000000010509;CEBOLA ROXA KG;1,660;9,96;6,00;6,71;0,00;0,00;3,25;32,67;48,51;0,12;99,70;C;;
07/05/2026;;00000000009239;BANANA PROMOCAO BDJ;2,000;5,98;2,99;0,00;0,72;0,55;5,98;78,75;0,00;0,07;99,77;C;;
07/05/2026;;00000000000258;CENOURA PROMOCAO KG;2,960;5,89;1,99;19,24;0,00;0,00;-13,35;-226,66;-69,39;0,07;99,84;C;;
07/05/2026;;00000000007562;SUCO DA CASA MARACUJA  500ML;1,000;4,99;4,99;0,00;0,00;0,00;4,99;100,00;0,00;0,06;99,90;C;;
07/05/2026;;00000000004889;MELANCIA KG;1,066;4,04;3,79;2,80;0,00;0,00;1,24;30,60;44,10;0,05;99,95;C;;
07/05/2026;;00000000010511;REPOLHO ROXO KG;0,415;3,73;8,99;1,17;0,00;0,00;2,56;68,74;219,86;0,04;99,99;C;;
07/05/2026;;00000000007308;SALSA G;1,000;0,99;0,99;3,50;0,00;0,00;-2,51;-253,54;-71,71;0,01;100,00;C;;
08/05/2026;;00000000002519;OVOS CARTELA COM 30;74,000;1183,26;15,99;859,01;0,00;0,00;324,25;27,40;37,75;10,85;10,85;A;;
08/05/2026;;00000000002494;BATATA LISA KG;110,305;881,32;7,99;224,58;0,00;0,00;656,74;74,52;292,43;8,08;18,94;A;;
08/05/2026;;00000000010522;MARACUJA KG;127,130;765,33;6,02;847,85;0,00;0,00;-82,52;-10,78;-9,73;7,02;25,96;A;;
08/05/2026;;00000000004801;BANANA PRATA KG;111,715;557,47;4,99;461,33;0,00;0,00;96,14;17,24;20,84;5,11;31,07;A;;
08/05/2026;;00000000010772;TOMATE ITALIANO KG;63,405;487,55;7,69;293,70;0,00;0,00;193,85;39,76;66,00;4,47;35,54;A;;
08/05/2026;;00000000004799;CENOURA KG;54,015;485,59;8,99;154,95;0,00;0,00;330,64;68,09;213,38;4,45;39,99;A;;
08/05/2026;;00000000019191;UVA PRETA S/ CAROCO BDJ 500G;77,000;474,00;6,16;403,60;0,00;0,00;70,40;14,85;17,44;4,35;44,34;A;;
08/05/2026;;00000000002495;CEBOLA GRAUDA KG;85,142;424,89;4,99;159,65;0,00;0,00;265,24;62,43;166,15;3,90;48,24;A;;
08/05/2026;;00000000002496;ALHO KG;31,770;409,61;12,89;281,23;28,67;0,00;128,38;24,34;45,65;3,76;51,99;A;;
08/05/2026;;00000000002497;TOMATE CARMEM KG;52,411;391,99;7,48;275,23;0,00;0,00;116,76;29,79;42,43;3,60;55,59;A;;
08/05/2026;;00000000011761;TANGERINA POKAN KG;81,360;325,18;4,00;345,82;0,00;0,00;-20,64;-6,35;-5,97;2,98;58,57;A;;
08/05/2026;;00000000002502;PIMENTAO KG;27,985;287,82;10,28;129,39;0,00;0,00;158,43;55,05;122,45;2,64;61,21;A;;
08/05/2026;;00000000019308;UVA VERDE S/ CAROCO BDJ 500G;27,000;269,71;9,99;176,50;0,00;0,00;93,21;34,56;52,81;2,47;63,69;A;;
08/05/2026;;00000000008064;OVOS CARTELA COM 20;22,000;263,26;11,97;10,00;0,00;0,00;253,26;96,20;2532,60;2,41;66,10;A;;
08/05/2026;;00000000002137;MACA GALA SC 850GR;51,000;255,64;5,01;101,17;0,00;0,00;154,47;60,42;152,68;2,34;68,45;A;;
08/05/2026;;00000000010507;QUIABO KG;29,989;239,60;7,99;174,85;0,00;0,00;64,75;27,03;37,03;2,20;70,64;A;;
08/05/2026;;00000000012305;COENTRO UN.;73,000;181,77;2,49;124,10;0,00;0,00;57,67;31,73;46,47;1,67;72,31;A;;
08/05/2026;;00000000012302;ALFACE CRESPA UN.;115,000;171,85;1,49;237,04;0,00;0,00;-65,19;-37,93;-27,50;1,58;73,89;A;;
08/05/2026;;00000000010627;MACA GALA KG;18,375;165,10;8,99;177,33;0,00;0,00;-12,23;-7,41;-6,90;1,51;75,40;A;;
08/05/2026;;00000000010508;CEBOLA MIUDA KG;34,380;154,29;4,49;70,69;0,00;0,00;83,60;54,18;118,26;1,42;76,82;A;;
08/05/2026;;00000000002498;LIMAO KG;49,485;148,00;2,99;97,41;0,00;0,00;50,59;34,18;51,93;1,36;78,17;A;;
08/05/2026;;00000000004797;LARANJA PERA KG;40,635;145,88;3,59;92,68;0,00;0,00;53,20;36,47;57,40;1,34;79,51;A;;
08/05/2026;;00000000004802;ABACAXI GRANDE UN.;18,000;143,82;7,99;99,00;0,00;0,00;44,82;31,16;45,27;1,32;80,83;B;;
08/05/2026;;00000000012304;COUVE UN.;84,000;125,16;1,49;126,00;0,00;0,00;-0,84;-0,67;-0,67;1,15;81,98;B;;
08/05/2026;;00000000005062;MAMAO PAPAIA UN.;35,000;115,15;3,29;80,15;0,00;0,00;35,00;30,40;43,67;1,06;83,03;B;;
08/05/2026;;00000000000471;CARTELA OVOS C/12;15,000;104,85;6,99;93,75;0,00;0,00;11,10;10,59;11,84;0,96;84,00;B;;
08/05/2026;;00000000004804;INHAME KG;20,295;99,31;4,89;120,86;0,00;0,00;-21,55;-21,70;-17,83;0,91;84,91;B;;
08/05/2026;;00000000004793;ABOBORA SERGIPANA KG;18,616;92,89;4,99;65,16;0,00;0,00;27,73;29,86;42,57;0,85;85,76;B;;
08/05/2026;;00000000004803;JILO KG;11,300;90,32;7,99;59,78;0,00;0,00;30,54;33,82;51,09;0,83;86,59;B;;
08/05/2026;;00000000010525;MANGA PALMER KG;15,080;90,31;5,99;79,47;0,00;0,00;10,84;12,01;13,64;0,83;87,42;B;;
08/05/2026;;00000000010505;ABOBRINHA KG;29,665;88,68;2,99;88,35;0,00;0,00;0,33;0,38;0,38;0,81;88,23;B;;
08/05/2026;;00000000011757;PIMENTAO VERMELHO E AMARELO KG;5,795;81,08;13,99;24,69;0,00;0,00;56,39;69,55;228,44;0,74;88,97;B;;
08/05/2026;;00000000004405;MOSTARDA UN;30,000;74,53;2,48;44,50;0,00;0,00;30,03;40,29;67,48;0,68;89,66;B;;
08/05/2026;;00000000004798;BETERRABA KG;13,080;71,79;5,49;57,68;0,00;0,00;14,11;19,65;24,46;0,66;90,31;B;;
08/05/2026;;00000000004796;CHUCHU KG;23,645;70,70;2,99;140,87;0,00;0,00;-70,17;-99,25;-49,81;0,65;90,96;B;;
08/05/2026;;00000000001557;BATATA DOCE KG;13,830;69,00;4,99;51,86;0,00;0,00;17,14;24,84;33,04;0,63;91,60;B;;
08/05/2026;;00000000010532;KIWI KG;2,645;66,10;24,99;44,49;0,00;0,00;21,61;32,69;48,58;0,61;92,20;B;;
08/05/2026;;00000000010523;ABACATE KG;18,305;63,91;3,49;104,57;0,00;0,00;-40,66;-63,62;-38,88;0,59;92,79;B;;
08/05/2026;;00000000012307;CHEIRO VERDE UN.;40,000;59,60;1,49;60,00;0,00;0,00;-0,40;-0,67;-0,67;0,55;93,33;B;;
08/05/2026;;00000000010510;REPOLHO KG;13,335;58,54;4,39;26,71;0,00;0,00;31,83;54,38;119,19;0,54;93,87;B;;
08/05/2026;;00000000007660;PERA WILLIAM KG;5,165;51,59;9,99;63,53;0,00;0,00;-11,94;-23,14;-18,79;0,47;94,34;B;;
08/05/2026;;00000000010512;PEPINO JAPONES KG;10,245;51,14;4,99;41,12;0,00;0,00;10,02;19,59;24,36;0,47;94,81;B;;
08/05/2026;;00000000012320;SALSINHA UN;33,000;50,85;1,54;49,10;0,00;0,00;1,75;3,44;3,56;0,47;95,28;C;;
08/05/2026;;00000000010513;PEPINO KG;7,625;41,10;5,39;40,58;0,00;0,00;0,52;1,26;1,28;0,38;95,66;C;;
08/05/2026;;00000000007432;OVOS CAIPIRA C/12;3,000;38,97;12,99;30,00;0,00;0,00;8,97;23,02;29,90;0,36;96,01;C;;
08/05/2026;;00000000012313;ALFACE LISA UN.;13,000;38,37;2,95;19,50;0,00;0,00;18,87;49,18;96,77;0,35;96,37;C;;
08/05/2026;;00000000010509;CEBOLA ROXA KG;5,890;35,32;6,00;23,85;0,00;0,00;11,47;32,47;48,07;0,32;96,69;C;;
08/05/2026;;00000000010526;COCO SECO KG;7,225;34,60;4,79;23,55;6,92;0,00;11,05;11,93;46,90;0,32;97,01;C;;
08/05/2026;;00000000010529;MACA VERDE KG;1,990;33,82;16,99;23,22;0,00;0,00;10,60;31,33;45,63;0,31;97,32;C;;
08/05/2026;;00000000012312;LOURO UN.;22,000;32,78;1,49;26,20;0,00;0,00;6,58;20,07;25,11;0,30;97,62;C;;
08/05/2026;;00000000002474;TOMATE GRAPE 180G UN.;5,000;32,45;6,49;25,00;0,00;0,00;7,45;22,96;29,80;0,30;97,92;C;;
08/05/2026;;00000000009239;BANANA PROMOCAO BDJ;10,000;29,90;2,99;0,00;3,65;2,49;29,90;79,48;0,00;0,27;98,19;C;;
08/05/2026;;00000000010531;MACA FUJI KG;1,985;27,77;13,99;26,54;0,00;0,00;1,23;4,43;4,64;0,25;98,44;C;;
08/05/2026;;00000000000258;CENOURA PROMOCAO KG;13,678;27,22;1,99;88,91;0,00;0,00;-61,69;-226,62;-69,38;0,25;98,69;C;;
08/05/2026;;00000000010521;MELAO COMUM KG;3,730;23,83;6,39;10,59;0,00;0,00;13,24;55,55;124,96;0,22;98,91;C;;
08/05/2026;;00000000012303;AGRIAO UN.;13,000;19,37;1,49;15,60;0,00;0,00;3,77;19,46;24,17;0,18;99,09;C;;
08/05/2026;;00000000012306;HORTELA UN;12,000;17,88;1,49;10,80;0,00;0,00;7,08;39,60;65,56;0,16;99,25;C;;
08/05/2026;;00000000010514;GENGIBRE KG;1,065;15,75;14,79;6,51;0,00;1,46;9,24;49,43;142,04;0,14;99,40;C;;
08/05/2026;;00000000010506;BERINJELA KG;1,805;14,43;7,99;6,82;0,00;0,00;7,61;52,72;111,49;0,13;99,53;C;;
08/05/2026;;00000000010511;REPOLHO ROXO KG;1,155;10,38;8,99;3,25;0,00;0,00;7,13;68,73;219,82;0,10;99,63;C;;
08/05/2026;;00000000002429;TOMATE CEREJA UN.;2,000;9,98;4,99;9,16;0,00;0,00;0,82;8,22;8,95;0,09;99,72;C;;
08/05/2026;;00000000002157;TOMATE PROMOCAO KG;1,940;7,74;3,99;0,00;0,00;0,00;7,74;100,00;0,00;0,07;99,79;C;;
08/05/2026;;00000000012204;SANDUICHE DE PATE DA CASA;1,000;6,99;6,99;0,00;0,00;0,00;6,99;100,00;0,00;0,06;99,85;C;;
08/05/2026;;00000000010518;BANANA DAGUA KG;1,565;6,25;3,99;4,18;0,00;0,00;2,07;33,14;49,57;0,06;99,91;C;;
08/05/2026;;00000000007308;SALSA G;5,000;4,95;0,99;17,50;0,00;0,00;-12,55;-253,54;-71,71;0,05;99,96;C;;
08/05/2026;;00000000005727;MACA GALA PROMOCAO SC 850GR;1,000;4,79;4,79;0,00;0,00;0,00;4,79;100,00;0,00;0,04;100,00;C;;
09/05/2026;;00000000002494;BATATA LISA KG;243,155;1942,81;7,99;555,89;0,00;0,00;1386,92;71,39;249,50;13,60;13,60;A;;
09/05/2026;;00000000002519;OVOS CARTELA COM 30;74,000;1183,26;15,99;864,76;0,00;0,00;318,50;26,92;36,83;8,29;21,89;A;;
09/05/2026;;00000000004799;CENOURA KG;122,125;1097,94;8,99;406,00;0,00;0,00;691,94;63,02;170,43;7,69;29,58;A;;
09/05/2026;;00000000010522;MARACUJA KG;98,135;677,97;6,91;644,95;0,00;0,00;33,02;4,87;5,12;4,75;34,32;A;;
09/05/2026;;00000000002496;ALHO KG;36,720;657,26;17,90;333,37;46,00;0,00;323,89;42,28;97,15;4,60;38,92;A;;
09/05/2026;;00000000008064;OVOS CARTELA COM 20;53,000;635,47;11,99;50,00;0,00;0,00;585,47;92,13;1170,94;4,45;43,37;A;;
09/05/2026;;00000000019191;UVA PRETA S/ CAROCO BDJ 500G;101,000;604,78;5,99;530,80;0,00;0,00;73,98;12,23;13,94;4,23;47,61;A;;
09/05/2026;;00000000002497;TOMATE CARMEM KG;79,590;596,11;7,49;418,09;0,00;0,00;178,02;29,86;42,58;4,17;51,78;A;;
09/05/2026;;00000000010772;TOMATE ITALIANO KG;68,105;523,72;7,69;323,65;0,00;0,00;200,07;38,20;61,82;3,67;55,45;A;;
09/05/2026;;00000000002495;CEBOLA GRAUDA KG;104,555;521,75;4,99;211,24;0,00;0,00;310,51;59,51;147,00;3,65;59,10;A;;
09/05/2026;;00000000002137;MACA GALA SC 850GR;69,000;344,81;5,00;161,80;0,00;0,00;183,01;53,08;113,11;2,41;61,52;A;;
09/05/2026;;00000000010627;MACA GALA KG;35,860;322,42;8,99;341,05;0,00;0,00;-18,63;-5,78;-5,46;2,26;63,77;A;;
09/05/2026;;00000000002502;PIMENTAO KG;30,905;318,01;10,29;157,86;0,00;0,00;160,15;50,36;101,45;2,23;66,00;A;;
09/05/2026;;00000000019308;UVA VERDE S/ CAROCO BDJ 500G;28,000;279,72;9,99;183,00;0,00;0,00;96,72;34,58;52,85;1,96;67,96;A;;
09/05/2026;;00000000012302;ALFACE CRESPA UN.;123,000;241,27;1,96;240,72;0,00;0,00;0,55;0,23;0,23;1,69;69,65;A;;
09/05/2026;;00000000004802;ABACAXI GRANDE UN.;28,000;223,72;7,99;151,75;0,00;0,00;71,97;32,17;47,43;1,57;71,22;A;;
09/05/2026;;00000000010525;MANGA PALMER KG;33,120;198,36;5,99;174,57;0,00;0,00;23,79;11,99;13,63;1,39;72,60;A;;
09/05/2026;;00000000012305;COENTRO UN.;77,000;191,73;2,49;130,90;0,00;0,00;60,83;31,73;46,47;1,34;73,95;A;;
09/05/2026;;00000000002498;LIMAO KG;59,695;178,50;2,99;117,77;0,00;0,00;60,73;34,02;51,56;1,25;75,20;A;;
09/05/2026;;00000000007660;PERA WILLIAM KG;17,830;178,13;9,99;207,60;0,00;0,00;-29,47;-16,54;-14,19;1,25;76,44;A;;
09/05/2026;;00000000004801;BANANA PRATA KG;35,385;176,57;4,99;142,11;0,00;0,00;34,46;19,51;24,25;1,24;77,68;A;;
09/05/2026;;00000000011761;TANGERINA POKAN KG;44,235;176,48;3,99;182,58;0,00;0,00;-6,10;-3,45;-3,34;1,24;78,92;A;;
09/05/2026;;00000000012307;CHEIRO VERDE UN.;66,000;164,34;2,49;97,40;0,00;0,00;66,94;40,73;68,73;1,15;80,07;B;;
09/05/2026;;00000000004797;LARANJA PERA KG;43,460;156,02;3,59;102,44;0,00;0,00;53,58;34,34;52,30;1,09;81,16;B;;
09/05/2026;;00000000004804;INHAME KG;30,890;154,15;4,99;174,49;0,00;0,00;-20,34;-13,20;-11,66;1,08;82,24;B;;
09/05/2026;;00000000010507;QUIABO KG;18,896;150,95;7,99;108,92;0,00;0,00;42,03;27,84;38,58;1,06;83,30;B;;
09/05/2026;;00000000005372;LARANJA CX FECHADA;2,000;149,98;74,99;0,00;0,00;0,00;149,98;100,00;0,00;1,05;84,35;B;;
09/05/2026;;00000000000471;CARTELA OVOS C/12;21,000;146,79;6,99;137,49;0,00;0,00;9,30;6,34;6,76;1,03;85,37;B;;
09/05/2026;;00000000004803;JILO KG;17,255;137,89;7,99;91,28;0,00;0,00;46,61;33,80;51,06;0,97;86,34;B;;
09/05/2026;;00000000001557;BATATA DOCE KG;26,780;133,62;4,99;99,73;0,00;0,00;33,89;25,36;33,98;0,94;87,27;B;;
09/05/2026;;00000000012304;COUVE UN.;50,000;124,50;2,49;70,00;0,00;0,00;54,50;43,78;77,86;0,87;88,15;B;;
09/05/2026;;00000000012320;SALSINHA UN;49,000;122,01;2,49;72,30;0,00;0,00;49,71;40,74;68,76;0,85;89,00;B;;
09/05/2026;;00000000004798;BETERRABA KG;18,400;101,00;5,49;82,69;0,00;0,00;18,31;18,12;22,14;0,71;89,71;B;;
09/05/2026;;00000000005062;MAMAO PAPAIA UN.;28,000;92,12;3,29;67,66;0,00;0,00;24,46;26,55;36,15;0,65;90,35;B;;
09/05/2026;;00000000010510;REPOLHO KG;20,920;91,82;4,39;48,00;0,00;0,00;43,82;47,72;91,29;0,64;91,00;B;;
09/05/2026;;00000000002474;TOMATE GRAPE 180G UN.;14,000;90,86;6,49;70,00;0,00;0,00;20,86;22,96;29,80;0,64;91,63;B;;
09/05/2026;;00000000010518;BANANA DAGUA KG;21,220;84,66;3,99;56,66;0,00;0,00;28,00;33,08;49,42;0,59;92,22;B;;
09/05/2026;;00000000010509;CEBOLA ROXA KG;13,760;82,47;5,99;56,17;0,00;0,00;26,30;31,89;46,83;0,58;92,80;B;;
09/05/2026;;00000000007432;OVOS CAIPIRA C/12;6,000;77,94;12,99;60,00;0,00;0,00;17,94;23,02;29,90;0,55;93,35;B;;
09/05/2026;;00000000004796;CHUCHU KG;25,745;76,99;2,99;161,17;0,00;0,00;-84,18;-109,34;-52,23;0,54;93,89;B;;
09/05/2026;;00000000010526;COCO SECO KG;14,050;66,94;4,76;46,06;13,74;0,00;20,88;10,67;45,34;0,47;94,36;B;;
09/05/2026;;00000000010512;PEPINO JAPONES KG;11,950;59,63;4,99;48,06;0,00;0,00;11,57;19,41;24,08;0,42;94,77;B;;
09/05/2026;;00000000010505;ABOBRINHA KG;13,255;52,25;3,94;38,80;0,00;0,00;13,45;25,74;34,67;0,37;95,14;C;;
09/05/2026;;00000000010532;KIWI KG;2,050;51,23;24,99;34,48;0,00;0,00;16,75;32,69;48,57;0,36;95,50;C;;
09/05/2026;;00000000009239;BANANA PROMOCAO BDJ;17,000;50,83;2,99;0,00;6,22;4,15;50,83;79,60;0,00;0,36;95,85;C;;
09/05/2026;;00000000010531;MACA FUJI KG;3,625;50,71;13,99;48,47;0,00;0,00;2,24;4,42;4,63;0,36;96,21;C;;
09/05/2026;;00000000011757;PIMENTAO VERMELHO E AMARELO KG;3,460;48,44;14,00;17,67;0,00;0,00;30,77;63,53;174,21;0,34;96,55;C;;
09/05/2026;;00000000010508;CEBOLA MIUDA KG;10,565;47,43;4,49;24,24;0,00;0,00;23,19;48,89;95,67;0,33;96,88;C;;
09/05/2026;;00000000010513;PEPINO KG;8,405;45,30;5,39;43,50;0,00;0,00;1,80;3,97;4,13;0,32;97,20;C;;
09/05/2026;;00000000012303;AGRIAO UN.;18,000;44,82;2,49;21,00;0,00;0,00;23,82;53,15;113,43;0,31;97,51;C;;
09/05/2026;;00000000010521;MELAO COMUM KG;6,980;44,60;6,39;23,78;0,00;0,00;20,82;46,69;87,57;0,31;97,82;C;;
09/05/2026;;00000000010523;ABACATE KG;9,575;42,04;4,39;58,02;0,00;0,00;-15,98;-38,02;-27,55;0,29;98,12;C;;
09/05/2026;;00000000010506;BERINJELA KG;4,665;37,30;8,00;17,63;0,00;0,00;19,67;52,72;111,53;0,26;98,38;C;;
09/05/2026;;00000000012306;HORTELA UN;14,000;34,86;2,49;12,60;0,00;0,00;22,26;63,86;176,67;0,24;98,62;C;;
09/05/2026;;00000000012312;LOURO UN.;14,000;33,86;2,42;16,80;0,00;0,00;17,06;50,38;101,55;0,24;98,86;C;;
09/05/2026;;00000000010511;REPOLHO ROXO KG;3,455;31,06;8,99;9,71;0,00;0,00;21,35;68,74;219,92;0,22;99,08;C;;
09/05/2026;;00000000004793;ABOBORA SERGIPANA KG;5,002;24,96;4,99;17,51;0,00;0,00;7,45;29,86;42,57;0,17;99,25;C;;
09/05/2026;;00000000010529;MACA VERDE KG;1,270;21,57;16,98;14,75;0,00;0,00;6,82;31,63;46,25;0,15;99,40;C;;
09/05/2026;;00000000012204;SANDUICHE DE PATE DA CASA;3,000;20,97;6,99;0,00;0,00;0,00;20,97;100,00;0,00;0,15;99,55;C;;
09/05/2026;;00000000000258;CENOURA PROMOCAO KG;6,614;13,16;1,99;42,99;0,00;0,00;-29,83;-226,68;-69,39;0,09;99,64;C;;
09/05/2026;;00000000008283;OVOS CAIPIRA  CARTELA COM 30;1,000;12,49;12,49;0,00;0,00;0,00;12,49;100,00;0,00;0,09;99,73;C;;
09/05/2026;;00000000002429;TOMATE CEREJA UN.;2,000;9,98;4,99;9,16;0,00;0,00;0,82;8,22;8,95;0,07;99,80;C;;
09/05/2026;;00000000010514;GENGIBRE KG;0,570;8,43;14,79;3,48;0,00;0,78;4,95;49,44;142,05;0,06;99,86;C;;
09/05/2026;;00000000004991;BATATA LISA PROMOCAO KG;2,622;6,53;2,49;0,00;0,00;0,00;6,53;100,00;0,00;0,05;99,90;C;;
09/05/2026;;00000000004889;MELANCIA KG;1,396;5,29;3,79;6,04;0,00;0,00;-0,75;-14,27;-12,49;0,04;99,94;C;;
09/05/2026;;00000000007308;SALSA G;5,000;4,95;0,99;17,50;0,00;0,00;-12,55;-253,54;-71,71;0,03;99,98;C;;
09/05/2026;;00000000002157;TOMATE PROMOCAO KG;0,855;3,41;3,99;0,00;0,00;0,00;3,41;100,00;0,00;0,02;100,00;C;;
10/05/2026;;00000000002494;BATATA LISA KG;165,165;1319,57;7,99;380,73;0,00;0,00;938,84;71,15;246,59;17,31;17,31;A;;
10/05/2026;;00000000004799;CENOURA KG;110,495;993,35;8,99;344,83;0,00;0,00;648,52;65,29;188,07;13,03;30,34;A;;
10/05/2026;;00000000004801;BANANA PRATA KG;86,855;433,39;4,99;352,80;0,00;0,00;80,59;18,59;22,84;5,69;36,03;A;;
10/05/2026;;00000000010772;TOMATE ITALIANO KG;53,380;410,45;7,69;247,76;0,00;0,00;162,69;39,64;65,67;5,38;41,41;A;;
10/05/2026;;00000000002519;OVOS CARTELA COM 30;24,000;383,76;15,99;285,24;0,00;0,00;98,52;25,67;34,54;5,03;46,45;A;;
10/05/2026;;00000000010522;MARACUJA KG;50,155;350,59;6,99;313,46;0,00;0,00;37,13;10,59;11,84;4,60;51,05;A;;
10/05/2026;;00000000002495;CEBOLA GRAUDA KG;65,585;327,31;4,99;129,08;0,00;0,00;198,23;60,56;153,58;4,29;55,34;A;;
10/05/2026;;00000000002497;TOMATE CARMEM KG;37,380;279,96;7,49;195,59;0,00;0,00;84,37;30,14;43,14;3,67;59,01;A;;
10/05/2026;;00000000002502;PIMENTAO KG;22,310;229,55;10,29;111,32;0,00;0,00;118,23;51,50;106,20;3,01;62,03;A;;
10/05/2026;;00000000002496;ALHO KG;10,780;194,02;18,00;97,27;13,58;0,00;96,75;42,87;99,47;2,55;64,57;A;;
10/05/2026;;00000000012305;COENTRO UN.;77,000;191,72;2,49;130,90;0,00;0,00;60,82;31,72;46,46;2,52;67,09;A;;
10/05/2026;;00000000010627;MACA GALA KG;18,150;163,14;8,99;170,79;0,00;0,00;-7,65;-4,69;-4,48;2,14;69,23;A;;
10/05/2026;;00000000012302;ALFACE CRESPA UN.;76,000;151,24;1,99;149,78;0,00;0,00;1,46;0,97;0,97;1,98;71,21;A;;
10/05/2026;;00000000019308;UVA VERDE S/ CAROCO BDJ 500G;15,000;149,85;9,99;93,00;0,00;0,00;56,85;37,94;61,13;1,97;73,18;A;;
10/05/2026;;00000000008064;OVOS CARTELA COM 20;12,000;143,88;11,99;0,00;0,00;0,00;143,88;100,00;0,00;1,89;75,06;A;;
10/05/2026;;00000000011761;TANGERINA POKAN KG;34,395;137,22;3,99;138,06;0,00;0,00;-0,84;-0,61;-0,61;1,80;76,86;A;;
10/05/2026;;00000000010525;MANGA PALMER KG;18,585;111,31;5,99;98,34;0,00;0,00;12,97;11,65;13,18;1,46;78,32;A;;
10/05/2026;;00000000002137;MACA GALA SC 850GR;22,000;109,78;4,99;50,76;0,00;0,00;59,02;53,76;116,27;1,44;79,77;A;;
10/05/2026;;00000000019191;UVA PRETA S/ CAROCO BDJ 500G;18,000;107,82;5,99;96,00;0,00;0,00;11,82;10,96;12,31;1,41;81,18;B;;
10/05/2026;;00000000012307;CHEIRO VERDE UN.;42,000;104,58;2,49;64,00;0,00;0,00;40,58;38,80;63,41;1,37;82,55;B;;
10/05/2026;;00000000002498;LIMAO KG;31,170;93,21;2,99;61,31;0,00;0,00;31,90;34,22;52,03;1,22;83,77;B;;
10/05/2026;;00000000010532;KIWI KG;3,710;92,63;24,97;62,40;0,00;0,00;30,23;32,63;48,44;1,22;84,99;B;;
10/05/2026;;00000000012320;SALSINHA UN;35,000;87,15;2,49;52,50;0,00;0,00;34,65;39,76;66,00;1,14;86,13;B;;
10/05/2026;;00000000004797;LARANJA PERA KG;21,000;75,40;3,59;46,41;0,00;0,00;28,99;38,45;62,46;0,99;87,12;B;;
10/05/2026;;00000000012304;COUVE UN.;27,000;67,23;2,49;40,50;0,00;0,00;26,73;39,76;66,00;0,88;88,00;B;;
10/05/2026;;00000000007432;OVOS CAIPIRA C/12;5,000;64,95;12,99;50,00;0,00;0,00;14,95;23,02;29,90;0,85;88,86;B;;
10/05/2026;;00000000002474;TOMATE GRAPE 180G UN.;10,000;64,90;6,49;50,00;0,00;0,00;14,90;22,96;29,80;0,85;89,71;B;;
10/05/2026;;00000000004798;BETERRABA KG;11,720;64,36;5,49;51,69;0,00;0,00;12,67;19,69;24,52;0,84;90,55;B;;
10/05/2026;;00000000010526;COCO SECO KG;12,090;57,90;4,79;39,47;11,66;0,00;18,43;11,69;46,68;0,76;91,31;B;;
10/05/2026;;00000000004803;JILO KG;7,155;57,18;7,99;37,85;0,00;0,00;19,33;33,81;51,07;0,75;92,06;B;;
10/05/2026;;00000000000471;CARTELA OVOS C/12;7,000;48,93;6,99;43,75;0,00;0,00;5,18;10,59;11,84;0,64;92,70;B;;
10/05/2026;;00000000004802;ABACAXI GRANDE UN.;5,000;39,95;7,99;27,50;0,00;0,00;12,45;31,16;45,27;0,52;93,23;B;;
10/05/2026;;00000000004804;INHAME KG;7,860;39,21;4,99;40,48;0,00;0,00;-1,27;-3,24;-3,13;0,51;93,74;B;;
10/05/2026;;00000000001557;BATATA DOCE KG;7,140;35,63;4,99;26,31;0,00;0,00;9,32;26,16;35,44;0,47;94,21;B;;
10/05/2026;;00000000007660;PERA WILLIAM KG;3,525;35,22;9,99;43,36;0,00;0,00;-8,14;-23,10;-18,77;0,46;94,67;B;;
10/05/2026;;00000000010510;REPOLHO KG;7,545;33,13;4,39;16,40;0,00;0,00;16,73;50,50;102,02;0,43;95,11;C;;
10/05/2026;;00000000010509;CEBOLA ROXA KG;5,505;33,00;5,99;22,29;0,00;0,00;10,71;32,47;48,07;0,43;95,54;C;;
10/05/2026;;00000000010512;PEPINO JAPONES KG;6,310;31,48;4,99;25,05;0,00;0,00;6,43;20,42;25,66;0,41;95,95;C;;
10/05/2026;;00000000012303;AGRIAO UN.;12,000;29,88;2,49;14,40;0,00;0,00;15,48;51,81;107,50;0,39;96,34;C;;
10/05/2026;;00000000010529;MACA VERDE KG;1,685;28,63;16,99;19,66;0,00;0,00;8,97;31,32;45,60;0,38;96,72;C;;
10/05/2026;;00000000011757;PIMENTAO VERMELHO E AMARELO KG;1,905;26,67;14,00;8,71;0,00;0,00;17,96;67,35;206,27;0,35;97,07;C;;
10/05/2026;;00000000004796;CHUCHU KG;7,105;21,24;2,99;42,17;0,00;0,00;-20,93;-98,52;-49,63;0,28;97,35;C;;
10/05/2026;;00000000010513;PEPINO KG;3,720;20,05;5,39;16,84;0,00;0,00;3,21;16,00;19,04;0,26;97,61;C;;
10/05/2026;;00000000004405;MOSTARDA UN;8,000;19,92;2,49;12,00;0,00;0,00;7,92;39,76;66,00;0,26;97,87;C;;
10/05/2026;;00000000009239;BANANA PROMOCAO BDJ;6,000;17,94;2,99;0,00;2,15;1,66;17,94;78,75;0,00;0,24;98,11;C;;
10/05/2026;;00000000012306;HORTELA UN;7,000;17,43;2,49;6,30;0,00;0,00;11,13;63,86;176,67;0,23;98,34;C;;
10/05/2026;;00000000010521;MELAO COMUM KG;2,685;17,16;6,39;7,63;0,00;0,00;9,53;55,56;125,04;0,23;98,56;C;;
10/05/2026;;00000000010505;ABOBRINHA KG;3,970;15,84;3,99;11,72;0,00;0,00;4,12;26,04;35,20;0,21;98,77;C;;
10/05/2026;;00000000010523;ABACATE KG;3,585;15,73;4,39;21,73;0,00;0,00;-6,00;-38,11;-27,60;0,21;98,98;C;;
10/05/2026;;00000000010507;QUIABO KG;1,645;13,14;7,99;9,77;0,00;0,00;3,37;25,64;34,48;0,17;99,15;C;;
10/05/2026;;00000000002429;TOMATE CEREJA UN.;2,000;9,98;4,99;9,16;0,00;0,00;0,82;8,22;8,95;0,13;99,28;C;;
10/05/2026;;00000000010531;MACA FUJI KG;0,650;9,09;13,98;8,69;0,00;0,00;0,40;4,39;4,60;0,12;99,40;C;;
10/05/2026;;00000000010514;GENGIBRE KG;0,550;8,13;14,78;3,37;0,00;0,54;4,76;51,85;140,93;0,11;99,51;C;;
10/05/2026;;00000000007980;POTE DE SALADA DA CASA;1,000;7,99;7,99;0,00;0,00;0,00;7,99;100,00;0,00;0,10;99,61;C;;
10/05/2026;;00000000010508;CEBOLA MIUDA KG;1,480;6,65;4,49;2,96;0,00;0,00;3,69;55,49;124,66;0,09;99,70;C;;
10/05/2026;;00000000010511;REPOLHO ROXO KG;0,645;5,80;8,99;1,81;0,00;0,00;3,99;68,75;220,01;0,08;99,77;C;;
10/05/2026;;00000000007308;SALSA G;4,000;3,96;0,99;14,00;0,00;0,00;-10,04;-253,54;-71,71;0,05;99,83;C;;
10/05/2026;;00000000004080;UVA PRETA S/ CAROCO KG;0,510;3,31;6,49;3,57;0,00;0,00;-0,26;-7,85;-7,28;0,04;99,87;C;;
10/05/2026;;00000000005062;MAMAO PAPAIA UN.;1,000;3,29;3,29;2,29;0,00;0,00;1,00;30,40;43,67;0,04;99,91;C;;
10/05/2026;;00000000012312;LOURO UN.;1,000;2,49;2,49;1,20;0,00;0,00;1,29;51,81;107,50;0,03;99,94;C;;
10/05/2026;;00000000010506;BERINJELA KG;0,280;2,24;8,00;3,31;0,00;0,00;-1,07;-47,63;-32,26;0,03;99,97;C;;
10/05/2026;;00000000000002;PIMENTAO BANDEJA UNIDADE;1,000;1,99;1,99;16,32;0,00;0,00;-14,33;-720,10;-87,81;0,03;100,00;C;;
11/05/2026;;00000000002519;OVOS CARTELA COM 30;55,000;878,20;15,97;635,58;0,00;0,00;242,62;27,63;38,17;11,98;11,98;A;;
11/05/2026;;00000000002494;BATATA LISA KG;109,190;872,42;7,99;246,43;0,00;0,00;625,99;71,75;254,02;11,90;23,88;A;;
11/05/2026;;00000000004801;BANANA PRATA KG;83,070;414,51;4,99;344,31;0,00;0,00;70,20;16,94;20,39;5,66;29,54;A;;
11/05/2026;;00000000002496;ALHO KG;19,565;352,07;17,99;173,24;24,65;0,00;178,83;43,79;103,22;4,80;34,34;A;;
11/05/2026;;00000000010522;MARACUJA KG;43,645;305,11;6,99;295,02;0,00;0,00;10,09;3,31;3,42;4,16;38,50;A;;
11/05/2026;;00000000004799;CENOURA KG;33,770;303,60;8,99;105,22;0,00;0,00;198,38;65,34;188,53;4,14;42,65;A;;
11/05/2026;;00000000008064;OVOS CARTELA COM 20;20,000;239,80;11,99;30,00;0,00;0,00;209,80;87,49;699,33;3,27;45,92;A;;
11/05/2026;;00000000010772;TOMATE ITALIANO KG;29,885;229,82;7,69;137,58;0,00;0,00;92,24;40,14;67,04;3,14;49,05;A;;
11/05/2026;;00000000010507;QUIABO KG;27,747;221,67;7,99;166,67;0,00;0,00;55,00;24,81;33,00;3,02;52,08;A;;
11/05/2026;;00000000002497;TOMATE CARMEM KG;28,635;214,45;7,49;149,82;0,00;0,00;64,63;30,14;43,14;2,93;55,00;A;;
11/05/2026;;00000000019308;UVA VERDE S/ CAROCO BDJ 500G;20,000;199,80;9,99;130,00;0,00;0,00;69,80;34,93;53,69;2,73;57,73;A;;
11/05/2026;;00000000012305;COENTRO UN.;74,000;184,26;2,49;125,80;0,00;0,00;58,46;31,73;46,47;2,51;60,24;A;;
11/05/2026;;00000000002495;CEBOLA GRAUDA KG;35,725;178,31;4,99;70,18;0,00;0,00;108,13;60,64;154,09;2,43;62,68;A;;
11/05/2026;;00000000019191;UVA PRETA S/ CAROCO BDJ 500G;27,000;161,73;5,99;140,40;0,00;0,00;21,33;13,19;15,19;2,21;64,88;A;;
11/05/2026;;00000000011761;TANGERINA POKAN KG;38,295;152,80;3,99;162,75;0,00;0,00;-9,95;-6,51;-6,12;2,08;66,97;A;;
11/05/2026;;00000000012302;ALFACE CRESPA UN.;72,000;143,28;1,99;148,93;0,00;0,00;-5,65;-3,94;-3,79;1,95;68,92;A;;
11/05/2026;;00000000002137;MACA GALA SC 850GR;26,000;129,74;4,99;54,48;0,00;0,00;75,26;58,01;138,14;1,77;70,69;A;;
11/05/2026;;00000000012307;CHEIRO VERDE UN.;52,000;129,48;2,49;78,40;0,00;0,00;51,08;39,45;65,15;1,77;72,46;A;;
11/05/2026;;00000000010525;MANGA PALMER KG;20,990;125,71;5,99;111,04;0,00;0,00;14,67;11,67;13,21;1,72;74,17;A;;
11/05/2026;;00000000000471;CARTELA OVOS C/12;17,000;118,83;6,99;106,25;0,00;0,00;12,58;10,59;11,84;1,62;75,79;A;;
11/05/2026;;00000000004803;JILO KG;14,580;116,50;7,99;77,13;0,00;0,00;39,37;33,80;51,05;1,59;77,38;A;;
11/05/2026;;00000000004804;INHAME KG;23,175;115,65;4,99;117,16;0,00;0,00;-1,51;-1,30;-1,29;1,58;78,96;A;;
11/05/2026;;00000000004797;LARANJA PERA KG;30,220;108,51;3,59;67,15;0,00;0,00;41,36;38,12;61,60;1,48;80,44;B;;
11/05/2026;;00000000001557;BATATA DOCE KG;20,815;103,88;4,99;77,55;0,00;0,00;26,33;25,35;33,95;1,42;81,86;B;;
11/05/2026;;00000000012304;COUVE UN.;38,000;94,62;2,49;57,00;0,00;0,00;37,62;39,76;66,00;1,29;83,15;B;;
11/05/2026;;00000000004793;ABOBORA SERGIPANA KG;16,632;83,00;4,99;58,21;0,00;0,00;24,79;29,87;42,58;1,13;84,28;B;;
11/05/2026;;00000000010627;MACA GALA KG;9,215;82,86;8,99;88,18;0,00;0,00;-5,32;-6,42;-6,04;1,13;85,41;B;;
11/05/2026;;00000000002498;LIMAO KG;24,660;73,75;2,99;47,78;0,00;0,00;25,97;35,21;54,35;1,01;86,42;B;;
11/05/2026;;00000000002502;PIMENTAO KG;7,145;73,57;10,30;33,71;0,00;0,00;39,86;54,18;118,26;1,00;87,42;B;;
11/05/2026;;00000000004796;CHUCHU KG;21,380;63,93;2,99;135,76;0,00;0,00;-71,83;-112,36;-52,91;0,87;88,29;B;;
11/05/2026;;00000000010531;MACA FUJI KG;4,485;62,74;13,99;59,96;0,00;0,00;2,78;4,42;4,63;0,86;89,15;B;;
11/05/2026;;00000000004798;BETERRABA KG;11,240;61,71;5,49;49,69;0,00;0,00;12,02;19,48;24,19;0,84;89,99;B;;
11/05/2026;;00000000010505;ABOBRINHA KG;12,445;49,65;3,99;37,22;0,00;0,00;12,43;25,03;33,39;0,68;90,67;B;;
11/05/2026;;00000000012309;BROCOLIS UN;7,000;48,93;6,99;45,50;0,00;0,00;3,43;7,01;7,54;0,67;91,34;B;;
11/05/2026;;00000000012320;SALSINHA UN;19,000;47,31;2,49;28,50;0,00;0,00;18,81;39,76;66,00;0,65;91,98;B;;
11/05/2026;;00000000010526;COCO SECO KG;9,445;45,24;4,79;30,79;9,05;0,00;14,45;11,94;46,93;0,62;92,60;B;;
11/05/2026;;00000000004405;MOSTARDA UN;18,000;44,82;2,49;27,00;0,00;0,00;17,82;39,76;66,00;0,61;93,21;B;;
11/05/2026;;00000000009239;BANANA PROMOCAO BDJ;14,000;41,86;2,99;0,00;5,08;3,60;41,86;79,27;0,00;0,57;93,78;B;;
11/05/2026;;00000000007660;PERA WILLIAM KG;4,070;40,66;9,99;50,06;0,00;0,00;-9,40;-23,12;-18,78;0,55;94,34;B;;
11/05/2026;;00000000012204;SANDUICHE DE PATE DA CASA;5,000;34,95;6,99;0,00;0,00;0,00;34,95;100,00;0,00;0,48;94,81;B;;
11/05/2026;;00000000012303;AGRIAO UN.;14,000;34,86;2,49;16,80;0,00;0,00;18,06;51,81;107,50;0,48;95,29;C;;
11/05/2026;;00000000007980;POTE DE SALADA DA CASA;4,000;31,96;7,99;0,00;0,00;0,00;31,96;100,00;0,00;0,44;95,73;C;;
11/05/2026;;00000000010510;REPOLHO KG;6,200;27,22;4,39;11,90;0,00;0,00;15,32;56,27;128,66;0,37;96,10;C;;
11/05/2026;;00000000010513;PEPINO KG;4,850;26,14;5,39;26,14;0,00;0,00;0,00;-0,01;-0,01;0,36;96,45;C;;
11/05/2026;;00000000007432;OVOS CAIPIRA C/12;2,000;25,98;12,99;20,00;0,00;0,00;5,98;23,02;29,90;0,35;96,81;C;;
11/05/2026;;00000000004802;ABACAXI GRANDE UN.;3,000;23,97;7,99;16,50;0,00;0,00;7,47;31,16;45,27;0,33;97,13;C;;
11/05/2026;;00000000010512;PEPINO JAPONES KG;4,740;23,67;4,99;19,10;0,00;0,00;4,57;19,30;23,91;0,32;97,46;C;;
11/05/2026;;00000000010523;ABACATE KG;4,970;21,82;4,39;28,28;0,00;0,00;-6,46;-29,60;-22,84;0,30;97,76;C;;
11/05/2026;;00000000012312;LOURO UN.;8,000;19,92;2,49;9,40;0,00;0,00;10,52;52,81;111,91;0,27;98,03;C;;
11/05/2026;;00000000012306;HORTELA UN;8,000;19,92;2,49;7,20;0,00;0,00;12,72;63,86;176,67;0,27;98,30;C;;
11/05/2026;;00000000010506;BERINJELA KG;2,335;18,67;8,00;8,83;0,00;0,00;9,84;52,72;111,53;0,25;98,55;C;;
11/05/2026;;00000000010509;CEBOLA ROXA KG;2,800;16,78;5,99;11,31;0,00;0,00;5,47;32,59;48,34;0,23;98,78;C;;
11/05/2026;;00000000010508;CEBOLA MIUDA KG;3,575;16,06;4,49;7,15;0,00;0,00;8,91;55,48;124,62;0,22;99,00;C;;
11/05/2026;;00000000011757;PIMENTAO VERMELHO E AMARELO KG;0,960;13,43;13,99;4,09;0,00;0,00;9,34;69,55;228,39;0,18;99,18;C;;
11/05/2026;;00000000005062;MAMAO PAPAIA UN.;4,000;13,16;3,29;9,16;0,00;0,00;4,00;30,40;43,67;0,18;99,36;C;;
11/05/2026;;00000000010521;MELAO COMUM KG;1,515;9,68;6,39;4,30;0,00;0,00;5,38;55,55;124,98;0,13;99,50;C;;
11/05/2026;;00000000000258;CENOURA PROMOCAO KG;4,166;8,29;1,99;27,08;0,00;0,00;-18,79;-226,65;-69,39;0,11;99,61;C;;
11/05/2026;;00000000002474;TOMATE GRAPE 180G UN.;1,000;6,49;6,49;5,00;0,00;0,00;1,49;22,96;29,80;0,09;99,70;C;;
11/05/2026;;00000000010530;MACA  ARGENTINA KG;0,335;6,36;18,99;3,90;0,00;0,00;2,46;38,69;63,10;0,09;99,78;C;;
11/05/2026;;00000000010514;GENGIBRE KG;0,305;4,51;14,79;1,86;0,00;0,42;2,65;49,43;142,01;0,06;99,85;C;;
11/05/2026;;00000000010529;MACA VERDE KG;0,185;3,14;16,97;2,16;0,00;0,00;0,98;31,24;45,44;0,04;99,89;C;;
11/05/2026;;00000000007308;SALSA G;3,000;2,97;0,99;10,50;0,00;0,00;-7,53;-253,54;-71,71;0,04;99,93;C;;
11/05/2026;;00000000004991;BATATA LISA PROMOCAO KG;1,124;2,80;2,49;0,00;0,00;0,00;2,80;100,00;0,00;0,04;99,97;C;;
11/05/2026;;00000000010532;KIWI KG;0,095;2,37;24,95;1,60;0,00;0,00;0,77;32,58;48,32;0,03;100,00;C;;
12/05/2026;;00000000002494;BATATA LISA KG;104,280;833,12;7,99;198,13;0,00;0,00;634,99;76,22;320,49;9,24;9,24;A;;
12/05/2026;;00000000004801;BANANA PRATA KG;131,480;656,09;4,99;546,96;0,00;0,00;109,13;16,63;19,95;7,28;16,52;A;;
12/05/2026;;00000000002519;OVOS CARTELA COM 30;41,000;655,59;15,99;471,50;0,00;0,00;184,09;28,08;39,04;7,27;23,79;A;;
12/05/2026;;00000000002496;ALHO KG;27,640;497,38;17,99;243,23;34,81;0,00;254,15;44,10;104,49;5,52;29,31;A;;
12/05/2026;;00000000004799;CENOURA KG;44,180;397,18;8,99;123,70;0,00;0,00;273,48;68,85;221,07;4,41;33,72;A;;
12/05/2026;;00000000008064;OVOS CARTELA COM 20;32,000;383,68;11,99;0,00;0,00;0,00;383,68;100,00;0,00;4,26;37,97;A;;
12/05/2026;;00000000010522;MARACUJA KG;41,250;329,57;7,99;279,67;0,00;0,00;49,89;15,14;17,84;3,66;41,63;A;;
12/05/2026;;00000000002495;CEBOLA GRAUDA KG;61,770;308,19;4,99;109,33;0,00;0,00;198,86;64,52;181,88;3,42;45,05;A;;
12/05/2026;;00000000011761;TANGERINA POKAN KG;74,415;296,91;3,99;316,26;0,00;0,00;-19,35;-6,52;-6,12;3,29;48,34;A;;
12/05/2026;;00000000010772;TOMATE ITALIANO KG;38,425;295,51;7,69;175,22;0,00;0,00;120,29;40,71;68,65;3,28;51,62;A;;
12/05/2026;;00000000019308;UVA VERDE S/ CAROCO BDJ 500G;27,000;269,73;9,99;175,50;0,00;0,00;94,23;34,93;53,69;2,99;54,61;A;;
12/05/2026;;00000000019191;UVA PRETA S/ CAROCO BDJ 500G;39,000;253,11;6,49;202,80;0,00;0,00;50,31;19,88;24,81;2,81;57,42;A;;
12/05/2026;;00000000012309;BROCOLIS UN;53,000;243,27;4,59;344,50;0,00;0,00;-101,23;-41,61;-29,38;2,70;60,12;A;;
12/05/2026;;00000000002497;TOMATE CARMEM KG;31,450;234,72;7,46;164,48;0,00;0,00;70,24;29,92;42,70;2,60;62,72;A;;
12/05/2026;;00000000010525;MANGA PALMER KG;36,825;220,54;5,99;194,80;0,00;0,00;25,74;11,67;13,21;2,45;65,17;A;;
12/05/2026;;00000000002137;MACA GALA SC 850GR;44,000;210,76;4,79;85,36;0,00;0,00;125,40;59,50;146,91;2,34;67,50;A;;
12/05/2026;;00000000012305;COENTRO UN.;79,000;196,71;2,49;134,30;0,00;0,00;62,41;31,73;46,47;2,18;69,69;A;;
12/05/2026;;00000000004797;LARANJA PERA KG;56,970;170,32;2,99;125,90;0,00;0,00;44,42;26,08;35,28;1,89;71,58;A;;
12/05/2026;;00000000002502;PIMENTAO KG;15,480;159,24;10,29;69,35;0,00;0,00;89,89;56,45;129,62;1,77;73,34;A;;
12/05/2026;;00000000010627;MACA GALA KG;17,125;153,95;8,99;167,14;0,00;0,00;-13,19;-8,57;-7,89;1,71;75,05;A;;
12/05/2026;;00000000004793;ABOBORA SERGIPANA KG;28,374;141,58;4,99;99,31;0,00;0,00;42,27;29,86;42,57;1,57;76,62;A;;
12/05/2026;;00000000004803;JILO KG;15,150;121,08;7,99;80,14;0,00;0,00;40,94;33,81;51,08;1,34;77,96;A;;
12/05/2026;;00000000012302;ALFACE CRESPA UN.;78,000;116,22;1,49;162,24;0,00;0,00;-46,02;-39,60;-28,37;1,29;79,25;A;;
12/05/2026;;00000000012304;COUVE UN.;76,000;113,24;1,49;114,00;0,00;0,00;-0,76;-0,67;-0,67;1,26;80,51;B;;
12/05/2026;;00000000001557;BATATA DOCE KG;20,355;100,70;4,95;76,33;0,00;0,00;24,37;24,20;31,92;1,12;81,63;B;;
12/05/2026;;00000000004798;BETERRABA KG;17,960;98,61;5,49;79,20;0,00;0,00;19,41;19,68;24,50;1,09;82,72;B;;
12/05/2026;;00000000012320;SALSINHA UN;39,000;97,11;2,49;58,50;0,00;0,00;38,61;39,76;66,00;1,08;83,80;B;;
12/05/2026;;00000000010518;BANANA DAGUA KG;22,845;91,15;3,99;61,00;0,00;0,00;30,15;33,08;49,44;1,01;84,81;B;;
12/05/2026;;00000000000471;CARTELA OVOS C/12;13,000;90,87;6,99;81,25;0,00;0,00;9,62;10,59;11,84;1,01;85,82;B;;
12/05/2026;;00000000010523;ABACATE KG;22,610;90,18;3,99;137,02;0,00;0,00;-46,84;-51,94;-34,18;1,00;86,82;B;;
12/05/2026;;00000000010532;KIWI KG;3,505;87,59;24,99;58,95;0,00;0,00;28,64;32,69;48,57;0,97;87,79;B;;
12/05/2026;;00000000012307;CHEIRO VERDE UN.;54,000;80,46;1,49;81,00;0,00;0,00;-0,54;-0,67;-0,67;0,89;88,68;B;;
12/05/2026;;00000000004802;ABACAXI GRANDE UN.;10,000;79,90;7,99;55,00;0,00;0,00;24,90;31,16;45,27;0,89;89,57;B;;
12/05/2026;;00000000002498;LIMAO KG;26,540;79,37;2,99;50,69;0,00;0,00;28,68;36,13;56,57;0,88;90,45;B;;
12/05/2026;;00000000010505;ABOBRINHA KG;18,610;74,24;3,99;55,83;0,00;0,00;18,41;24,80;32,98;0,82;91,27;B;;
12/05/2026;;00000000004405;MOSTARDA UN;24,000;59,76;2,49;36,00;0,00;0,00;23,76;39,76;66,00;0,66;91,93;B;;
12/05/2026;;00000000010510;REPOLHO KG;13,200;57,94;4,39;25,34;0,00;0,00;32,60;56,26;128,61;0,64;92,58;B;;
12/05/2026;;00000000004796;CHUCHU KG;18,595;55,60;2,99;118,08;0,00;0,00;-62,48;-112,37;-52,91;0,62;93,19;B;;
12/05/2026;;00000000010521;MELAO COMUM KG;8,435;53,90;6,39;23,96;0,00;0,00;29,94;55,56;125,00;0,60;93,79;B;;
12/05/2026;;00000000010526;COCO SECO KG;11,025;52,81;4,79;35,94;10,56;0,00;16,87;11,94;46,93;0,59;94,38;B;;
12/05/2026;;00000000010512;PEPINO JAPONES KG;8,385;41,85;4,99;33,79;0,00;0,00;8,06;19,26;23,85;0,46;94,84;B;;
12/05/2026;;00000000012303;AGRIAO UN.;28,000;41,72;1,49;33,60;0,00;0,00;8,12;19,46;24,17;0,46;95,30;C;;
12/05/2026;;00000000010508;CEBOLA MIUDA KG;8,565;38,45;4,49;17,13;0,00;0,00;21,32;55,45;124,46;0,43;95,73;C;;
12/05/2026;;00000000005062;MAMAO PAPAIA UN.;11,000;36,19;3,29;25,19;0,00;0,00;11,00;30,40;43,67;0,40;96,13;C;;
12/05/2026;;00000000010530;MACA  ARGENTINA KG;1,625;30,86;18,99;18,91;0,00;0,00;11,94;38,71;63,15;0,34;96,48;C;;
12/05/2026;;00000000010509;CEBOLA ROXA KG;4,700;28,15;5,99;18,99;0,00;0,00;9,16;32,55;48,25;0,31;96,79;C;;
12/05/2026;;00000000007660;PERA WILLIAM KG;2,745;27,41;9,99;33,76;0,00;0,00;-6,35;-23,18;-18,82;0,30;97,09;C;;
12/05/2026;;00000000002474;TOMATE GRAPE 180G UN.;4,000;25,96;6,49;20,00;0,00;0,00;5,96;22,96;29,80;0,29;97,38;C;;
12/05/2026;;00000000004804;INHAME KG;5,015;25,02;4,99;25,83;0,00;0,00;-0,81;-3,23;-3,13;0,28;97,66;C;;
12/05/2026;;00000000012306;HORTELA UN;10,000;24,90;2,49;9,00;0,00;0,00;15,90;63,86;176,67;0,28;97,93;C;;
12/05/2026;;00000000010507;QUIABO KG;2,892;23,11;7,99;17,18;0,00;0,00;5,93;25,67;34,53;0,26;98,19;C;;
12/05/2026;;00000000010513;PEPINO KG;4,275;23,04;5,39;23,04;0,00;0,00;0,00;-0,01;-0,01;0,26;98,45;C;;
12/05/2026;;00000000009239;BANANA PROMOCAO BDJ;7,000;20,93;2,99;0,00;2,51;1,94;20,93;78,75;0,00;0,23;98,68;C;;
12/05/2026;;00000000010514;GENGIBRE KG;1,335;19,74;14,79;8,16;0,00;1,83;11,58;49,43;142,01;0,22;98,90;C;;
12/05/2026;;00000000010506;BERINJELA KG;2,110;16,86;7,99;7,98;0,00;0,00;8,88;52,69;111,39;0,19;99,08;C;;
12/05/2026;;00000000007432;OVOS CAIPIRA C/12;1,000;12,99;12,99;10,00;0,00;0,00;2,99;23,02;29,90;0,14;99,23;C;;
12/05/2026;;00000000010531;MACA FUJI KG;0,820;11,47;13,99;10,96;0,00;0,00;0,51;4,42;4,62;0,13;99,35;C;;
12/05/2026;;00000000005727;MACA GALA PROMOCAO SC 850GR;2,000;9,58;4,79;0,00;0,00;0,00;9,58;100,00;0,00;0,11;99,46;C;;
12/05/2026;;00000000010511;REPOLHO ROXO KG;1,030;9,26;8,99;2,89;0,00;0,00;6,37;68,74;219,94;0,10;99,56;C;;
12/05/2026;;00000000009982;MELAO UNID;2,000;8,98;4,49;0,00;0,00;0,00;8,98;100,00;0,00;0,10;99,66;C;;
12/05/2026;;00000000007980;POTE DE SALADA DA CASA;1,000;7,99;7,99;0,00;0,00;0,00;7,99;100,00;0,00;0,09;99,75;C;;
12/05/2026;;00000000012204;SANDUICHE DE PATE DA CASA;1,000;6,99;6,99;0,00;0,00;0,00;6,99;100,00;0,00;0,08;99,83;C;;
12/05/2026;;00000000004889;MELANCIA KG;1,609;6,10;3,79;4,23;0,00;0,00;1,87;30,63;44,15;0,07;99,90;C;;
12/05/2026;;00000000007308;SALSA G;4,000;3,96;0,99;14,00;0,00;0,00;-10,04;-253,54;-71,71;0,04;99,94;C;;
12/05/2026;;00000000010529;MACA VERDE KG;0,180;3,06;17,00;2,10;0,00;0,00;0,96;31,35;45,67;0,03;99,98;C;;
12/05/2026;;00000000011757;PIMENTAO VERMELHO E AMARELO KG;0,160;2,24;14,00;0,68;0,00;0,00;1,56;69,57;228,64;0,02;100,00;C;;
13/05/2026;;00000000002494;BATATA LISA KG;108,540;872,40;8,04;206,23;0,00;0,00;666,17;76,36;323,03;12,67;12,67;A;;
13/05/2026;;00000000002519;OVOS CARTELA COM 30;37,000;667,53;18,04;425,50;0,00;0,00;242,03;36,26;56,88;9,70;22,37;A;;
13/05/2026;;00000000008064;OVOS CARTELA COM 20;27,000;323,73;11,99;0,00;0,00;0,00;323,73;100,00;0,00;4,70;27,08;A;;
13/05/2026;;00000000002497;TOMATE CARMEM KG;42,662;307,15;7,20;223,12;0,00;0,00;84,03;27,36;37,66;4,46;31,54;A;;
13/05/2026;;00000000004799;CENOURA KG;33,165;298,17;8,99;92,86;0,00;0,00;205,31;68,86;221,09;4,33;35,87;A;;
13/05/2026;;00000000002495;CEBOLA GRAUDA KG;56,980;295,65;5,19;100,85;0,00;0,00;194,80;65,89;193,14;4,30;40,17;A;;
13/05/2026;;00000000004801;BANANA PRATA KG;52,280;260,86;4,99;217,48;0,00;0,00;43,38;16,63;19,94;3,79;43,96;A;;
13/05/2026;;00000000002496;ALHO KG;14,360;258,45;18,00;126,37;18,09;0,00;132,08;44,11;104,52;3,75;47,71;A;;
13/05/2026;;00000000012042;CAIXA DE OVOS;1,000;239,99;239,99;0,00;0,00;0,00;239,99;100,00;0,00;3,49;51,20;A;;
13/05/2026;;00000000010522;MARACUJA KG;26,245;186,47;7,10;177,94;0,00;0,00;8,53;4,57;4,79;2,71;53,91;A;;
13/05/2026;;00000000010772;TOMATE ITALIANO KG;25,215;184,36;7,31;114,98;0,00;0,00;69,38;37,63;60,34;2,68;56,58;A;;
13/05/2026;;00000000000471;CARTELA OVOS C/12;26,000;181,74;6,99;162,50;0,00;0,00;19,24;10,59;11,84;2,64;59,22;A;;
13/05/2026;;00000000010525;MANGA PALMER KG;28,075;168,13;5,99;148,52;0,00;0,00;19,61;11,67;13,21;2,44;61,67;A;;
13/05/2026;;00000000019308;UVA VERDE S/ CAROCO BDJ 500G;15,000;158,95;10,60;97,50;0,00;0,00;61,45;38,66;63,03;2,31;63,98;A;;
13/05/2026;;00000000012305;COENTRO UN.;57,000;141,93;2,49;96,90;0,00;0,00;45,03;31,73;46,47;2,06;66,04;A;;
13/05/2026;;00000000010627;MACA GALA KG;15,345;137,95;8,99;149,77;0,00;0,00;-11,82;-8,57;-7,89;2,00;68,04;A;;
13/05/2026;;00000000012302;ALFACE CRESPA UN.;66,000;130,34;1,97;137,28;0,00;0,00;-6,94;-5,32;-5,06;1,89;69,94;A;;
13/05/2026;;00000000019191;UVA PRETA S/ CAROCO BDJ 500G;20,000;121,80;6,09;104,00;0,00;0,00;17,80;14,61;17,12;1,77;71,71;A;;
13/05/2026;;00000000004803;JILO KG;13,655;109,12;7,99;72,23;0,00;0,00;36,89;33,80;51,06;1,59;73,29;A;;
13/05/2026;;00000000012309;BROCOLIS UN;15,000;104,85;6,99;97,50;0,00;0,00;7,35;7,01;7,54;1,52;74,81;A;;
13/05/2026;;00000000002502;PIMENTAO KG;12,970;96,36;7,43;58,11;0,00;0,00;38,25;39,70;65,84;1,40;76,21;A;;
13/05/2026;;00000000011761;TANGERINA POKAN KG;23,615;94,22;3,99;100,36;0,00;0,00;-6,14;-6,52;-6,12;1,37;77,58;A;;
13/05/2026;;00000000012307;CHEIRO VERDE UN.;37,000;90,13;2,44;55,50;0,00;0,00;34,63;38,42;62,40;1,31;78,89;A;;
13/05/2026;;00000000012304;COUVE UN.;36,000;89,52;2,49;54,00;0,00;0,00;35,52;39,68;65,78;1,30;80,19;B;;
13/05/2026;;00000000002137;MACA GALA SC 850GR;17,000;84,63;4,98;32,98;0,00;0,00;51,65;61,03;156,61;1,23;81,42;B;;
13/05/2026;;00000000007660;PERA WILLIAM KG;8,280;82,70;9,99;101,84;0,00;0,00;-19,14;-23,15;-18,80;1,20;82,62;B;;
13/05/2026;;00000000010531;MACA FUJI KG;4,780;66,87;13,99;63,91;0,00;0,00;2,96;4,43;4,63;0,97;83,60;B;;
13/05/2026;;00000000012320;SALSINHA UN;26,000;64,74;2,49;39,00;0,00;0,00;25,74;39,76;66,00;0,94;84,54;B;;
13/05/2026;;00000000004793;ABOBORA SERGIPANA KG;10,321;51,50;4,99;36,12;0,00;0,00;15,38;29,86;42,57;0,75;85,28;B;;
13/05/2026;;00000000010510;REPOLHO KG;9,880;51,30;5,19;18,97;0,00;0,00;32,33;63,02;170,43;0,75;86,03;B;;
13/05/2026;;00000000002498;LIMAO KG;15,805;50,29;3,18;30,19;0,00;0,00;20,10;39,97;66,59;0,73;86,76;B;;
13/05/2026;;00000000004405;MOSTARDA UN;20,000;49,80;2,49;30,00;0,00;0,00;19,80;39,76;66,00;0,72;87,48;B;;
13/05/2026;;00000000004804;INHAME KG;9,780;48,79;4,99;50,37;0,00;0,00;-1,58;-3,23;-3,13;0,71;88,19;B;;
13/05/2026;;00000000004798;BETERRABA KG;8,300;48,39;5,83;36,60;0,00;0,00;11,79;24,36;32,20;0,70;88,90;B;;
13/05/2026;;00000000010505;ABOBRINHA KG;14,870;48,04;3,23;44,61;0,00;0,00;3,43;7,14;7,69;0,70;89,59;B;;
13/05/2026;;00000000004802;ABACAXI GRANDE UN.;6,000;47,94;7,99;33,00;0,00;0,00;14,94;31,16;45,27;0,70;90,29;B;;
13/05/2026;;00000000004797;LARANJA PERA KG;12,395;43,76;3,53;27,39;0,00;0,00;16,37;37,40;59,75;0,64;90,93;B;;
13/05/2026;;00000000011623;TORTINHA DE LIMAO DA CASA P;7,000;41,93;5,99;0,00;0,00;0,00;41,93;100,00;0,00;0,61;91,53;B;;
13/05/2026;;00000000010513;PEPINO KG;8,500;41,56;4,89;45,81;0,00;0,00;-4,25;-10,24;-9,29;0,60;92,14;B;;
13/05/2026;;00000000010509;CEBOLA ROXA KG;5,879;39,11;6,65;23,75;0,00;0,00;15,36;39,27;64,67;0,57;92,71;B;;
13/05/2026;;00000000010526;COCO SECO KG;8,155;39,06;4,79;26,59;7,81;0,00;12,47;11,94;46,92;0,57;93,27;B;;
13/05/2026;;00000000010518;BANANA DAGUA KG;9,531;38,03;3,99;25,45;0,00;0,00;12,58;33,09;49,44;0,55;93,83;B;;
13/05/2026;;00000000001557;BATATA DOCE KG;8,770;36,44;4,16;32,89;0,00;0,00;3,55;9,75;10,80;0,53;94,36;B;;
13/05/2026;;00000000010523;ABACATE KG;7,800;33,84;4,34;47,27;0,00;0,00;-13,43;-39,68;-28,41;0,49;94,85;B;;
13/05/2026;;00000000004796;CHUCHU KG;8,665;30,53;3,52;55,02;0,00;0,00;-24,49;-80,23;-44,51;0,44;95,29;C;;
13/05/2026;;00000000009239;BANANA PROMOCAO BDJ;10,000;29,90;2,99;0,00;3,59;2,77;29,90;78,75;0,00;0,43;95,73;C;;
13/05/2026;;00000000012303;AGRIAO UN.;12,000;29,88;2,49;14,40;0,00;0,00;15,48;51,81;107,50;0,43;96,16;C;;
13/05/2026;;00000000010508;CEBOLA MIUDA KG;6,530;29,31;4,49;13,06;0,00;0,00;16,25;55,44;124,43;0,43;96,59;C;;
13/05/2026;;00000000010529;MACA VERDE KG;1,495;25,40;16,99;17,45;0,00;0,00;7,95;31,31;45,59;0,37;96,95;C;;
13/05/2026;;00000000010521;MELAO COMUM KG;4,565;23,69;5,19;12,96;0,00;0,00;10,73;45,27;82,73;0,34;97,30;C;;
13/05/2026;;00000000012306;HORTELA UN;9,000;22,41;2,49;8,10;0,00;0,00;14,31;63,86;176,67;0,33;97,62;C;;
13/05/2026;;00000000010512;PEPINO JAPONES KG;3,915;19,53;4,99;15,78;0,00;0,00;3,75;19,21;23,78;0,28;97,91;C;;
13/05/2026;;00000000002474;TOMATE GRAPE 180G UN.;3,000;19,47;6,49;15,00;0,00;0,00;4,47;22,96;29,80;0,28;98,19;C;;
13/05/2026;;00000000010506;BERINJELA KG;2,510;17,05;6,79;9,49;0,00;0,00;7,56;44,35;79,70;0,25;98,44;C;;
13/05/2026;;00000000011609;MOUSSE DE MARACUJA DA CASA P;4,000;15,96;3,99;0,00;0,00;0,00;15,96;100,00;0,00;0,23;98,67;C;;
13/05/2026;;00000000012204;SANDUICHE DE PATE DA CASA;2,000;13,98;6,99;0,00;0,00;0,00;13,98;100,00;0,00;0,20;98,87;C;;
13/05/2026;;00000000005062;MAMAO PAPAIA UN.;3,000;13,47;4,49;6,87;0,00;0,00;6,60;49,00;96,07;0,20;99,07;C;;
13/05/2026;;00000000008283;OVOS CAIPIRA  CARTELA COM 30;1,000;12,49;12,49;0,00;0,00;0,00;12,49;100,00;0,00;0,18;99,25;C;;
13/05/2026;;00000000000258;CENOURA PROMOCAO KG;6,256;12,45;1,99;40,66;0,00;0,00;-28,21;-226,62;-69,38;0,18;99,43;C;;
13/05/2026;;00000000011757;PIMENTAO VERMELHO E AMARELO KG;0,720;10,08;14,00;3,07;0,00;0,00;7,01;69,57;228,64;0,15;99,58;C;;
13/05/2026;;00000000010532;KIWI KG;0,335;8,37;24,99;5,63;0,00;0,00;2,74;32,68;48,54;0,12;99,70;C;;
13/05/2026;;00000000011612;MOUSSE DE LIMAO DA CASA P;2,000;7,98;3,99;0,00;0,00;0,00;7,98;100,00;0,00;0,12;99,82;C;;
13/05/2026;;00000000004889;MELANCIA KG;1,617;6,13;3,79;4,25;0,00;0,00;1,88;30,62;44,14;0,09;99,90;C;;
13/05/2026;;00000000012312;LOURO UN.;1,000;2,49;2,49;1,20;0,00;0,00;1,29;51,81;107,50;0,04;99,94;C;;
13/05/2026;;00000000010514;GENGIBRE KG;0,140;2,08;14,86;0,86;0,00;0,19;1,22;49,63;143,16;0,03;99,97;C;;
13/05/2026;;00000000007308;SALSA G;2,000;1,98;0,99;7,00;0,00;0,00;-5,02;-253,54;-71,71;0,03;100,00;C;;
14/05/2026;;00000000002494;BATATA LISA KG;85,410;682,40;7,99;168,29;0,00;0,00;514,11;75,34;305,49;9,47;9,47;A;;
14/05/2026;;00000000002519;OVOS CARTELA COM 30;23,000;420,67;18,29;264,50;0,00;0,00;156,17;37,12;59,04;5,84;15,31;A;;
14/05/2026;;00000000008064;OVOS CARTELA COM 20;35,000;419,65;11,99;20,00;0,00;0,00;399,65;95,23;1998,25;5,82;21,13;A;;
14/05/2026;;00000000004801;BANANA PRATA KG;81,395;406,14;4,99;335,23;0,00;0,00;70,91;17,46;21,15;5,64;26,77;A;;
14/05/2026;;00000000010507;QUIABO KG;39,047;311,97;7,99;231,94;0,00;0,00;80,03;25,65;34,51;4,33;31,10;A;;
14/05/2026;;00000000002497;TOMATE CARMEM KG;37,525;269,78;7,19;201,12;0,00;0,00;68,66;25,45;34,14;3,74;34,84;A;;
14/05/2026;;00000000010772;TOMATE ITALIANO KG;36,970;269,50;7,29;176,07;0,00;0,00;93,43;34,67;53,07;3,74;38,58;A;;
14/05/2026;;00000000010522;MARACUJA KG;37,060;259,02;6,99;247,35;0,00;0,00;11,67;4,51;4,72;3,59;42,18;A;;
14/05/2026;;00000000004799;CENOURA KG;28,055;252,24;8,99;80,92;0,00;0,00;171,32;67,92;211,71;3,50;45,68;A;;
14/05/2026;;00000000002495;CEBOLA GRAUDA KG;48,475;251,54;5,19;93,84;0,00;0,00;157,70;62,69;168,05;3,49;49,17;A;;
14/05/2026;;00000000002496;ALHO KG;13,885;249,86;17,99;125,16;17,48;0,00;124,70;42,91;99,64;3,47;52,64;A;;
14/05/2026;;00000000019191;UVA PRETA S/ CAROCO BDJ 500G;39,000;233,61;5,99;202,80;0,00;0,00;30,81;13,19;15,19;3,24;55,88;A;;
14/05/2026;;00000000000471;CARTELA OVOS C/12;32,000;223,68;6,99;204,16;0,00;0,00;19,52;8,73;9,56;3,10;58,99;A;;
14/05/2026;;00000000012305;COENTRO UN.;80,000;199,20;2,49;136,00;0,00;0,00;63,20;31,73;46,47;2,76;61,75;A;;
14/05/2026;;00000000019308;UVA VERDE S/ CAROCO BDJ 500G;17,000;181,73;10,69;112,50;0,00;0,00;69,23;38,09;61,54;2,52;64,27;A;;
14/05/2026;;00000000010525;MANGA PALMER KG;22,935;137,35;5,99;118,30;0,00;0,00;19,05;13,87;16,10;1,91;66,18;A;;
14/05/2026;;00000000002137;MACA GALA SC 850GR;25,000;124,75;4,99;52,12;0,00;0,00;72,63;58,22;139,35;1,73;67,91;A;;
14/05/2026;;00000000011761;TANGERINA POKAN KG;31,120;124,17;3,99;130,13;0,00;0,00;-5,96;-4,80;-4,58;1,72;69,63;A;;
14/05/2026;;00000000012304;COUVE UN.;49,000;122,01;2,49;71,50;0,00;0,00;50,51;41,40;70,64;1,69;71,33;A;;
14/05/2026;;00000000012302;ALFACE CRESPA UN.;59,000;117,41;1,99;118,40;0,00;0,00;-0,99;-0,84;-0,84;1,63;72,96;A;;
14/05/2026;;00000000004803;JILO KG;14,625;116,87;7,99;77,37;0,00;0,00;39,50;33,80;51,06;1,62;74,58;A;;
14/05/2026;;00000000010627;MACA GALA KG;11,990;107,81;8,99;117,02;0,00;0,00;-9,21;-8,55;-7,87;1,50;76,07;A;;
14/05/2026;;00000000010518;BANANA DAGUA KG;23,150;92,38;3,99;61,81;0,00;0,00;30,57;33,09;49,46;1,28;77,36;A;;
14/05/2026;;00000000012309;BROCOLIS UN;13,000;90,87;6,99;84,50;0,00;0,00;6,37;7,01;7,54;1,26;78,62;A;;
14/05/2026;;00000000002498;LIMAO KG;26,520;84,62;3,19;51,20;0,00;0,00;33,42;39,49;65,27;1,17;79,79;A;;
14/05/2026;;00000000002502;PIMENTAO KG;10,295;76,47;7,43;48,88;0,00;0,00;27,59;36,08;56,46;1,06;80,85;B;;
14/05/2026;;00000000012307;CHEIRO VERDE UN.;30,000;74,70;2,49;45,00;0,00;0,00;29,70;39,76;66,00;1,04;81,89;B;;
14/05/2026;;00000000012320;SALSINHA UN;29,000;72,21;2,49;42,30;0,00;0,00;29,91;41,42;70,71;1,00;82,89;B;;
14/05/2026;;00000000005062;MAMAO PAPAIA UN.;16,000;71,84;4,49;36,64;0,00;0,00;35,20;49,00;96,07;1,00;83,89;B;;
14/05/2026;;00000000011757;PIMENTAO VERMELHO E AMARELO KG;4,960;69,40;13,99;21,13;0,00;0,00;48,27;69,55;228,45;0,96;84,85;B;;
14/05/2026;;00000000004796;CHUCHU KG;19,635;69,36;3,53;112,22;0,00;0,00;-42,86;-61,79;-38,19;0,96;85,81;B;;
14/05/2026;;00000000004797;LARANJA PERA KG;19,225;69,01;3,59;43,46;0,00;0,00;25,55;37,03;58,79;0,96;86,77;B;;
14/05/2026;;00000000004804;INHAME KG;13,135;65,55;4,99;65,87;0,00;0,00;-0,32;-0,49;-0,49;0,91;87,68;B;;
14/05/2026;;00000000007660;PERA WILLIAM KG;6,475;64,69;9,99;79,64;0,00;0,00;-14,95;-23,11;-18,77;0,90;88,58;B;;
14/05/2026;;00000000004793;ABOBORA SERGIPANA KG;12,323;61,50;4,99;43,13;0,00;0,00;18,37;29,87;42,59;0,85;89,43;B;;
14/05/2026;;00000000004802;ABACAXI GRANDE UN.;7,000;55,93;7,99;39,50;0,00;0,00;16,43;29,38;41,59;0,78;90,21;B;;
14/05/2026;;00000000010510;REPOLHO KG;9,660;50,13;5,19;18,55;0,00;0,00;31,58;63,00;170,28;0,70;90,91;B;;
14/05/2026;;00000000010526;COCO SECO KG;9,405;45,04;4,79;30,66;9,01;0,00;14,38;11,93;46,90;0,63;91,53;B;;
14/05/2026;;00000000010508;CEBOLA MIUDA KG;9,145;41,05;4,49;18,29;0,00;0,00;22,76;55,44;124,44;0,57;92,10;B;;
14/05/2026;;00000000010505;ABOBRINHA KG;12,485;39,82;3,19;37,45;0,00;0,00;2,36;5,94;6,31;0,55;92,65;B;;
14/05/2026;;00000000010512;PEPINO JAPONES KG;7,620;38,02;4,99;30,71;0,00;0,00;7,31;19,23;23,81;0,53;93,18;B;;
14/05/2026;;00000000004798;BETERRABA KG;6,240;36,76;5,89;27,52;0,00;0,00;9,24;25,14;33,58;0,51;93,69;B;;
14/05/2026;;00000000012204;SANDUICHE DE PATE DA CASA;5,000;34,95;6,99;0,00;0,00;0,00;34,95;100,00;0,00;0,49;94,18;B;;
14/05/2026;;00000000010531;MACA FUJI KG;2,400;33,58;13,99;25,92;0,00;0,00;7,66;22,82;29,57;0,47;94,64;B;;
14/05/2026;;00000000010506;BERINJELA KG;4,870;33,07;6,79;18,41;0,00;0,00;14,66;44,33;79,64;0,46;95,10;C;;
14/05/2026;;00000000002474;TOMATE GRAPE 180G UN.;5,000;32,45;6,49;25,00;0,00;0,00;7,45;22,96;29,80;0,45;95,55;C;;
14/05/2026;;00000000010509;CEBOLA ROXA KG;4,775;31,56;6,61;19,96;0,00;0,00;11,60;36,76;58,13;0,44;95,99;C;;
14/05/2026;;00000000011623;TORTINHA DE LIMAO DA CASA P;5,000;29,95;5,99;0,00;0,00;0,00;29,95;100,00;0,00;0,42;96,41;C;;
14/05/2026;;00000000010523;ABACATE KG;6,565;28,82;4,39;39,78;0,00;0,00;-10,96;-38,04;-27,56;0,40;96,81;C;;
14/05/2026;;00000000001557;BATATA DOCE KG;7,185;28,66;3,99;26,69;0,00;0,00;1,97;6,89;7,40;0,40;97,20;C;;
14/05/2026;;00000000010532;KIWI KG;1,145;28,62;25,00;19,26;0,00;0,00;9,36;32,71;48,61;0,40;97,60;C;;
14/05/2026;;00000000007432;OVOS CAIPIRA C/12;2,000;25,98;12,99;20,00;0,00;0,00;5,98;23,02;29,90;0,36;97,96;C;;
14/05/2026;;00000000012303;AGRIAO UN.;9,000;22,41;2,49;10,50;0,00;0,00;11,91;53,15;113,43;0,31;98,27;C;;
14/05/2026;;00000000012306;HORTELA UN;9,000;22,41;2,49;7,90;0,00;0,00;14,51;64,75;183,67;0,31;98,58;C;;
14/05/2026;;00000000011609;MOUSSE DE MARACUJA DA CASA P;5,000;19,95;3,99;0,00;0,00;0,00;19,95;100,00;0,00;0,28;98,86;C;;
14/05/2026;;00000000004405;MOSTARDA UN;8,000;19,92;2,49;12,00;0,00;0,00;7,92;39,76;66,00;0,28;99,14;C;;
14/05/2026;;00000000010521;MELAO COMUM KG;3,325;17,25;5,19;9,44;0,00;0,00;7,81;45,26;82,67;0,24;99,38;C;;
14/05/2026;;00000000010513;PEPINO KG;3,160;15,45;4,89;17,03;0,00;0,00;-1,58;-10,24;-9,29;0,21;99,59;C;;
14/05/2026;;00000000008283;OVOS CAIPIRA  CARTELA COM 30;1,000;12,49;12,49;0,00;0,00;0,00;12,49;100,00;0,00;0,17;99,76;C;;
14/05/2026;;00000000012312;LOURO UN.;4,000;9,96;2,49;4,80;0,00;0,00;5,16;51,81;107,50;0,14;99,90;C;;
14/05/2026;;00000000007308;SALSA G;5,000;4,95;0,99;17,50;0,00;0,00;-12,55;-253,54;-71,71;0,07;99,97;C;;
14/05/2026;;00000000010514;GENGIBRE KG;0,145;2,15;14,83;0,89;0,00;0,06;1,26;55,49;140,24;0,03;100,00;C;;
15/05/2026;;00000000002494;BATATA LISA KG;107,950;776,29;7,19;286,04;0,00;0,00;490,25;63,15;171,39;9,87;9,87;A;;
15/05/2026;;00000000002519;OVOS CARTELA COM 30;34,000;621,86;18,29;406,40;0,00;0,00;215,46;34,65;53,02;7,90;17,77;A;;
15/05/2026;;00000000002497;TOMATE CARMEM KG;64,352;462,68;7,19;341,07;0,00;0,00;121,61;26,28;35,66;5,88;23,65;A;;
15/05/2026;;00000000004799;CENOURA KG;47,790;347,76;7,28;150,91;0,00;0,00;196,85;56,60;130,44;4,42;28,07;A;;
15/05/2026;;00000000008064;OVOS CARTELA COM 20;29,000;347,71;11,99;10,00;0,00;0,00;337,71;97,12;3377,10;4,42;32,49;A;;
15/05/2026;;00000000002496;ALHO KG;18,895;340,02;18,00;169,77;23,80;0,00;170,25;43,07;100,28;4,32;36,81;A;;
15/05/2026;;00000000010772;TOMATE ITALIANO KG;44,245;321,94;7,28;213,14;0,00;0,00;108,80;33,80;51,05;4,09;40,90;A;;
15/05/2026;;00000000004801;BANANA PRATA KG;62,705;312,85;4,99;258,00;0,00;0,00;54,85;17,53;21,26;3,98;44,87;A;;
15/05/2026;;00000000010525;MANGA PALMER KG;52,040;311,65;5,99;270,05;0,00;0,00;41,60;13,35;15,40;3,96;48,83;A;;
15/05/2026;;00000000002495;CEBOLA GRAUDA KG;58,820;305,32;5,19;114,81;0,00;0,00;190,51;62,40;165,93;3,88;52,72;A;;
15/05/2026;;00000000019191;UVA PRETA S/ CAROCO BDJ 500G;42,000;251,58;5,99;218,40;0,00;0,00;33,18;13,19;15,19;3,20;55,91;A;;
15/05/2026;;00000000010522;MARACUJA KG;35,775;249,65;6,98;240,28;0,00;0,00;9,37;3,76;3,90;3,17;59,08;A;;
15/05/2026;;00000000019308;UVA VERDE S/ CAROCO BDJ 500G;18,000;192,42;10,69;119,00;0,00;0,00;73,42;38,16;61,70;2,45;61,53;A;;
15/05/2026;;00000000012305;COENTRO UN.;73,000;181,77;2,49;124,10;0,00;0,00;57,67;31,73;46,47;2,31;63,84;A;;
15/05/2026;;00000000010507;QUIABO KG;19,555;156,24;7,99;118,42;0,00;0,00;37,82;24,21;31,94;1,99;65,83;A;;
15/05/2026;;00000000012302;ALFACE CRESPA UN.;77,000;153,23;1,99;153,52;0,00;0,00;-0,29;-0,19;-0,19;1,95;67,77;A;;
15/05/2026;;00000000002137;MACA GALA SC 850GR;28,000;139,72;4,99;60,38;0,00;0,00;79,34;56,78;131,40;1,78;69,55;A;;
15/05/2026;;00000000000471;CARTELA OVOS C/12;18,000;125,82;6,99;129,14;0,00;0,00;-3,32;-2,64;-2,57;1,60;71,15;A;;
15/05/2026;;00000000011761;TANGERINA POKAN KG;30,405;121,31;3,99;127,67;0,00;0,00;-6,36;-5,25;-4,98;1,54;72,69;A;;
15/05/2026;;00000000002502;PIMENTAO KG;14,130;103,03;7,29;65,26;0,00;0,00;37,77;36,66;57,87;1,31;74,00;A;;
15/05/2026;;00000000012304;COUVE UN.;41,000;102,09;2,49;61,50;0,00;0,00;40,59;39,76;66,00;1,30;75,30;A;;
15/05/2026;;00000000012307;CHEIRO VERDE UN.;39,000;97,11;2,49;59,30;0,00;0,00;37,81;38,94;63,76;1,23;76,53;A;;
15/05/2026;;00000000010518;BANANA DAGUA KG;22,575;90,09;3,99;60,28;0,00;0,00;29,81;33,09;49,46;1,14;77,67;A;;
15/05/2026;;00000000004802;ABACAXI GRANDE UN.;11,000;87,89;7,99;60,50;0,00;0,00;27,39;31,16;45,27;1,12;78,79;A;;
15/05/2026;;00000000004804;INHAME KG;17,470;87,17;4,99;86,41;0,00;0,00;0,76;0,87;0,88;1,11;79,90;A;;
15/05/2026;;00000000004803;JILO KG;10,745;85,88;7,99;56,84;0,00;0,00;29,04;33,81;51,09;1,09;80,99;B;;
15/05/2026;;00000000010627;MACA GALA KG;9,535;85,73;8,99;92,15;0,00;0,00;-6,42;-7,49;-6,97;1,09;82,08;B;;
15/05/2026;;00000000002498;LIMAO KG;25,190;80,39;3,19;48,52;0,00;0,00;31,87;39,65;65,69;1,02;83,10;B;;
15/05/2026;;00000000005372;LARANJA CX FECHADA;1,000;74,99;74,99;0,00;0,00;0,00;74,99;100,00;0,00;0,95;84,06;B;;
15/05/2026;;00000000012320;SALSINHA UN;30,000;74,70;2,49;46,20;0,00;0,00;28,50;38,15;61,69;0,95;85,00;B;;
15/05/2026;;00000000004798;BETERRABA KG;11,145;65,65;5,89;49,56;0,00;0,00;16,09;24,51;32,47;0,83;85,84;B;;
15/05/2026;;00000000007660;PERA WILLIAM KG;6,160;61,53;9,99;72,83;0,00;0,00;-11,30;-18,37;-15,52;0,78;86,62;B;;
15/05/2026;;00000000010526;COCO SECO KG;12,490;59,83;4,79;40,72;11,97;0,00;19,11;11,94;46,94;0,76;87,38;B;;
15/05/2026;;00000000010523;ABACATE KG;12,495;54,85;4,39;72,28;0,00;0,00;-17,43;-31,77;-24,11;0,70;88,08;B;;
15/05/2026;;00000000010532;KIWI KG;2,150;53,73;24,99;36,16;0,00;0,00;17,57;32,69;48,58;0,68;88,76;B;;
15/05/2026;;00000000004796;CHUCHU KG;14,915;53,54;3,59;89,74;0,00;0,00;-36,20;-67,62;-40,34;0,68;89,44;B;;
15/05/2026;;00000000007432;OVOS CAIPIRA C/12;4,000;51,96;12,99;40,00;0,00;0,00;11,96;23,02;29,90;0,66;90,10;B;;
15/05/2026;;00000000005062;MAMAO PAPAIA UN.;11,000;49,39;4,49;25,19;0,00;0,00;24,20;49,00;96,07;0,63;90,73;B;;
15/05/2026;;00000000011757;PIMENTAO VERMELHO E AMARELO KG;3,510;49,13;14,00;14,95;0,00;0,00;34,18;69,57;228,57;0,62;91,35;B;;
15/05/2026;;00000000004797;LARANJA PERA KG;12,145;43,60;3,59;27,99;0,00;0,00;15,61;35,81;55,79;0,55;91,91;B;;
15/05/2026;;00000000012204;SANDUICHE DE PATE DA CASA;6,000;41,94;6,99;0,00;0,00;0,00;41,94;100,00;0,00;0,53;92,44;B;;
15/05/2026;;00000000011623;TORTINHA DE LIMAO DA CASA P;7,000;41,93;5,99;0,00;0,00;0,00;41,93;100,00;0,00;0,53;92,97;B;;
15/05/2026;;00000000001557;BATATA DOCE KG;9,835;39,26;3,99;36,51;0,00;0,00;2,75;7,00;7,52;0,50;93,47;B;;
15/05/2026;;00000000011609;MOUSSE DE MARACUJA DA CASA P;9,000;35,91;3,99;0,00;0,00;0,00;35,91;100,00;0,00;0,46;93,93;B;;
15/05/2026;;00000000010529;MACA VERDE KG;2,090;35,50;16,99;24,00;0,00;0,00;11,50;32,39;47,90;0,45;94,38;B;;
15/05/2026;;00000000010505;ABOBRINHA KG;10,685;34,10;3,19;31,85;0,00;0,00;2,25;6,60;7,06;0,43;94,81;B;;
15/05/2026;;00000000010512;PEPINO JAPONES KG;6,675;33,31;4,99;26,90;0,00;0,00;6,41;19,24;23,83;0,42;95,24;C;;
15/05/2026;;00000000012303;AGRIAO UN.;12,000;29,88;2,49;14,40;0,00;0,00;15,48;51,81;107,50;0,38;95,62;C;;
15/05/2026;;00000000010530;MACA  ARGENTINA KG;1,495;28,39;18,99;17,21;0,00;0,00;11,18;39,39;64,98;0,36;95,98;C;;
15/05/2026;;00000000012309;BROCOLIS UN;4,000;27,96;6,99;26,00;0,00;0,00;1,96;7,01;7,54;0,36;96,33;C;;
15/05/2026;;00000000010508;CEBOLA MIUDA KG;5,795;26,02;4,49;11,59;0,00;0,00;14,43;55,46;124,50;0,33;96,66;C;;
15/05/2026;;00000000002474;TOMATE GRAPE 180G UN.;4,000;25,96;6,49;20,00;0,00;0,00;5,96;22,96;29,80;0,33;96,99;C;;
15/05/2026;;00000000010521;MELAO COMUM KG;5,000;25,95;5,19;14,20;0,00;0,00;11,75;45,28;82,75;0,33;97,32;C;;
15/05/2026;;00000000010509;CEBOLA ROXA KG;3,840;25,70;6,69;15,51;0,00;0,00;10,19;39,64;65,66;0,33;97,65;C;;
15/05/2026;;00000000012312;LOURO UN.;10,000;24,90;2,49;12,00;0,00;0,00;12,90;51,81;107,50;0,32;97,97;C;;
15/05/2026;;00000000010510;REPOLHO KG;4,635;24,07;5,19;8,90;0,00;0,00;15,17;63,03;170,47;0,31;98,27;C;;
15/05/2026;;00000000009239;BANANA PROMOCAO BDJ;8,000;23,92;2,99;0,00;2,87;2,21;23,92;78,75;0,00;0,30;98,58;C;;
15/05/2026;;00000000004793;ABOBORA SERGIPANA KG;4,659;23,25;4,99;16,31;0,00;0,00;6,94;29,86;42,58;0,30;98,87;C;;
15/05/2026;;00000000012306;HORTELA UN;9,000;22,41;2,49;8,10;0,00;0,00;14,31;63,86;176,67;0,28;99,16;C;;
15/05/2026;;00000000010513;PEPINO KG;3,915;19,14;4,89;21,10;0,00;0,00;-1,96;-10,25;-9,30;0,24;99,40;C;;
15/05/2026;;00000000010506;BERINJELA KG;2,595;17,61;6,79;9,81;0,00;0,00;7,80;44,30;79,53;0,22;99,62;C;;
15/05/2026;;00000000011612;MOUSSE DE LIMAO DA CASA P;2,000;7,98;3,99;0,00;0,00;0,00;7,98;100,00;0,00;0,10;99,72;C;;
15/05/2026;;00000000012319;CEBOLINHA UN;2,000;4,98;2,49;1,40;0,00;0,00;3,58;71,89;255,71;0,06;99,79;C;;
15/05/2026;;00000000005727;MACA GALA PROMOCAO SC 850GR;1,000;4,79;4,79;0,00;0,00;0,00;4,79;100,00;0,00;0,06;99,85;C;;
15/05/2026;;00000000007308;SALSA G;3,000;2,97;0,99;10,50;0,00;0,00;-7,53;-253,54;-71,71;0,04;99,89;C;;
15/05/2026;;00000000010531;MACA FUJI KG;0,195;2,73;14,00;2,61;0,00;0,00;0,12;4,50;4,71;0,03;99,92;C;;
15/05/2026;;00000000004405;MOSTARDA UN;1,000;2,49;2,49;1,50;0,00;0,00;0,99;39,76;66,00;0,03;99,95;C;;
15/05/2026;;00000000000002;PIMENTAO BANDEJA UNIDADE;1,000;1,99;1,99;16,32;0,00;0,00;-14,33;-720,10;-87,81;0,03;99,98;C;;
15/05/2026;;00000000000258;CENOURA PROMOCAO KG;0,869;1,73;1,99;5,65;0,00;0,00;-3,92;-226,50;-69,37;0,02;100,00;C;;
16/05/2026;;00000000002494;BATATA LISA KG;143,640;1103,68;7,68;340,22;0,00;0,00;763,46;69,17;224,40;12,56;12,56;A;;
16/05/2026;;00000000002519;OVOS CARTELA COM 30;40,000;731,60;18,29;472,32;0,00;0,00;259,28;35,44;54,89;8,33;20,89;A;;
16/05/2026;;00000000004801;BANANA PRATA KG;100,690;502,50;4,99;411,22;0,00;0,00;91,28;18,17;22,20;5,72;26,61;A;;
16/05/2026;;00000000002497;TOMATE CARMEM KG;63,510;456,66;7,19;345,82;0,00;0,00;110,84;24,27;32,05;5,20;31,81;A;;
16/05/2026;;00000000002495;CEBOLA GRAUDA KG;78,990;409,95;5,19;152,05;0,00;0,00;257,90;62,91;169,62;4,67;36,47;A;;
16/05/2026;;00000000004799;CENOURA KG;56,540;399,54;7,07;172,46;0,00;0,00;227,08;56,84;131,67;4,55;41,02;A;;
16/05/2026;;00000000008064;OVOS CARTELA COM 20;31,000;371,69;11,99;40,00;0,00;0,00;331,69;89,24;829,23;4,23;45,25;A;;
16/05/2026;;00000000002496;ALHO KG;17,105;307,85;18,00;155,16;21,54;0,00;152,69;42,60;98,41;3,50;48,76;A;;
16/05/2026;;00000000011761;TANGERINA POKAN KG;76,505;305,26;3,99;318,61;0,00;0,00;-13,35;-4,37;-4,19;3,47;52,23;A;;
16/05/2026;;00000000010772;TOMATE ITALIANO KG;36,920;269,16;7,29;176,69;0,00;0,00;92,47;34,36;52,34;3,06;55,30;A;;
16/05/2026;;00000000019191;UVA PRETA S/ CAROCO BDJ 500G;44,000;263,56;5,99;228,80;0,00;0,00;34,76;13,19;15,19;3,00;58,30;A;;
16/05/2026;;00000000010525;MANGA PALMER KG;42,750;256,02;5,99;224,68;0,00;0,00;31,34;12,24;13,95;2,91;61,21;A;;
16/05/2026;;00000000010522;MARACUJA KG;34,030;237,88;6,99;226,26;0,00;0,00;11,62;4,89;5,14;2,71;63,92;A;;
16/05/2026;;00000000019308;UVA VERDE S/ CAROCO BDJ 500G;21,000;224,49;10,69;142,50;0,00;0,00;81,99;36,52;57,54;2,56;66,47;A;;
16/05/2026;;00000000002137;MACA GALA SC 850GR;38,000;189,62;4,99;81,80;0,00;0,00;107,82;56,86;131,81;2,16;68,63;A;;
16/05/2026;;00000000012305;COENTRO UN.;71,000;176,79;2,49;120,70;0,00;0,00;56,09;31,73;46,47;2,01;70,64;A;;
16/05/2026;;00000000002502;PIMENTAO KG;23,750;173,14;7,29;109,54;0,00;0,00;63,60;36,73;58,06;1,97;72,61;A;;
16/05/2026;;00000000010507;QUIABO KG;21,277;169,98;7,99;132,05;0,00;0,00;37,93;22,32;28,73;1,93;74,55;A;;
16/05/2026;;00000000012302;ALFACE CRESPA UN.;81,000;161,19;1,99;164,33;0,00;0,00;-3,14;-1,95;-1,91;1,83;76,38;A;;
16/05/2026;;00000000012309;BROCOLIS UN;28,000;143,72;5,13;161,00;0,00;0,00;-17,28;-12,02;-10,73;1,64;78,02;A;;
16/05/2026;;00000000000471;CARTELA OVOS C/12;18,000;125,82;6,99;118,74;0,00;0,00;7,08;5,63;5,96;1,43;79,45;A;;
16/05/2026;;00000000002498;LIMAO KG;37,475;119,49;3,19;72,70;0,00;0,00;46,79;39,16;64,36;1,36;80,81;B;;
16/05/2026;;00000000010518;BANANA DAGUA KG;28,720;114,60;3,99;76,68;0,00;0,00;37,92;33,09;49,45;1,30;82,12;B;;
16/05/2026;;00000000004803;JILO KG;12,975;103,69;7,99;68,64;0,00;0,00;35,05;33,80;51,07;1,18;83,30;B;;
16/05/2026;;00000000012307;CHEIRO VERDE UN.;40,000;99,60;2,49;61,00;0,00;0,00;38,60;38,76;63,28;1,13;84,43;B;;
16/05/2026;;00000000012320;SALSINHA UN;33,000;82,17;2,49;49,70;0,00;0,00;32,47;39,52;65,33;0,94;85,37;B;;
16/05/2026;;00000000004797;LARANJA PERA KG;21,480;77,13;3,59;49,00;0,00;0,00;28,13;36,47;57,41;0,88;86,24;B;;
16/05/2026;;00000000012304;COUVE UN.;29,000;72,21;2,49;43,50;0,00;0,00;28,71;39,76;66,00;0,82;87,07;B;;
16/05/2026;;00000000004798;BETERRABA KG;11,995;70,63;5,89;53,04;0,00;0,00;17,59;24,91;33,17;0,80;87,87;B;;
16/05/2026;;00000000010627;MACA GALA KG;7,705;69,26;8,99;75,20;0,00;0,00;-5,94;-8,58;-7,90;0,79;88,66;B;;
16/05/2026;;00000000010531;MACA FUJI KG;4,935;69,04;13,99;58,95;0,00;0,00;10,09;14,61;17,11;0,79;89,44;B;;
16/05/2026;;00000000007660;PERA WILLIAM KG;6,750;67,42;9,99;80,26;0,00;0,00;-12,84;-19,04;-16,00;0,77;90,21;B;;
16/05/2026;;00000000011757;PIMENTAO VERMELHO E AMARELO KG;4,720;66,05;13,99;22,30;0,00;0,00;43,75;66,23;196,15;0,75;90,96;B;;
16/05/2026;;00000000004804;INHAME KG;12,380;61,79;4,99;63,76;0,00;0,00;-1,97;-3,18;-3,09;0,70;91,67;B;;
16/05/2026;;00000000010505;ABOBRINHA KG;18,075;57,68;3,19;54,04;0,00;0,00;3,64;6,31;6,74;0,66;92,32;B;;
16/05/2026;;00000000004802;ABACAXI GRANDE UN.;7,000;55,93;7,99;38,50;0,00;0,00;17,43;31,16;45,27;0,64;92,96;B;;
16/05/2026;;00000000010513;PEPINO KG;10,625;51,95;4,89;56,40;0,00;0,00;-4,45;-8,56;-7,89;0,59;93,55;B;;
16/05/2026;;00000000010510;REPOLHO KG;8,995;46,71;5,19;17,27;0,00;0,00;29,44;63,03;170,46;0,53;94,08;B;;
16/05/2026;;00000000004796;CHUCHU KG;12,290;44,12;3,59;76,43;0,00;0,00;-32,31;-73,24;-42,27;0,50;94,59;B;;
16/05/2026;;00000000001557;BATATA DOCE KG;10,700;42,71;3,99;40,12;0,00;0,00;2,58;6,05;6,44;0,49;95,07;C;;
16/05/2026;;00000000010509;CEBOLA ROXA KG;6,030;40,34;6,69;25,17;0,00;0,00;15,17;37,60;60,26;0,46;95,53;C;;
16/05/2026;;00000000010512;PEPINO JAPONES KG;8,080;40,31;4,99;33,27;0,00;0,00;7,04;17,46;21,15;0,46;95,99;C;;
16/05/2026;;00000000002474;TOMATE GRAPE 180G UN.;6,000;38,94;6,49;30,00;0,00;0,00;8,94;22,96;29,80;0,44;96,43;C;;
16/05/2026;;00000000010508;CEBOLA MIUDA KG;7,990;35,90;4,49;18,26;0,00;0,00;17,64;49,13;96,59;0,41;96,84;C;;
16/05/2026;;00000000012303;AGRIAO UN.;13,000;32,37;2,49;15,60;0,00;0,00;16,77;51,81;107,50;0,37;97,21;C;;
16/05/2026;;00000000012312;LOURO UN.;13,000;32,37;2,49;15,60;0,00;0,00;16,77;51,81;107,50;0,37;97,58;C;;
16/05/2026;;00000000010532;KIWI KG;1,165;29,12;25,00;19,60;0,00;0,00;9,52;32,71;48,61;0,33;97,91;C;;
16/05/2026;;00000000010529;MACA VERDE KG;1,690;28,70;16,98;19,72;0,00;0,00;8,98;31,28;45,52;0,33;98,24;C;;
16/05/2026;;00000000010526;COCO SECO KG;5,050;24,19;4,79;16,43;4,89;0,00;7,76;11,89;47,27;0,28;98,51;C;;
16/05/2026;;00000000010506;BERINJELA KG;2,735;18,56;6,79;10,34;0,00;0,00;8,22;44,30;79,53;0,21;98,72;C;;
16/05/2026;;00000000010521;MELAO COMUM KG;3,504;18,19;5,19;9,95;0,00;0,00;8,24;45,29;82,79;0,21;98,93;C;;
16/05/2026;;00000000007432;OVOS CAIPIRA C/12;1,000;12,99;12,99;10,00;0,00;0,00;2,99;23,02;29,90;0,15;99,08;C;;
16/05/2026;;00000000004793;ABOBORA SERGIPANA KG;2,325;11,60;4,99;8,14;0,00;0,00;3,46;29,85;42,55;0,13;99,21;C;;
16/05/2026;;00000000010530;MACA  ARGENTINA KG;0,590;11,20;18,98;6,87;0,00;0,00;4,33;38,68;63,08;0,13;99,34;C;;
16/05/2026;;00000000010523;ABACATE KG;1,890;8,29;4,39;11,45;0,00;0,00;-3,16;-38,16;-27,62;0,09;99,43;C;;
16/05/2026;;00000000011609;MOUSSE DE MARACUJA DA CASA P;2,000;7,98;3,99;0,00;0,00;0,00;7,98;100,00;0,00;0,09;99,52;C;;
16/05/2026;;00000000012204;SANDUICHE DE PATE DA CASA;1,000;6,99;6,99;0,00;0,00;0,00;6,99;100,00;0,00;0,08;99,60;C;;
16/05/2026;;00000000010511;REPOLHO ROXO KG;0,750;6,74;8,99;2,11;0,00;0,00;4,63;68,73;219,81;0,08;99,68;C;;
16/05/2026;;00000000012306;HORTELA UN;2,000;4,98;2,49;1,80;0,00;0,00;3,18;63,86;176,67;0,06;99,74;C;;
16/05/2026;;00000000005062;MAMAO PAPAIA UN.;1,000;4,49;4,49;3,54;0,00;0,00;0,95;21,16;26,84;0,05;99,79;C;;
16/05/2026;;00000000009982;MELAO UNID;1,000;4,49;4,49;0,00;0,00;0,00;4,49;100,00;0,00;0,05;99,84;C;;
16/05/2026;;00000000011612;MOUSSE DE LIMAO DA CASA P;1,000;3,99;3,99;0,00;0,00;0,00;3,99;100,00;0,00;0,05;99,88;C;;
16/05/2026;;00000000009239;BANANA PROMOCAO BDJ;1,000;2,99;2,99;0,00;0,36;0,28;2,99;78,75;0,00;0,03;99,92;C;;
16/05/2026;;00000000007308;SALSA G;3,000;2,97;0,99;10,50;0,00;0,00;-7,53;-253,54;-71,71;0,03;99,95;C;;
16/05/2026;;00000000004080;UVA PRETA S/ CAROCO KG;0,355;2,30;6,48;2,48;0,00;0,00;-0,18;-8,04;-7,44;0,03;99,98;C;;
16/05/2026;;00000000010514;GENGIBRE KG;0,135;2,00;14,81;0,83;0,00;0,07;1,17;54,95;140,24;0,02;100,00;C;;
17/05/2026;;00000000002494;BATATA LISA KG;121,500;934,35;7,69;291,87;0,00;0,00;642,48;68,76;220,13;15,03;15,03;A;;
17/05/2026;;00000000002519;OVOS CARTELA COM 30;23,000;420,67;18,29;270,66;0,00;0,00;150,01;35,66;55,42;6,77;21,79;A;;
17/05/2026;;00000000004801;BANANA PRATA KG;74,150;370,04;4,99;305,70;0,00;0,00;64,34;17,39;21,04;5,95;27,74;A;;
17/05/2026;;00000000010772;TOMATE ITALIANO KG;39,875;290,69;7,29;199,78;0,00;0,00;90,91;31,28;45,51;4,68;32,42;A;;
17/05/2026;;00000000008064;OVOS CARTELA COM 20;24,000;287,76;11,99;30,00;0,00;0,00;257,76;89,57;859,20;4,63;37,05;A;;
17/05/2026;;00000000002497;TOMATE CARMEM KG;37,510;269,69;7,19;202,72;0,00;0,00;66,97;24,83;33,04;4,34;41,38;A;;
17/05/2026;;00000000004799;CENOURA KG;34,690;242,52;6,99;97,13;0,00;0,00;145,39;59,95;149,68;3,90;45,28;A;;
17/05/2026;;00000000002495;CEBOLA GRAUDA KG;45,745;237,47;5,19;102,62;0,00;0,00;134,85;56,78;131,40;3,82;49,10;A;;
17/05/2026;;00000000012305;COENTRO UN.;75,000;186,75;2,49;127,50;0,00;0,00;59,25;31,73;46,47;3,00;52,11;A;;
17/05/2026;;00000000010522;MARACUJA KG;23,310;162,94;6,99;157,43;0,00;0,00;5,51;3,38;3,50;2,62;54,73;A;;
17/05/2026;;00000000010627;MACA GALA KG;18,110;162,84;8,99;176,75;0,00;0,00;-13,91;-8,54;-7,87;2,62;57,35;A;;
17/05/2026;;00000000010507;QUIABO KG;20,204;161,41;7,99;121,84;0,00;0,00;39,57;24,52;32,48;2,60;59,94;A;;
17/05/2026;;00000000000471;CARTELA OVOS C/12;20,000;139,80;6,99;137,48;0,00;0,00;2,32;1,66;1,69;2,25;62,19;A;;
17/05/2026;;00000000012302;ALFACE CRESPA UN.;70,000;139,30;1,99;139,79;0,00;0,00;-0,49;-0,35;-0,35;2,24;64,43;A;;
17/05/2026;;00000000002502;PIMENTAO KG;17,880;130,35;7,29;82,26;0,00;0,00;48,09;36,89;58,46;2,10;66,53;A;;
17/05/2026;;00000000010525;MANGA PALMER KG;20,405;122,19;5,99;105,41;0,00;0,00;16,78;13,73;15,92;1,97;68,49;A;;
17/05/2026;;00000000002496;ALHO KG;6,740;121,31;18,00;62,89;8,48;0,00;58,42;41,16;92,89;1,95;70,44;A;;
17/05/2026;;00000000012307;CHEIRO VERDE UN.;46,000;114,54;2,49;70,00;0,00;0,00;44,54;38,89;63,63;1,84;72,29;A;;
17/05/2026;;00000000002137;MACA GALA SC 850GR;20,000;99,80;4,99;38,80;0,00;0,00;61,00;61,12;157,22;1,61;73,89;A;;
17/05/2026;;00000000012304;COUVE UN.;40,000;99,60;2,49;60,00;0,00;0,00;39,60;39,76;66,00;1,60;75,49;A;;
17/05/2026;;00000000019308;UVA VERDE S/ CAROCO BDJ 500G;8,000;85,52;10,69;54,00;0,00;0,00;31,52;36,86;58,37;1,38;76,87;A;;
17/05/2026;;00000000004803;JILO KG;10,600;84,69;7,99;56,07;0,00;0,00;28,62;33,79;51,03;1,36;78,23;A;;
17/05/2026;;00000000012320;SALSINHA UN;32,000;79,68;2,49;50,00;0,00;0,00;29,68;37,25;59,36;1,28;79,51;A;;
17/05/2026;;00000000011761;TANGERINA POKAN KG;18,625;74,30;3,99;79,16;0,00;0,00;-4,86;-6,54;-6,14;1,19;80,71;B;;
17/05/2026;;00000000019191;UVA PRETA S/ CAROCO BDJ 500G;12,000;71,88;5,99;62,40;0,00;0,00;9,48;13,19;15,19;1,16;81,86;B;;
17/05/2026;;00000000010532;KIWI KG;2,605;65,10;24,99;43,82;0,00;0,00;21,28;32,69;48,58;1,05;82,91;B;;
17/05/2026;;00000000007432;OVOS CAIPIRA C/12;5,000;64,95;12,99;50,00;0,00;0,00;14,95;23,02;29,90;1,04;83,95;B;;
17/05/2026;;00000000004797;LARANJA PERA KG;18,085;64,91;3,59;40,87;0,00;0,00;24,04;37,03;58,81;1,04;85,00;B;;
17/05/2026;;00000000012309;BROCOLIS UN;10,000;58,90;5,89;62,00;0,00;0,00;-3,10;-5,26;-5,00;0,95;85,95;B;;
17/05/2026;;00000000004798;BETERRABA KG;9,180;54,07;5,89;40,48;0,00;0,00;13,59;25,13;33,56;0,87;86,82;B;;
17/05/2026;;00000000002498;LIMAO KG;15,425;49,24;3,19;30,17;0,00;0,00;19,07;38,73;63,22;0,79;87,61;B;;
17/05/2026;;00000000004804;INHAME KG;9,680;48,31;4,99;49,85;0,00;0,00;-1,54;-3,19;-3,09;0,78;88,38;B;;
17/05/2026;;00000000010505;ABOBRINHA KG;13,950;44,51;3,19;41,85;0,00;0,00;2,66;5,98;6,36;0,72;89,10;B;;
17/05/2026;;00000000004793;ABOBORA SERGIPANA KG;8,738;43,61;4,99;30,58;0,00;0,00;13,03;29,87;42,60;0,70;89,80;B;;
17/05/2026;;00000000007660;PERA WILLIAM KG;4,335;43,31;9,99;53,32;0,00;0,00;-10,01;-23,11;-18,77;0,70;90,50;B;;
17/05/2026;;00000000012303;AGRIAO UN.;14,000;34,86;2,49;16,80;0,00;0,00;18,06;51,81;107,50;0,56;91,06;B;;
17/05/2026;;00000000000258;CENOURA PROMOCAO KG;16,960;33,75;1,99;110,24;0,00;0,00;-76,49;-226,64;-69,38;0,54;91,60;B;;
17/05/2026;;00000000010526;COCO SECO KG;6,935;33,20;4,79;22,56;6,70;0,00;10,64;11,85;47,16;0,53;92,14;B;;
17/05/2026;;00000000004405;MOSTARDA UN;13,000;32,37;2,49;19,10;0,00;0,00;13,27;40,99;69,48;0,52;92,66;B;;
17/05/2026;;00000000004802;ABACAXI GRANDE UN.;4,000;31,96;7,99;22,00;0,00;0,00;9,96;31,16;45,27;0,51;93,17;B;;
17/05/2026;;00000000002456;BANANA DA TERRA KG;5,755;29,86;5,19;33,09;0,00;0,00;-3,23;-10,82;-9,76;0,48;93,65;B;;
17/05/2026;;00000000010530;MACA  ARGENTINA KG;1,555;29,53;18,99;17,83;0,00;0,00;11,69;39,60;65,57;0,47;94,13;B;;
17/05/2026;;00000000010512;PEPINO JAPONES KG;5,850;29,20;4,99;23,78;0,00;0,00;5,42;18,55;22,78;0,47;94,59;B;;
17/05/2026;;00000000010510;REPOLHO KG;5,575;28,94;5,19;14,38;0,00;0,00;14,56;50,32;101,28;0,47;95,06;C;;
17/05/2026;;00000000010531;MACA FUJI KG;2,050;28,68;13,99;27,41;0,00;0,00;1,27;4,43;4,64;0,46;95,52;C;;
17/05/2026;;00000000010506;BERINJELA KG;4,075;27,67;6,79;15,40;0,00;0,00;12,27;44,33;79,63;0,45;95,97;C;;
17/05/2026;;00000000011757;PIMENTAO VERMELHO E AMARELO KG;1,885;26,39;14,00;8,03;0,00;0,00;18,36;69,57;228,64;0,42;96,39;C;;
17/05/2026;;00000000010508;CEBOLA MIUDA KG;5,840;26,23;4,49;13,05;0,00;0,00;13,18;50,25;101,00;0,42;96,81;C;;
17/05/2026;;00000000001557;BATATA DOCE KG;6,390;25,50;3,99;23,96;0,00;0,00;1,54;6,03;6,42;0,41;97,22;C;;
17/05/2026;;00000000010521;MELAO COMUM KG;4,480;23,25;5,19;12,72;0,00;0,00;10,53;45,28;82,74;0,37;97,60;C;;
17/05/2026;;00000000010509;CEBOLA ROXA KG;3,415;22,86;6,69;14,02;0,00;0,00;8,84;38,67;63,04;0,37;97,96;C;;
17/05/2026;;00000000005062;MAMAO PAPAIA UN.;5,000;22,45;4,49;11,45;0,00;0,00;11,00;49,00;96,07;0,36;98,33;C;;
17/05/2026;;00000000004796;CHUCHU KG;4,965;17,84;3,59;27,18;0,00;0,00;-9,34;-52,37;-34,37;0,29;98,61;C;;
17/05/2026;;00000000010513;PEPINO KG;3,210;15,70;4,89;17,30;0,00;0,00;-1,60;-10,20;-9,26;0,25;98,86;C;;
17/05/2026;;00000000009239;BANANA PROMOCAO BDJ;5,000;14,95;2,99;0,00;1,85;1,11;14,95;80,20;0,00;0,24;99,11;C;;
17/05/2026;;00000000012306;HORTELA UN;6,000;14,94;2,49;5,40;0,00;0,00;9,54;63,86;176,67;0,24;99,35;C;;
17/05/2026;;00000000010529;MACA VERDE KG;0,660;11,21;16,98;7,70;0,00;0,00;3,51;31,29;45,54;0,18;99,53;C;;
17/05/2026;;00000000012312;LOURO UN.;4,000;9,96;2,49;4,80;0,00;0,00;5,16;51,81;107,50;0,16;99,69;C;;
17/05/2026;;00000000010514;GENGIBRE KG;0,465;6,88;14,80;2,84;0,00;0,64;4,04;49,45;142,16;0,11;99,80;C;;
17/05/2026;;00000000002474;TOMATE GRAPE 180G UN.;1,000;6,49;6,49;5,00;0,00;0,00;1,49;22,96;29,80;0,10;99,90;C;;
17/05/2026;;00000000004991;BATATA LISA PROMOCAO KG;2,072;5,16;2,49;0,00;0,00;0,00;5,16;100,00;0,00;0,08;99,98;C;;
17/05/2026;;00000000007308;SALSA G;1,000;0,99;0,99;3,50;0,00;0,00;-2,51;-253,54;-71,71;0,02;100,00;C;;
18/05/2026;;00000000002494;BATATA LISA KG;93,865;728,62;7,76;195,47;0,00;0,00;533,15;73,17;272,76;12,66;12,66;A;;
18/05/2026;;00000000002519;OVOS CARTELA COM 30;32,000;585,28;18,29;371,08;0,00;0,00;214,20;36,60;57,72;10,17;22,83;A;;
18/05/2026;;00000000004799;CENOURA KG;46,485;324,89;6,99;130,94;0,00;0,00;193,95;59,70;148,13;5,65;28,48;A;;
18/05/2026;;00000000010772;TOMATE ITALIANO KG;38,665;281,70;7,29;178,48;0,00;0,00;103,22;36,64;57,83;4,90;33,38;A;;
18/05/2026;;00000000010522;MARACUJA KG;33,280;232,43;6,98;225,64;0,00;0,00;6,79;2,92;3,01;4,04;37,42;A;;
18/05/2026;;00000000002496;ALHO KG;12,145;218,58;18,00;107,83;15,30;0,00;110,75;43,67;102,71;3,80;41,22;A;;
18/05/2026;;00000000002495;CEBOLA GRAUDA KG;41,625;215,94;5,19;82,12;0,00;0,00;133,82;61,97;162,94;3,75;44,97;A;;
18/05/2026;;00000000004801;BANANA PRATA KG;41,230;205,74;4,99;170,37;0,00;0,00;35,37;17,19;20,76;3,58;48,54;A;;
18/05/2026;;00000000002497;TOMATE CARMEM KG;27,933;200,80;7,19;146,64;0,00;0,00;54,16;26,97;36,93;3,49;52,03;A;;
18/05/2026;;00000000000471;CARTELA OVOS C/12;26,000;181,74;6,99;168,74;0,00;0,00;13,00;7,15;7,70;3,16;55,19;A;;
18/05/2026;;00000000012305;COENTRO UN.;67,000;166,83;2,49;113,90;0,00;0,00;52,93;31,73;46,47;2,90;58,09;A;;
18/05/2026;;00000000011761;TANGERINA POKAN KG;34,850;139,05;3,99;139,87;0,00;0,00;-0,82;-0,59;-0,59;2,42;60,51;A;;
18/05/2026;;00000000012302;ALFACE CRESPA UN.;68,000;135,32;1,99;138,12;0,00;0,00;-2,80;-2,07;-2,03;2,35;62,86;A;;
18/05/2026;;00000000008064;OVOS CARTELA COM 20;11,000;131,89;11,99;0,00;0,00;0,00;131,89;100,00;0,00;2,29;65,15;A;;
18/05/2026;;00000000019308;UVA VERDE S/ CAROCO BDJ 500G;12,000;128,28;10,69;80,00;0,00;0,00;48,28;37,64;60,35;2,23;67,38;A;;
18/05/2026;;00000000012307;CHEIRO VERDE UN.;50,000;124,50;2,49;75,60;0,00;0,00;48,90;39,28;64,68;2,16;69,55;A;;
18/05/2026;;00000000012304;COUVE UN.;41,000;102,09;2,49;61,50;0,00;0,00;40,59;39,76;66,00;1,77;71,32;A;;
18/05/2026;;00000000010627;MACA GALA KG;10,860;97,65;8,99;102,61;0,00;0,00;-4,96;-5,08;-4,83;1,70;73,02;A;;
18/05/2026;;00000000002137;MACA GALA SC 850GR;19,000;94,81;4,99;40,90;0,00;0,00;53,91;56,86;131,81;1,65;74,66;A;;
18/05/2026;;00000000002502;PIMENTAO KG;12,220;89,09;7,29;54,85;0,00;0,00;34,24;38,44;62,43;1,55;76,21;A;;
18/05/2026;;00000000019191;UVA PRETA S/ CAROCO BDJ 500G;14,000;83,86;5,99;72,80;0,00;0,00;11,06;13,19;15,19;1,46;77,67;A;;
18/05/2026;;00000000010525;MANGA PALMER KG;12,885;77,16;5,99;68,16;0,00;0,00;9,00;11,66;13,20;1,34;79,01;A;;
18/05/2026;;00000000002498;LIMAO KG;24,020;76,64;3,19;47,94;0,00;0,00;28,70;37,45;59,87;1,33;80,34;B;;
18/05/2026;;00000000012320;SALSINHA UN;29,000;72,21;2,49;43,70;0,00;0,00;28,51;39,48;65,24;1,25;81,60;B;;
18/05/2026;;00000000010507;QUIABO KG;8,856;70,75;7,99;57,26;0,00;0,00;13,49;19,07;23,56;1,23;82,83;B;;
18/05/2026;;00000000004793;ABOBORA SERGIPANA KG;13,254;66,14;4,99;46,13;0,00;0,00;20,01;30,25;43,38;1,15;83,98;B;;
18/05/2026;;00000000004802;ABACAXI GRANDE UN.;8,000;63,92;7,99;45,00;0,00;0,00;18,92;29,60;42,04;1,11;85,09;B;;
18/05/2026;;00000000004804;INHAME KG;8,625;43,01;4,99;43,41;0,00;0,00;-0,40;-0,94;-0,93;0,75;85,84;B;;
18/05/2026;;00000000010510;REPOLHO KG;7,945;41,22;5,19;16,05;0,00;0,00;25,17;61,06;156,78;0,72;86,55;B;;
18/05/2026;;00000000004798;BETERRABA KG;6,940;40,84;5,88;30,61;0,00;0,00;10,23;25,06;33,44;0,71;87,26;B;;
18/05/2026;;00000000004803;JILO KG;5,055;40,39;7,99;26,74;0,00;0,00;13,65;33,79;51,04;0,70;87,96;B;;
18/05/2026;;00000000007432;OVOS CAIPIRA C/12;3,000;38,97;12,99;30,00;0,00;0,00;8,97;23,02;29,90;0,68;88,64;B;;
18/05/2026;;00000000010513;PEPINO KG;7,885;38,53;4,89;42,50;0,00;0,00;-3,97;-10,30;-9,34;0,67;89,31;B;;
18/05/2026;;00000000004405;MOSTARDA UN;15,000;37,35;2,49;22,50;0,00;0,00;14,85;39,76;66,00;0,65;89,96;B;;
18/05/2026;;00000000010509;CEBOLA ROXA KG;5,307;35,41;6,67;21,62;0,00;0,00;13,79;38,95;63,81;0,62;90,58;B;;
18/05/2026;;00000000007660;PERA WILLIAM KG;3,275;32,72;9,99;40,28;0,00;0,00;-7,56;-23,11;-18,77;0,57;91,14;B;;
18/05/2026;;00000000002474;TOMATE GRAPE 180G UN.;5,000;32,45;6,49;25,00;0,00;0,00;7,45;22,96;29,80;0,56;91,71;B;;
18/05/2026;;00000000012306;HORTELA UN;13,000;32,37;2,49;11,70;0,00;0,00;20,67;63,86;176,67;0,56;92,27;B;;
18/05/2026;;00000000002456;BANANA DA TERRA KG;5,980;31,03;5,19;34,38;0,00;0,00;-3,35;-10,81;-9,76;0,54;92,81;B;;
18/05/2026;;00000000004797;LARANJA PERA KG;8,475;30,42;3,59;19,68;0,00;0,00;10,74;35,31;54,59;0,53;93,34;B;;
18/05/2026;;00000000012313;ALFACE LISA UN.;12,000;29,88;2,49;18,00;0,00;0,00;11,88;39,76;66,00;0,52;93,86;B;;
18/05/2026;;00000000010530;MACA  ARGENTINA KG;1,525;28,96;18,99;17,75;0,00;0,00;11,21;38,71;63,15;0,50;94,36;B;;
18/05/2026;;00000000012309;BROCOLIS UN;5,000;28,95;5,79;31,00;0,00;0,00;-2,05;-7,08;-6,61;0,50;94,86;B;;
18/05/2026;;00000000010505;ABOBRINHA KG;8,690;27,72;3,19;25,79;0,00;0,00;1,93;6,95;7,47;0,48;95,35;C;;
18/05/2026;;00000000012303;AGRIAO UN.;11,000;27,39;2,49;13,20;0,00;0,00;14,19;51,81;107,50;0,48;95,82;C;;
18/05/2026;;00000000001557;BATATA DOCE KG;5,790;23,10;3,99;21,71;0,00;0,00;1,39;6,01;6,39;0,40;96,22;C;;
18/05/2026;;00000000005062;MAMAO PAPAIA UN.;5,000;22,45;4,49;11,45;0,00;0,00;11,00;49,00;96,07;0,39;96,61;C;;
18/05/2026;;00000000004796;CHUCHU KG;5,030;18,07;3,59;29,16;0,00;0,00;-11,09;-61,40;-38,04;0,31;96,93;C;;
18/05/2026;;00000000010508;CEBOLA MIUDA KG;3,580;16,08;4,49;7,16;0,00;0,00;8,92;55,47;124,58;0,28;97,21;C;;
18/05/2026;;00000000010511;REPOLHO ROXO KG;1,785;16,05;8,99;5,02;0,00;0,00;11,03;68,75;219,99;0,28;97,49;C;;
18/05/2026;;00000000010514;GENGIBRE KG;1,060;15,68;14,79;6,48;0,00;1,45;9,20;49,45;142,10;0,27;97,76;C;;
18/05/2026;;00000000012312;LOURO UN.;6,000;14,94;2,49;7,20;0,00;0,00;7,74;51,81;107,50;0,26;98,02;C;;
18/05/2026;;00000000012204;SANDUICHE DE PATE DA CASA;2,000;13,98;6,99;0,00;0,00;0,00;13,98;100,00;0,00;0,24;98,26;C;;
18/05/2026;;00000000010512;PEPINO JAPONES KG;2,715;13,55;4,99;11,01;0,00;0,00;2,54;18,73;23,04;0,24;98,50;C;;
18/05/2026;;00000000010526;COCO SECO KG;2,660;12,72;4,78;8,67;2,54;0,00;4,05;11,83;46,69;0,22;98,72;C;;
18/05/2026;;00000000008283;OVOS CAIPIRA  CARTELA COM 30;1,000;12,49;12,49;0,00;0,00;0,00;12,49;100,00;0,00;0,22;98,93;C;;
18/05/2026;;00000000010532;KIWI KG;0,470;11,74;24,98;7,91;0,00;0,00;3,83;32,66;48,51;0,20;99,14;C;;
18/05/2026;;00000000010518;BANANA DAGUA KG;2,385;9,52;3,99;6,37;0,00;0,00;3,15;33,11;49,50;0,17;99,30;C;;
18/05/2026;;00000000010531;MACA FUJI KG;0,655;9,16;13,98;8,76;0,00;0,00;0,40;4,40;4,60;0,16;99,46;C;;
18/05/2026;;00000000010521;MELAO COMUM KG;1,550;8,04;5,19;4,40;0,00;0,00;3,64;45,25;82,64;0,14;99,60;C;;
18/05/2026;;00000000010506;BERINJELA KG;0,925;6,28;6,79;3,50;0,00;0,00;2,78;44,32;79,61;0,11;99,71;C;;
18/05/2026;;00000000011757;PIMENTAO VERMELHO E AMARELO KG;0,385;5,39;14,00;1,64;0,00;0,00;3,75;69,57;228,64;0,09;99,81;C;;
18/05/2026;;00000000002429;TOMATE CEREJA UN.;1,000;4,99;4,99;4,58;0,00;0,00;0,41;8,22;8,95;0,09;99,89;C;;
18/05/2026;;00000000011612;MOUSSE DE LIMAO DA CASA P;1,000;3,99;3,99;0,00;0,00;0,00;3,99;100,00;0,00;0,07;99,96;C;;
18/05/2026;;00000000010523;ABACATE KG;0,495;2,17;4,38;3,00;0,00;0,00;-0,83;-38,24;-27,66;0,04;100,00;C;;
19/05/2026;;00000000002494;BATATA LISA KG;147,335;1147,75;7,79;887,88;0,00;0,00;259,87;22,64;29,27;11,88;11,88;A;;
19/05/2026;;00000000002519;OVOS CARTELA COM 30;64,000;1091,26;17,05;858,33;0,00;0,00;232,93;21,35;27,14;11,30;23,18;A;;
19/05/2026;;00000000008064;OVOS CARTELA COM 20;42,000;503,58;11,99;0,00;0,00;0,00;503,58;100,00;0,00;5,21;28,40;A;;
19/05/2026;;00000000004799;CENOURA KG;65,105;455,12;6,99;387,03;0,00;0,00;68,09;14,96;17,59;4,71;33,11;A;;
19/05/2026;;00000000010772;TOMATE ITALIANO KG;57,450;418,78;7,29;353,21;0,00;0,00;65,57;15,66;18,56;4,34;37,45;A;;
19/05/2026;;00000000004801;BANANA PRATA KG;83,510;375,77;4,50;434,25;0,00;0,00;-58,48;-15,56;-13,47;3,89;41,34;A;;
19/05/2026;;00000000002495;CEBOLA GRAUDA KG;65,230;337,39;5,17;242,76;0,00;0,00;94,63;28,05;38,98;3,49;44,83;A;;
19/05/2026;;00000000012309;BROCOLIS UN;46,000;301,34;6,55;254,50;0,00;0,00;46,84;15,54;18,40;3,12;47,95;A;;
19/05/2026;;00000000011761;TANGERINA POKAN KG;71,755;286,36;3,99;223,52;0,00;0,00;62,84;21,95;28,12;2,97;50,91;A;;
19/05/2026;;00000000010507;QUIABO KG;35,661;284,93;7,99;296,17;0,00;0,00;-11,24;-3,95;-3,80;2,95;53,86;A;;
19/05/2026;;00000000002497;TOMATE CARMEM KG;39,585;284,65;7,19;258,22;0,00;0,00;26,43;9,29;10,24;2,95;56,81;A;;
19/05/2026;;00000000002496;ALHO KG;18,835;283,36;15,04;169,20;19,81;0,00;114,16;33,30;67,48;2,93;59,75;A;;
19/05/2026;;00000000002137;MACA GALA SC 850GR;45,000;224,55;4,99;178,31;0,00;0,00;46,24;20,59;25,93;2,33;62,07;A;;
19/05/2026;;00000000004797;LARANJA PERA KG;70,510;212,39;3,01;168,23;0,00;0,00;44,16;20,79;26,25;2,20;64,27;A;;
19/05/2026;;00000000012305;COENTRO UN.;82,000;202,91;2,47;133,00;0,00;0,00;69,91;34,45;52,56;2,10;66,37;A;;
19/05/2026;;00000000010522;MARACUJA KG;27,565;192,36;6,98;162,23;0,00;0,00;30,13;15,66;18,57;1,99;68,36;A;;
19/05/2026;;00000000019191;UVA PRETA S/ CAROCO BDJ 500G;30,000;179,70;5,99;163,80;0,00;0,00;15,90;8,85;9,71;1,86;70,22;A;;
19/05/2026;;00000000019308;UVA VERDE S/ CAROCO BDJ 500G;15,000;160,35;10,69;117,00;0,00;0,00;43,35;27,03;37,05;1,66;71,88;A;;
19/05/2026;;00000000010518;BANANA DAGUA KG;40,840;154,79;3,79;145,23;0,00;0,00;9,56;6,17;6,58;1,60;73,49;A;;
19/05/2026;;00000000002502;PIMENTAO KG;20,890;151,72;7,26;101,00;0,00;0,00;50,72;33,43;50,22;1,57;75,06;A;;
19/05/2026;;00000000005372;LARANJA CX FECHADA;2,000;149,98;74,99;0,00;0,00;0,00;149,98;100,00;0,00;1,55;76,61;A;;
19/05/2026;;00000000012302;ALFACE CRESPA UN.;89,000;135,63;1,52;113,43;0,00;0,00;22,20;16,37;19,57;1,40;78,01;A;;
19/05/2026;;00000000012304;COUVE UN.;70,000;127,41;1,82;93,00;0,00;0,00;34,41;27,01;37,00;1,32;79,33;A;;
19/05/2026;;00000000002498;LIMAO KG;37,419;119,39;3,19;94,77;0,00;0,00;24,62;20,63;25,99;1,24;80,57;B;;
19/05/2026;;00000000010525;MANGA PALMER KG;19,890;113,15;5,69;93,18;0,00;0,00;19,97;17,65;21,43;1,17;81,74;B;;
19/05/2026;;00000000004804;INHAME KG;21,875;103,32;4,72;84,07;0,00;0,00;19,25;18,63;22,89;1,07;82,81;B;;
19/05/2026;;00000000004793;ABOBORA SERGIPANA KG;19,499;97,29;4,99;68,25;0,00;0,00;29,04;29,85;42,56;1,01;83,82;B;;
19/05/2026;;00000000004803;JILO KG;10,720;85,72;8,00;56,71;0,00;0,00;29,01;33,84;51,16;0,89;84,71;B;;
19/05/2026;;00000000000471;CARTELA OVOS C/12;12,000;83,88;6,99;75,00;0,00;0,00;8,88;10,59;11,84;0,87;85,57;B;;
19/05/2026;;00000000011048;AIPIM KG;26,690;79,45;2,98;48,51;0,00;0,00;30,94;38,94;63,79;0,82;86,40;B;;
19/05/2026;;00000000004796;CHUCHU KG;20,345;73,04;3,59;64,63;0,00;0,00;8,41;11,52;13,02;0,76;87,15;B;;
19/05/2026;;00000000005062;MAMAO PAPAIA UN.;16,000;71,84;4,49;51,85;0,00;0,00;19,99;27,83;38,55;0,74;87,90;B;;
19/05/2026;;00000000012320;SALSINHA UN;27,000;67,15;2,49;38,50;0,00;0,00;28,65;42,67;74,42;0,70;88,59;B;;
19/05/2026;;00000000010505;ABOBRINHA KG;20,740;65,54;3,16;64,54;0,00;0,00;1,00;1,52;1,54;0,68;89,27;B;;
19/05/2026;;00000000012307;CHEIRO VERDE UN.;41,000;64,09;1,56;58,30;0,00;0,00;5,79;9,03;9,93;0,66;89,94;B;;
19/05/2026;;00000000007660;PERA WILLIAM KG;6,190;61,85;9,99;52,40;0,00;0,00;9,45;15,28;18,04;0,64;90,58;B;;
19/05/2026;;00000000001557;BATATA DOCE KG;13,125;61,56;4,69;47,43;0,00;0,00;14,13;22,96;29,80;0,64;91,21;B;;
19/05/2026;;00000000010627;MACA GALA KG;6,805;61,19;8,99;51,21;0,00;0,00;9,98;16,30;19,48;0,63;91,85;B;;
19/05/2026;;00000000004405;MOSTARDA UN;40,000;60,95;1,52;50,40;0,00;0,00;10,55;17,31;20,93;0,63;92,48;B;;
19/05/2026;;00000000010510;REPOLHO KG;9,610;49,32;5,13;31,10;0,00;0,00;18,22;36,95;58,60;0,51;92,99;B;;
19/05/2026;;00000000012303;AGRIAO UN.;31,000;48,94;1,58;31,80;0,00;0,00;17,14;35,02;53,90;0,51;93,49;B;;
19/05/2026;;00000000010523;ABACATE KG;12,380;44,43;3,59;45,00;0,00;0,00;-0,57;-1,29;-1,27;0,46;93,95;B;;
19/05/2026;;00000000010513;PEPINO KG;9,025;44,15;4,89;38,59;0,00;0,00;5,56;12,58;14,39;0,46;94,41;B;;
19/05/2026;;00000000004798;BETERRABA KG;7,450;43,88;5,89;32,85;0,00;0,00;11,03;25,13;33,56;0,45;94,87;B;;
19/05/2026;;00000000010508;CEBOLA MIUDA KG;9,150;41,11;4,49;18,30;0,00;0,00;22,81;55,49;124,64;0,43;95,29;C;;
19/05/2026;;00000000004802;ABACAXI GRANDE UN.;5,000;39,95;7,99;36,50;0,00;0,00;3,45;8,64;9,45;0,41;95,71;C;;
19/05/2026;;00000000010506;BERINJELA KG;5,810;39,46;6,79;30,88;0,00;0,00;8,58;21,75;27,80;0,41;96,11;C;;
19/05/2026;;00000000007432;OVOS CAIPIRA C/12;3,000;38,97;12,99;30,00;0,00;0,00;8,97;23,02;29,90;0,40;96,52;C;;
19/05/2026;;00000000010532;KIWI KG;1,495;37,36;24,99;25,15;0,00;0,00;12,21;32,69;48,57;0,39;96,90;C;;
19/05/2026;;00000000010509;CEBOLA ROXA KG;5,510;36,87;6,69;28,65;0,00;0,00;8,22;22,29;28,69;0,38;97,29;C;;
19/05/2026;;00000000002456;BANANA DA TERRA KG;6,055;31,42;5,19;34,82;0,00;0,00;-3,40;-10,81;-9,75;0,33;97,61;C;;
19/05/2026;;00000000007657;MAMAO FORMOSA KG;4,300;25,76;5,99;12,90;0,00;0,00;12,86;49,92;99,69;0,27;97,88;C;;
19/05/2026;;00000000010512;PEPINO JAPONES KG;5,145;25,70;5,00;22,63;0,00;0,00;3,07;11,93;13,54;0,27;98,14;C;;
19/05/2026;;00000000010526;COCO SECO KG;4,710;22,56;4,79;15,15;4,51;0,00;7,41;12,84;48,91;0,23;98,38;C;;
19/05/2026;;00000000012306;HORTELA UN;9,000;22,41;2,49;7,10;0,00;0,00;15,31;68,32;215,63;0,23;98,61;C;;
19/05/2026;;00000000009239;BANANA PROMOCAO BDJ;6,000;17,94;2,99;0,00;2,15;1,66;17,94;78,75;0,00;0,19;98,80;C;;
19/05/2026;;00000000011757;PIMENTAO VERMELHO E AMARELO KG;1,130;15,82;14,00;8,54;0,00;0,00;7,28;46,00;85,19;0,16;98,96;C;;
19/05/2026;;00000000010530;MACA  ARGENTINA KG;0,755;14,34;18,99;8,79;0,00;0,00;5,55;38,72;63,17;0,15;99,11;C;;
19/05/2026;;00000000002474;TOMATE GRAPE 180G UN.;2,000;12,98;6,49;10,84;0,00;0,00;2,14;16,49;19,74;0,13;99,24;C;;
19/05/2026;;00000000007308;SALSA G;11,000;10,89;0,99;38,50;0,00;0,00;-27,61;-253,54;-71,71;0,11;99,36;C;;
19/05/2026;;00000000010514;GENGIBRE KG;0,705;10,42;14,78;4,31;0,00;0,95;6,11;49,54;141,85;0,11;99,46;C;;
19/05/2026;;00000000010531;MACA FUJI KG;0,730;10,21;13,99;9,76;0,00;0,00;0,45;4,41;4,61;0,11;99,57;C;;
19/05/2026;;00000000010521;MELAO COMUM KG;1,685;8,75;5,19;6,81;0,00;0,00;1,94;22,20;28,54;0,09;99,66;C;;
19/05/2026;;00000000012312;LOURO UN.;3,000;7,47;2,49;3,60;0,00;0,00;3,87;51,81;107,50;0,08;99,74;C;;
19/05/2026;;00000000002429;TOMATE CEREJA UN.;1,000;4,99;4,99;4,58;0,00;0,00;0,41;8,22;8,95;0,05;99,79;C;;
19/05/2026;;00000000010511;REPOLHO ROXO KG;0,550;4,94;8,98;2,05;0,00;0,00;2,89;58,58;141,45;0,05;99,84;C;;
19/05/2026;;00000000009982;MELAO UNID;1,000;4,49;4,49;0,00;0,00;0,00;4,49;100,00;0,00;0,05;99,89;C;;
19/05/2026;;00000000011609;MOUSSE DE MARACUJA DA CASA P;1,000;3,99;3,99;0,00;0,00;0,00;3,99;100,00;0,00;0,04;99,93;C;;
19/05/2026;;00000000010529;MACA VERDE KG;0,230;3,91;17,00;2,68;0,00;0,00;1,23;31,35;45,67;0,04;99,97;C;;
19/05/2026;;00000000000258;CENOURA PROMOCAO KG;1,552;3,09;1,99;10,09;0,00;0,00;-7,00;-226,47;-69,37;0,03;100,00;C;;
20/05/2026;;00000000002494;BATATA LISA KG;144,485;1151,42;7,97;943,33;0,00;0,00;208,09;18,07;22,06;14,34;14,34;A;;
20/05/2026;;00000000002519;OVOS CARTELA COM 30;51,000;866,49;16,99;702,91;0,00;0,00;163,58;18,88;23,27;10,79;25,14;A;;
20/05/2026;;00000000010772;TOMATE ITALIANO KG;64,580;470,78;7,29;426,16;0,00;0,00;44,62;9,48;10,47;5,86;31,00;A;;
20/05/2026;;00000000004799;CENOURA KG;55,590;388,61;6,99;361,27;0,00;0,00;27,34;7,04;7,57;4,84;35,84;A;;
20/05/2026;;00000000004801;BANANA PRATA KG;78,675;381,86;4,85;437,05;0,00;0,00;-55,19;-14,45;-12,63;4,76;40,60;A;;
20/05/2026;;00000000002495;CEBOLA GRAUDA KG;59,655;309,64;5,19;254,93;0,00;0,00;54,71;17,67;21,46;3,86;44,45;A;;
20/05/2026;;00000000002496;ALHO KG;16,405;273,61;16,68;147,53;19,14;0,00;126,08;39,09;85,47;3,41;47,86;A;;
20/05/2026;;00000000002497;TOMATE CARMEM KG;30,025;215,89;7,19;200,47;0,00;0,00;15,42;7,14;7,69;2,69;50,55;A;;
20/05/2026;;00000000008064;OVOS CARTELA COM 20;18,000;215,82;11,99;10,00;0,00;0,00;205,82;95,37;2058,20;2,69;53,24;A;;
20/05/2026;;00000000011761;TANGERINA POKAN KG;48,350;192,90;3,99;137,85;0,00;0,00;55,05;28,54;39,93;2,40;55,64;A;;
20/05/2026;;00000000002137;MACA GALA SC 850GR;34,000;169,66;4,99;141,78;0,00;0,00;27,88;16,43;19,66;2,11;57,75;A;;
20/05/2026;;00000000004797;LARANJA PERA KG;47,210;161,58;3,42;118,47;0,00;0,00;43,11;26,68;36,39;2,01;59,77;A;;
20/05/2026;;00000000010522;MARACUJA KG;22,965;160,52;6,99;138,47;0,00;0,00;22,05;13,74;15,93;2,00;61,77;A;;
20/05/2026;;00000000019191;UVA PRETA S/ CAROCO BDJ 500G;26,000;155,74;5,99;143,00;0,00;0,00;12,74;8,18;8,91;1,94;63,71;A;;
20/05/2026;;00000000010525;MANGA PALMER KG;25,190;147,31;5,85;115,74;0,00;0,00;31,57;21,43;27,28;1,83;65,54;A;;
20/05/2026;;00000000011048;AIPIM KG;48,720;145,68;2,99;83,31;0,00;0,00;62,37;42,81;74,86;1,81;67,36;A;;
20/05/2026;;00000000010684;MORANGO BANDEJA UN.;20,000;139,80;6,99;78,75;0,00;0,00;61,05;43,67;77,52;1,74;69,10;A;;
20/05/2026;;00000000002502;PIMENTAO KG;18,235;132,92;7,29;89,51;0,00;0,00;43,41;32,66;48,49;1,66;70,75;A;;
20/05/2026;;00000000004793;ABOBORA SERGIPANA KG;25,907;129,29;4,99;89,10;0,00;0,00;40,19;31,08;45,10;1,61;72,36;A;;
20/05/2026;;00000000012305;COENTRO UN.;82,000;127,18;1,55;124,60;0,00;0,00;2,58;2,03;2,07;1,58;73,95;A;;
20/05/2026;;00000000010627;MACA GALA KG;12,850;115,51;8,99;90,45;0,00;0,00;25,06;21,70;27,71;1,44;75,39;A;;
20/05/2026;;00000000010507;QUIABO KG;14,320;114,42;7,99;126,20;0,00;0,00;-11,78;-10,29;-9,33;1,43;76,81;A;;
20/05/2026;;00000000002498;LIMAO KG;35,235;112,40;3,19;89,31;0,00;0,00;23,09;20,54;25,85;1,40;78,21;A;;
20/05/2026;;00000000000471;CARTELA OVOS C/12;15,000;104,85;6,99;95,83;0,00;0,00;9,02;8,60;9,41;1,31;79,52;A;;
20/05/2026;;00000000012302;ALFACE CRESPA UN.;70,000;104,30;1,49;72,75;0,00;0,00;31,55;30,25;43,37;1,30;80,82;B;;
20/05/2026;;00000000004804;INHAME KG;20,810;97,61;4,69;72,22;0,00;0,00;25,39;26,01;35,15;1,22;82,03;B;;
20/05/2026;;00000000001557;BATATA DOCE KG;19,245;90,24;4,69;68,80;0,00;0,00;21,44;23,76;31,16;1,12;83,16;B;;
20/05/2026;;00000000012304;COUVE UN.;57,000;84,93;1,49;59,00;0,00;0,00;25,93;30,53;43,95;1,06;84,22;B;;
20/05/2026;;00000000010505;ABOBRINHA KG;24,465;78,04;3,19;77,17;0,00;0,00;0,87;1,12;1,13;0,97;85,19;B;;
20/05/2026;;00000000005062;MAMAO PAPAIA UN.;17,000;76,33;4,49;58,82;0,00;0,00;17,51;22,94;29,77;0,95;86,14;B;;
20/05/2026;;00000000007660;PERA WILLIAM KG;7,405;74,01;9,99;55,17;0,00;0,00;18,84;25,46;34,16;0,92;87,06;B;;
20/05/2026;;00000000010526;COCO SECO KG;13,765;65,94;4,79;44,28;13,26;0,00;21,66;12,74;48,92;0,82;87,88;B;;
20/05/2026;;00000000004796;CHUCHU KG;18,235;65,47;3,59;40,49;0,00;0,00;24,98;38,16;61,71;0,82;88,70;B;;
20/05/2026;;00000000019308;UVA VERDE S/ CAROCO BDJ 500G;6,000;64,14;10,69;46,80;0,00;0,00;17,34;27,03;37,05;0,80;89,50;B;;
20/05/2026;;00000000012307;CHEIRO VERDE UN.;43,000;64,07;1,49;60,70;0,00;0,00;3,37;5,26;5,55;0,80;90,29;B;;
20/05/2026;;00000000010518;BANANA DAGUA KG;15,755;60,66;3,85;57,35;0,00;0,00;3,31;5,46;5,77;0,76;91,05;B;;
20/05/2026;;00000000012320;SALSINHA UN;34,000;55,66;1,64;46,20;0,00;0,00;9,46;17,00;20,48;0,69;91,74;B;;
20/05/2026;;00000000004803;JILO KG;5,565;44,50;8,00;29,44;0,00;0,00;15,06;33,85;51,16;0,55;92,30;B;;
20/05/2026;;00000000010510;REPOLHO KG;8,450;43,84;5,19;29,25;0,00;0,00;14,59;33,27;49,86;0,55;92,84;B;;
20/05/2026;;00000000012303;AGRIAO UN.;28,000;41,72;1,49;27,00;0,00;0,00;14,72;35,28;54,52;0,52;93,36;B;;
20/05/2026;;00000000004405;MOSTARDA UN;28,000;41,72;1,49;32,00;0,00;0,00;9,72;23,30;30,38;0,52;93,88;B;;
20/05/2026;;00000000012309;BROCOLIS UN;6,000;39,54;6,59;33,00;0,00;0,00;6,54;16,54;19,82;0,49;94,37;B;;
20/05/2026;;00000000010532;KIWI KG;1,465;36,61;24,99;24,64;0,00;0,00;11,97;32,69;48,57;0,46;94,83;B;;
20/05/2026;;00000000010521;MELAO COMUM KG;6,205;32,21;5,19;25,07;0,00;0,00;7,14;22,17;28,49;0,40;95,23;C;;
20/05/2026;;00000000010523;ABACATE KG;8,335;31,79;3,81;22,67;0,00;0,00;9,12;28,68;40,22;0,40;95,63;C;;
20/05/2026;;00000000004798;BETERRABA KG;6,155;30,72;4,99;27,14;0,00;0,00;3,58;11,64;13,18;0,38;96,01;C;;
20/05/2026;;00000000010508;CEBOLA MIUDA KG;6,670;29,95;4,49;13,34;0,00;0,00;16,61;55,46;124,51;0,37;96,38;C;;
20/05/2026;;00000000010513;PEPINO KG;5,360;26,22;4,89;22,60;0,00;0,00;3,62;13,79;16,00;0,33;96,71;C;;
20/05/2026;;00000000010529;MACA VERDE KG;1,480;25,15;16,99;17,27;0,00;0,00;7,88;31,33;45,61;0,31;97,02;C;;
20/05/2026;;00000000010512;PEPINO JAPONES KG;4,635;23,14;4,99;20,81;0,00;0,00;2,33;10,06;11,19;0,29;97,31;C;;
20/05/2026;;00000000011757;PIMENTAO VERMELHO E AMARELO KG;1,605;22,47;14,00;13,04;0,00;0,00;9,43;41,95;72,27;0,28;97,59;C;;
20/05/2026;;00000000010530;MACA  ARGENTINA KG;1,110;21,07;18,98;12,92;0,00;0,00;8,15;38,68;63,08;0,26;97,85;C;;
20/05/2026;;00000000010509;CEBOLA ROXA KG;2,905;19,43;6,69;15,43;0,00;0,00;4,00;20,61;25,96;0,24;98,10;C;;
20/05/2026;;00000000010506;BERINJELA KG;2,445;16,60;6,79;14,72;0,00;0,00;1,88;11,33;12,78;0,21;98,30;C;;
20/05/2026;;00000000007432;OVOS CAIPIRA C/12;1,000;12,99;12,99;10,00;0,00;0,00;2,99;23,02;29,90;0,16;98,46;C;;
20/05/2026;;00000000002474;TOMATE GRAPE 180G UN.;2,000;12,98;6,49;10,84;0,00;0,00;2,14;16,49;19,74;0,16;98,63;C;;
20/05/2026;;00000000010511;REPOLHO ROXO KG;1,430;12,86;8,99;4,81;0,00;0,00;8,05;62,61;167,48;0,16;98,79;C;;
20/05/2026;;00000000012312;LOURO UN.;7,000;12,43;1,78;8,40;0,00;0,00;4,03;32,42;47,98;0,15;98,94;C;;
20/05/2026;;00000000010531;MACA FUJI KG;0,840;11,75;13,99;11,23;0,00;0,00;0,52;4,42;4,62;0,15;99,09;C;;
20/05/2026;;00000000007657;MAMAO FORMOSA KG;1,920;11,50;5,99;5,76;0,00;0,00;5,74;49,91;99,65;0,14;99,23;C;;
20/05/2026;;00000000012306;HORTELA UN;7,000;11,43;1,63;5,10;0,00;0,00;6,33;55,38;124,12;0,14;99,37;C;;
20/05/2026;;00000000010514;GENGIBRE KG;0,615;9,09;14,78;3,77;0,00;0,68;5,32;51,03;141,24;0,11;99,49;C;;
20/05/2026;;00000000011609;MOUSSE DE MARACUJA DA CASA P;2,000;7,98;3,99;0,00;0,00;0,00;7,98;100,00;0,00;0,10;99,59;C;;
20/05/2026;;00000000004887;AMEIXA FRESCA KG;0,260;5,20;20,00;1,76;0,00;0,00;3,44;66,10;194,99;0,06;99,65;C;;
20/05/2026;;00000000002208;PIMENTAO PROMOCAO KG;1,096;5,14;4,69;0,00;0,00;0,00;5,14;100,00;0,00;0,06;99,72;C;;
20/05/2026;;00000000002429;TOMATE CEREJA UN.;1,000;4,99;4,99;4,58;0,00;0,00;0,41;8,22;8,95;0,06;99,78;C;;
20/05/2026;;00000000010691;CAQUI BANDEJA;1,000;4,99;4,99;0,00;0,00;0,00;4,99;100,00;0,00;0,06;99,84;C;;
20/05/2026;;00000000007308;SALSA G;5,000;4,95;0,99;17,50;0,00;0,00;-12,55;-253,54;-71,71;0,06;99,90;C;;
20/05/2026;;00000000011612;MOUSSE DE LIMAO DA CASA P;1,000;3,99;3,99;0,00;0,00;0,00;3,99;100,00;0,00;0,05;99,95;C;;
20/05/2026;;00000000007658;LARANJA BAHIA KG;0,440;3,96;9,00;5,31;0,00;0,00;-1,35;-34,00;-25,37;0,05;100,00;C;;
21/05/2026;;00000000002494;BATATA LISA KG;119,290;953,05;7,99;766,99;0,00;0,00;186,06;19,52;24,26;12,09;12,09;A;;
21/05/2026;;00000000002519;OVOS CARTELA COM 30;54,000;917,46;16,99;742,50;0,00;0,00;174,96;19,07;23,56;11,64;23,73;A;;
21/05/2026;;00000000010772;TOMATE ITALIANO KG;91,185;664,70;7,29;621,56;0,00;0,00;43,14;6,49;6,94;8,43;32,16;A;;
21/05/2026;;00000000004799;CENOURA KG;69,785;487,42;6,98;449,99;0,00;0,00;37,43;7,68;8,32;6,18;38,34;A;;
21/05/2026;;00000000004801;BANANA PRATA KG;84,160;419,98;4,99;405,73;0,00;0,00;14,25;3,39;3,51;5,33;43,67;A;;
21/05/2026;;00000000008064;OVOS CARTELA COM 20;33,000;395,67;11,99;0,00;0,00;0,00;395,67;100,00;0,00;5,02;48,69;A;;
21/05/2026;;00000000002496;ALHO KG;21,855;393,29;18,00;259,06;27,53;0,00;134,23;27,13;51,82;4,99;53,67;A;;
21/05/2026;;00000000002495;CEBOLA GRAUDA KG;51,760;268,69;5,19;219,25;0,00;0,00;49,44;18,40;22,55;3,41;57,08;A;;
21/05/2026;;00000000010522;MARACUJA KG;29,475;206,04;6,99;179,50;0,00;0,00;26,54;12,88;14,78;2,61;59,70;A;;
21/05/2026;;00000000004797;LARANJA PERA KG;43,755;165,80;3,79;115,76;0,00;0,00;50,04;30,18;43,22;2,10;61,80;A;;
21/05/2026;;00000000011761;TANGERINA POKAN KG;38,250;152,61;3,99;104,02;0,00;0,00;48,59;31,84;46,71;1,94;63,73;A;;
21/05/2026;;00000000002137;MACA GALA SC 850GR;30,000;149,70;4,99;125,10;0,00;0,00;24,60;16,43;19,66;1,90;65,63;A;;
21/05/2026;;00000000019191;UVA PRETA S/ CAROCO BDJ 500G;23,000;137,77;5,99;126,50;0,00;0,00;11,27;8,18;8,91;1,75;67,38;A;;
21/05/2026;;00000000002502;PIMENTAO KG;16,510;120,25;7,28;81,72;0,00;0,00;38,53;32,04;47,14;1,53;68,91;A;;
21/05/2026;;00000000012305;COENTRO UN.;78,000;116,22;1,49;117,00;0,00;0,00;-0,78;-0,67;-0,67;1,47;70,38;A;;
21/05/2026;;00000000002497;TOMATE CARMEM KG;15,170;109,08;7,19;108,36;0,00;0,00;0,72;0,66;0,66;1,38;71,76;A;;
21/05/2026;;00000000004804;INHAME KG;22,730;106,22;4,67;70,92;0,00;0,00;35,30;33,23;49,77;1,35;73,11;A;;
21/05/2026;;00000000010518;BANANA DAGUA KG;26,440;105,51;3,99;77,64;0,00;0,00;27,87;26,41;35,89;1,34;74,45;A;;
21/05/2026;;00000000002498;LIMAO KG;32,925;105,05;3,19;85,72;0,00;0,00;19,33;18,40;22,55;1,33;75,78;A;;
21/05/2026;;00000000004798;BETERRABA KG;20,580;102,70;4,99;87,22;0,00;0,00;15,48;15,07;17,75;1,30;77,08;A;;
21/05/2026;;00000000012302;ALFACE CRESPA UN.;64,000;95,36;1,49;64,00;0,00;0,00;31,36;32,89;49,00;1,21;78,29;A;;
21/05/2026;;00000000010627;MACA GALA KG;10,265;92,28;8,99;72,37;0,00;0,00;19,91;21,58;27,51;1,17;79,47;A;;
21/05/2026;;00000000005062;MAMAO PAPAIA UN.;20,000;89,80;4,49;69,20;0,00;0,00;20,60;22,94;29,77;1,14;80,60;B;;
21/05/2026;;00000000012309;BROCOLIS UN;13,000;85,67;6,59;71,50;0,00;0,00;14,17;16,54;19,82;1,09;81,69;B;;
21/05/2026;;00000000004793;ABOBORA SERGIPANA KG;16,003;79,85;4,99;56,01;0,00;0,00;23,84;29,86;42,56;1,01;82,70;B;;
21/05/2026;;00000000001557;BATATA DOCE KG;16,465;77,23;4,69;59,11;0,00;0,00;18,12;23,46;30,66;0,98;83,68;B;;
21/05/2026;;00000000012304;COUVE UN.;41,000;61,09;1,49;41,00;0,00;0,00;20,09;32,89;49,00;0,77;84,46;B;;
21/05/2026;;00000000004796;CHUCHU KG;17,015;61,08;3,59;37,60;0,00;0,00;23,48;38,44;62,43;0,77;85,23;B;;
21/05/2026;;00000000010525;MANGA PALMER KG;10,060;60,24;5,99;45,65;0,00;0,00;14,59;24,22;31,97;0,76;86,00;B;;
21/05/2026;;00000000007660;PERA WILLIAM KG;5,930;59,24;9,99;44,86;0,00;0,00;14,38;24,27;32,05;0,75;86,75;B;;
21/05/2026;;00000000004803;JILO KG;7,080;56,59;7,99;37,45;0,00;0,00;19,14;33,82;51,10;0,72;87,47;B;;
21/05/2026;;00000000000471;CARTELA OVOS C/12;8,000;55,92;6,99;50,00;0,00;0,00;5,92;10,59;11,84;0,71;88,18;B;;
21/05/2026;;00000000010510;REPOLHO KG;10,645;55,25;5,19;36,83;0,00;0,00;18,42;33,34;50,01;0,70;88,88;B;;
21/05/2026;;00000000010531;MACA FUJI KG;3,730;52,18;13,99;39,15;0,00;0,00;13,03;24,98;33,29;0,66;89,54;B;;
21/05/2026;;00000000007432;OVOS CAIPIRA C/12;4,000;51,96;12,99;40,00;0,00;0,00;11,96;23,02;29,90;0,66;90,20;B;;
21/05/2026;;00000000010509;CEBOLA ROXA KG;7,540;50,43;6,69;41,29;0,00;0,00;9,14;18,12;22,13;0,64;90,84;B;;
21/05/2026;;00000000010512;PEPINO JAPONES KG;9,980;49,82;4,99;44,24;0,00;0,00;5,58;11,19;12,60;0,63;91,47;B;;
21/05/2026;;00000000011048;AIPIM KG;16,645;49,78;2,99;29,65;0,00;0,00;20,13;40,43;67,88;0,63;92,10;B;;
21/05/2026;;00000000012307;CHEIRO VERDE UN.;31,000;46,19;1,49;40,30;0,00;0,00;5,89;12,75;14,62;0,59;92,69;B;;
21/05/2026;;00000000010513;PEPINO KG;8,670;42,37;4,89;35,81;0,00;0,00;6,56;15,49;18,33;0,54;93,22;B;;
21/05/2026;;00000000004802;ABACAXI GRANDE UN.;5,000;39,95;7,99;37,50;0,00;0,00;2,45;6,13;6,53;0,51;93,73;B;;
21/05/2026;;00000000012320;SALSINHA UN;26,000;38,74;1,49;33,80;0,00;0,00;4,94;12,75;14,62;0,49;94,22;B;;
21/05/2026;;00000000010526;COCO SECO KG;7,510;35,97;4,79;24,11;7,19;0,00;11,86;12,98;49,21;0,46;94,68;B;;
21/05/2026;;00000000010508;CEBOLA MIUDA KG;7,925;35,60;4,49;15,85;0,00;0,00;19,75;55,48;124,61;0,45;95,13;C;;
21/05/2026;;00000000011757;PIMENTAO VERMELHO E AMARELO KG;2,495;34,92;14,00;18,86;0,00;0,00;16,06;45,98;85,13;0,44;95,57;C;;
21/05/2026;;00000000019308;UVA VERDE S/ CAROCO BDJ 500G;3,000;32,07;10,69;23,40;0,00;0,00;8,67;27,03;37,05;0,41;95,98;C;;
21/05/2026;;00000000010532;KIWI KG;1,270;31,74;24,99;21,36;0,00;0,00;10,38;32,70;48,59;0,40;96,38;C;;
21/05/2026;;00000000009239;BANANA PROMOCAO BDJ;9,000;26,91;2,99;0,00;3,23;2,49;26,91;78,75;0,00;0,34;96,72;C;;
21/05/2026;;00000000010505;ABOBRINHA KG;8,415;26,85;3,19;26,76;0,00;0,00;0,09;0,35;0,35;0,34;97,06;C;;
21/05/2026;;00000000012303;AGRIAO UN.;15,000;22,35;1,49;13,50;0,00;0,00;8,85;39,60;65,56;0,28;97,35;C;;
21/05/2026;;00000000010529;MACA VERDE KG;1,255;21,33;17,00;14,65;0,00;0,00;6,68;31,34;45,64;0,27;97,62;C;;
21/05/2026;;00000000010506;BERINJELA KG;3,100;21,04;6,79;17,22;0,00;0,00;3,82;18,18;22,22;0,27;97,88;C;;
21/05/2026;;00000000010691;CAQUI BANDEJA;4,000;19,96;4,99;16,00;0,00;0,00;3,96;19,84;24,75;0,25;98,14;C;;
21/05/2026;;00000000002474;TOMATE GRAPE 180G UN.;3,000;19,47;6,49;16,26;0,00;0,00;3,21;16,49;19,74;0,25;98,38;C;;
21/05/2026;;00000000002456;BANANA DA TERRA KG;2,330;12,09;5,19;13,40;0,00;0,00;-1,31;-10,81;-9,76;0,15;98,54;C;;
21/05/2026;;00000000011623;TORTINHA DE LIMAO DA CASA P;2,000;11,98;5,99;0,00;0,00;0,00;11,98;100,00;0,00;0,15;98,69;C;;
21/05/2026;;00000000010514;GENGIBRE KG;0,785;11,60;14,78;4,80;0,00;1,07;6,80;49,40;141,85;0,15;98,84;C;;
21/05/2026;;00000000002452;LIMAO SICILIANO KG;1,135;11,34;9,99;10,12;0,00;0,00;1,22;10,72;12,00;0,14;98,98;C;;
21/05/2026;;00000000007657;MAMAO FORMOSA KG;1,890;11,32;5,99;5,67;0,00;0,00;5,65;49,91;99,65;0,14;99,12;C;;
21/05/2026;;00000000010507;QUIABO KG;1,324;10,58;7,99;16,10;0,00;0,00;-5,52;-52,17;-34,29;0,13;99,26;C;;
21/05/2026;;00000000012312;LOURO UN.;7,000;10,43;1,49;8,40;0,00;0,00;2,03;19,46;24,17;0,13;99,39;C;;
21/05/2026;;00000000010523;ABACATE KG;2,020;8,87;4,39;5,49;0,00;0,00;3,38;38,06;61,44;0,11;99,50;C;;
21/05/2026;;00000000010521;MELAO COMUM KG;1,645;8,54;5,19;6,65;0,00;0,00;1,89;22,18;28,50;0,11;99,61;C;;
21/05/2026;;00000000011609;MOUSSE DE MARACUJA DA CASA P;2,000;7,98;3,99;0,00;0,00;0,00;7,98;100,00;0,00;0,10;99,71;C;;
21/05/2026;;00000000002430;GOIABA  KG;0,575;5,75;10,00;5,81;0,00;0,00;-0,06;-1,00;-0,99;0,07;99,79;C;;
21/05/2026;;00000000011612;MOUSSE DE LIMAO DA CASA P;1,000;3,99;3,99;0,00;0,00;0,00;3,99;100,00;0,00;0,05;99,84;C;;
21/05/2026;;00000000007308;SALSA G;4,000;3,96;0,99;14,00;0,00;0,00;-10,04;-253,54;-71,71;0,05;99,89;C;;
21/05/2026;;00000000004080;UVA PRETA S/ CAROCO KG;0,530;3,44;6,49;3,71;0,00;0,00;-0,27;-7,85;-7,28;0,04;99,93;C;;
21/05/2026;;00000000010530;MACA  ARGENTINA KG;0,175;3,32;18,97;2,04;0,00;0,00;1,28;38,64;62,98;0,04;99,97;C;;
21/05/2026;;00000000004948;JILO PROMOCAO KG;0,430;2,15;5,00;0,00;0,00;0,00;2,15;100,00;0,00;0,03;100,00;C;;
22/05/2026;;00000000002494;BATATA LISA KG;99,705;796,62;7,99;622,59;0,00;0,00;174,03;21,85;27,95;10,26;10,26;A;;
22/05/2026;;00000000002519;OVOS CARTELA COM 30;44,000;790,56;17,97;609,15;0,00;0,00;181,41;22,95;29,78;10,18;20,45;A;;
22/05/2026;;00000000004799;CENOURA KG;62,820;439,14;6,99;397,63;0,00;0,00;41,51;9,45;10,44;5,66;26,11;A;;
22/05/2026;;00000000008064;OVOS CARTELA COM 20;33,000;395,67;11,99;90,00;0,00;0,00;305,67;77,25;339,63;5,10;31,20;A;;
22/05/2026;;00000000002496;ALHO KG;21,695;390,44;18,00;302,62;27,32;0,00;87,82;15,50;29,02;5,03;36,23;A;;
22/05/2026;;00000000004801;BANANA PRATA KG;73,610;367,32;4,99;284,98;0,00;0,00;82,34;22,42;28,89;4,73;40,97;A;;
22/05/2026;;00000000002495;CEBOLA GRAUDA KG;60,280;312,88;5,19;252,77;0,00;0,00;60,11;19,21;23,78;4,03;45,00;A;;
22/05/2026;;00000000010772;TOMATE ITALIANO KG;41,330;301,28;7,29;276,61;0,00;0,00;24,67;8,19;8,92;3,88;48,88;A;;
22/05/2026;;00000000002497;TOMATE CARMEM KG;38,475;276,62;7,19;282,85;0,00;0,00;-6,23;-2,25;-2,20;3,56;52,44;A;;
22/05/2026;;00000000010684;MORANGO BANDEJA UN.;33,000;263,67;7,99;141,50;0,00;0,00;122,17;46,33;86,34;3,40;55,84;A;;
22/05/2026;;00000000010522;MARACUJA KG;27,520;218,77;7,95;159,93;0,00;0,00;58,84;26,90;36,79;2,82;58,66;A;;
22/05/2026;;00000000010525;MANGA PALMER KG;27,090;162,21;5,99;121,89;0,00;0,00;40,32;24,86;33,08;2,09;60,75;A;;
22/05/2026;;00000000019191;UVA PRETA S/ CAROCO BDJ 500G;27,000;161,73;5,99;148,20;0,00;0,00;13,53;8,37;9,13;2,08;62,83;A;;
22/05/2026;;00000000012302;ALFACE CRESPA UN.;63,000;154,85;2,46;75,75;0,00;0,00;79,10;51,08;104,42;1,99;64,83;A;;
22/05/2026;;00000000011761;TANGERINA POKAN KG;34,180;136,37;3,99;88,82;0,00;0,00;47,55;34,87;53,53;1,76;66,58;A;;
22/05/2026;;00000000010507;QUIABO KG;17,043;136,18;7,99;198,88;0,00;0,00;-62,70;-46,04;-31,53;1,75;68,34;A;;
22/05/2026;;00000000002502;PIMENTAO KG;18,275;133,23;7,29;89,81;0,00;0,00;43,42;32,59;48,34;1,72;70,05;A;;
22/05/2026;;00000000002137;MACA GALA SC 850GR;26,000;129,74;4,99;107,58;0,00;0,00;22,16;17,08;20,60;1,67;71,72;A;;
22/05/2026;;00000000012304;COUVE UN.;51,000;125,99;2,47;52,00;0,00;0,00;73,99;58,73;142,29;1,62;73,35;A;;
22/05/2026;;00000000012305;COENTRO UN.;75,000;111,75;1,49;123,90;0,00;0,00;-12,15;-10,87;-9,81;1,44;74,79;A;;
22/05/2026;;00000000002498;LIMAO KG;34,535;110,17;3,19;91,53;0,00;0,00;18,64;16,92;20,37;1,42;76,21;A;;
22/05/2026;;00000000004804;INHAME KG;21,890;102,68;4,69;64,21;0,00;0,00;38,47;37,47;59,92;1,32;77,53;A;;
22/05/2026;;00000000004803;JILO KG;12,555;100,32;7,99;66,42;0,00;0,00;33,90;33,80;51,05;1,29;78,82;A;;
22/05/2026;;00000000004797;LARANJA PERA KG;22,235;84,29;3,79;66,70;0,00;0,00;17,58;20,86;26,36;1,09;79,91;A;;
22/05/2026;;00000000010518;BANANA DAGUA KG;20,130;80,31;3,99;56,36;0,00;0,00;23,95;29,82;42,48;1,03;80,94;B;;
22/05/2026;;00000000010627;MACA GALA KG;8,575;77,09;8,99;60,32;0,00;0,00;16,77;21,75;27,80;0,99;81,94;B;;
22/05/2026;;00000000000471;CARTELA OVOS C/12;11,000;76,89;6,99;68,75;0,00;0,00;8,14;10,59;11,84;0,99;82,93;B;;
22/05/2026;;00000000004793;ABOBORA SERGIPANA KG;14,974;74,72;4,99;51,93;0,00;0,00;22,79;30,50;43,88;0,96;83,89;B;;
22/05/2026;;00000000005062;MAMAO PAPAIA UN.;16,000;71,84;4,49;55,52;0,00;0,00;16,32;22,72;29,39;0,93;84,81;B;;
22/05/2026;;00000000012307;CHEIRO VERDE UN.;29,000;68,21;2,35;44,50;0,00;0,00;23,71;34,76;53,28;0,88;85,69;B;;
22/05/2026;;00000000010510;REPOLHO KG;13,045;67,69;5,19;45,15;0,00;0,00;22,54;33,30;49,92;0,87;86,57;B;;
22/05/2026;;00000000007660;PERA WILLIAM KG;6,735;67,29;9,99;51,37;0,00;0,00;15,92;23,66;31,00;0,87;87,43;B;;
22/05/2026;;00000000019308;UVA VERDE S/ CAROCO BDJ 500G;7,000;62,93;8,99;54,60;0,00;0,00;8,33;13,24;15,26;0,81;88,24;B;;
22/05/2026;;00000000012309;BROCOLIS UN;9,000;62,82;6,98;49,00;0,00;0,00;13,82;22,00;28,20;0,81;89,05;B;;
22/05/2026;;00000000011048;AIPIM KG;20,640;61,74;2,99;37,90;0,00;0,00;23,84;38,61;62,90;0,80;89,85;B;;
22/05/2026;;00000000004798;BETERRABA KG;12,320;61,50;4,99;51,22;0,00;0,00;10,28;16,71;20,06;0,79;90,64;B;;
22/05/2026;;00000000010526;COCO SECO KG;12,095;57,94;4,79;39,17;11,86;0,00;18,77;11,93;47,93;0,75;91,39;B;;
22/05/2026;;00000000001557;BATATA DOCE KG;11,705;54,91;4,69;41,67;0,00;0,00;13,24;24,12;31,79;0,71;92,09;B;;
22/05/2026;;00000000010509;CEBOLA ROXA KG;6,465;43,26;6,69;37,56;0,00;0,00;5,70;13,17;15,17;0,56;92,65;B;;
22/05/2026;;00000000004802;ABACAXI GRANDE UN.;5,000;39,95;7,99;36,50;0,00;0,00;3,45;8,64;9,45;0,51;93,17;B;;
22/05/2026;;00000000012303;AGRIAO UN.;16,000;39,84;2,49;18,90;0,00;0,00;20,94;52,56;110,79;0,51;93,68;B;;
22/05/2026;;00000000004405;MOSTARDA UN;18,000;39,82;2,21;21,80;0,00;0,00;18,02;45,25;82,66;0,51;94,19;B;;
22/05/2026;;00000000007432;OVOS CAIPIRA C/12;3,000;38,97;12,99;30,00;0,00;0,00;8,97;23,02;29,90;0,50;94,69;B;;
22/05/2026;;00000000011623;TORTINHA DE LIMAO DA CASA P;6,000;35,94;5,99;0,00;0,00;0,00;35,94;100,00;0,00;0,46;95,16;C;;
22/05/2026;;00000000004889;MELANCIA KG;9,063;34,35;3,79;27,60;0,00;0,00;6,75;19,65;24,46;0,44;95,60;C;;
22/05/2026;;00000000010505;ABOBRINHA KG;10,480;33,42;3,19;32,18;0,00;0,00;1,24;3,72;3,86;0,43;96,03;C;;
22/05/2026;;00000000010521;MELAO COMUM KG;5,931;30,78;5,19;23,96;0,00;0,00;6,82;22,15;28,46;0,40;96,43;C;;
22/05/2026;;00000000007657;MAMAO FORMOSA KG;4,311;25,82;5,99;14,13;0,00;0,00;11,69;45,29;82,79;0,33;96,76;C;;
22/05/2026;;00000000010513;PEPINO KG;5,255;25,70;4,89;20,86;0,00;0,00;4,84;18,82;23,19;0,33;97,09;C;;
22/05/2026;;00000000004796;CHUCHU KG;7,070;25,39;3,59;15,83;0,00;0,00;9,56;37,66;60,41;0,33;97,42;C;;
22/05/2026;;00000000010506;BERINJELA KG;3,240;22,01;6,79;16,07;0,00;0,00;5,94;26,99;36,96;0,28;97,70;C;;
22/05/2026;;00000000010530;MACA  ARGENTINA KG;1,150;21,84;18,99;13,39;0,00;0,00;8,45;38,71;63,16;0,28;97,98;C;;
22/05/2026;;00000000010529;MACA VERDE KG;1,240;21,07;16,99;14,47;0,00;0,00;6,60;31,32;45,60;0,27;98,25;C;;
22/05/2026;;00000000010508;CEBOLA MIUDA KG;4,255;19,11;4,49;8,51;0,00;0,00;10,60;55,47;124,56;0,25;98,50;C;;
22/05/2026;;00000000010512;PEPINO JAPONES KG;3,040;15,17;4,99;13,33;0,00;0,00;1,84;12,14;13,82;0,20;98,70;C;;
22/05/2026;;00000000010532;KIWI KG;0,505;12,62;24,99;8,49;0,00;0,00;4,13;32,69;48,57;0,16;98,86;C;;
22/05/2026;;00000000011612;MOUSSE DE LIMAO DA CASA P;3,000;11,97;3,99;0,00;0,00;0,00;11,97;100,00;0,00;0,15;99,01;C;;
22/05/2026;;00000000009239;BANANA PROMOCAO BDJ;4,000;11,96;2,99;0,00;1,55;0,55;11,96;82,38;0,00;0,15;99,17;C;;
22/05/2026;;00000000010523;ABACATE KG;2,295;10,08;4,39;6,24;0,00;0,00;3,84;38,07;61,48;0,13;99,30;C;;
22/05/2026;;00000000010691;CAQUI BANDEJA;2,000;9,98;4,99;8,00;0,00;0,00;1,98;19,84;24,75;0,13;99,43;C;;
22/05/2026;;00000000010514;GENGIBRE KG;0,475;7,02;14,78;2,92;0,00;0,33;4,10;53,69;140,13;0,09;99,52;C;;
22/05/2026;;00000000002474;TOMATE GRAPE 180G UN.;1,000;6,49;6,49;5,42;0,00;0,00;1,07;16,49;19,74;0,08;99,60;C;;
22/05/2026;;00000000011757;PIMENTAO VERMELHO E AMARELO KG;0,375;5,25;14,00;2,83;0,00;0,00;2,41;46,00;85,19;0,07;99,67;C;;
22/05/2026;;00000000004689;SUCO DA CASA MORANGO 300ML;1,000;4,99;4,99;0,00;0,00;0,00;4,99;100,00;0,00;0,06;99,73;C;;
22/05/2026;;00000000012312;LOURO UN.;3,000;4,47;1,49;3,60;0,00;0,00;0,87;19,46;24,17;0,06;99,79;C;;
22/05/2026;;00000000011609;MOUSSE DE MARACUJA DA CASA P;1,000;3,99;3,99;0,00;0,00;0,00;3,99;100,00;0,00;0,05;99,84;C;;
22/05/2026;;00000000004080;UVA PRETA S/ CAROCO KG;0,475;3,08;6,48;33,25;0,00;0,00;-30,17;-979,55;-90,74;0,04;99,88;C;;
22/05/2026;;00000000012320;SALSINHA UN;2,000;2,98;1,49;3,40;0,00;0,00;-0,42;-14,09;-12,35;0,04;99,92;C;;
22/05/2026;;00000000010531;MACA FUJI KG;0,190;2,66;14,00;1,38;0,00;0,00;1,28;48,14;92,84;0,03;99,95;C;;
22/05/2026;;00000000010511;REPOLHO ROXO KG;0,245;2,20;8,98;0,91;0,00;0,00;1,29;58,57;141,39;0,03;99,98;C;;
22/05/2026;;00000000012306;HORTELA UN;1,000;1,49;1,49;0,70;0,00;0,00;0,79;53,02;112,86;0,02;100,00;C;;
23/05/2026;;00000000002494;BATATA LISA KG;135,790;1084,93;7,99;843,64;0,00;0,00;241,29;22,24;28,60;11,32;11,32;A;;
23/05/2026;;00000000002519;OVOS CARTELA COM 30;33,000;593,67;17,99;478,65;0,00;0,00;115,02;19,37;24,03;6,20;17,52;A;;
23/05/2026;;00000000008064;OVOS CARTELA COM 20;48,000;575,52;11,99;271,50;0,00;0,00;304,02;52,83;111,98;6,01;23,53;A;;
23/05/2026;;00000000004801;BANANA PRATA KG;107,690;537,33;4,99;369,63;0,00;0,00;167,70;31,21;45,37;5,61;29,13;A;;
23/05/2026;;00000000002496;ALHO KG;27,595;496,63;18,00;376,22;34,76;0,00;120,41;17,25;32,00;5,18;34,32;A;;
23/05/2026;;00000000004799;CENOURA KG;67,080;475,80;7,09;427,98;0,00;0,00;47,82;10,05;11,17;4,97;39,28;A;;
23/05/2026;;00000000002497;TOMATE CARMEM KG;59,515;472,63;7,94;409,15;0,00;0,00;63,48;13,43;15,51;4,93;44,22;A;;
23/05/2026;;00000000010772;TOMATE ITALIANO KG;46,090;413,06;8,96;312,15;0,00;0,00;100,91;24,43;32,33;4,31;48,53;A;;
23/05/2026;;00000000002495;CEBOLA GRAUDA KG;63,380;328,98;5,19;261,22;0,00;0,00;67,76;20,60;25,94;3,43;51,96;A;;
23/05/2026;;00000000010522;MARACUJA KG;36,330;290,31;7,99;186,65;0,00;0,00;103,66;35,71;55,53;3,03;54,99;A;;
23/05/2026;;00000000010507;QUIABO KG;31,413;250,96;7,99;306,62;0,00;0,00;-55,66;-22,18;-18,15;2,62;57,61;A;;
23/05/2026;;00000000011761;TANGERINA POKAN KG;57,760;230,37;3,99;150,13;0,00;0,00;80,24;34,83;53,44;2,40;60,02;A;;
23/05/2026;;00000000010627;MACA GALA KG;22,475;202,05;8,99;155,21;0,00;0,00;46,84;23,18;30,18;2,11;62,12;A;;
23/05/2026;;00000000002502;PIMENTAO KG;24,135;175,95;7,29;122,23;0,00;0,00;53,72;30,53;43,95;1,84;63,96;A;;
23/05/2026;;00000000012302;ALFACE CRESPA UN.;68,000;169,32;2,49;85,00;0,00;0,00;84,32;49,80;99,20;1,77;65,73;A;;
23/05/2026;;00000000010525;MANGA PALMER KG;27,545;164,97;5,99;124,30;0,00;0,00;40,67;24,65;32,72;1,72;67,45;A;;
23/05/2026;;00000000010684;MORANGO BANDEJA UN.;20,000;159,80;7,99;103,00;0,00;0,00;56,80;35,54;55,15;1,67;69,12;A;;
23/05/2026;;00000000000471;CARTELA OVOS C/12;22,000;153,78;6,99;141,66;0,00;0,00;12,12;7,88;8,56;1,61;70,72;A;;
23/05/2026;;00000000019308;UVA VERDE S/ CAROCO BDJ 500G;17,000;152,83;8,99;125,20;0,00;0,00;27,63;18,08;22,07;1,60;72,32;A;;
23/05/2026;;00000000004797;LARANJA PERA KG;38,045;144,19;3,79;114,13;0,00;0,00;30,05;20,84;26,33;1,50;73,82;A;;
23/05/2026;;00000000007660;PERA WILLIAM KG;14,400;143,86;9,99;108,15;0,00;0,00;35,71;24,83;33,02;1,50;75,32;A;;
23/05/2026;;00000000019191;UVA PRETA S/ CAROCO BDJ 500G;24,000;143,76;5,99;140,20;0,00;0,00;3,56;2,48;2,54;1,50;76,82;A;;
23/05/2026;;00000000012309;BROCOLIS UN;20,000;139,80;6,99;116,00;0,00;0,00;23,80;17,02;20,52;1,46;78,28;A;;
23/05/2026;;00000000002137;MACA GALA SC 850GR;26,000;130,64;5,02;107,58;0,00;0,00;23,06;17,65;21,44;1,36;79,65;A;;
23/05/2026;;00000000010518;BANANA DAGUA KG;30,860;123,09;3,99;84,30;0,00;0,00;38,79;31,52;46,02;1,28;80,93;B;;
23/05/2026;;00000000002498;LIMAO KG;37,750;120,42;3,19;100,28;0,00;0,00;20,14;16,72;20,08;1,26;82,19;B;;
23/05/2026;;00000000004804;INHAME KG;22,310;104,66;4,69;64,11;0,00;0,00;40,55;38,75;63,26;1,09;83,28;B;;
23/05/2026;;00000000012307;CHEIRO VERDE UN.;41,000;102,09;2,49;69,70;0,00;0,00;32,39;31,73;46,47;1,07;84,35;B;;
23/05/2026;;00000000012305;COENTRO UN.;68,000;101,32;1,49;115,60;0,00;0,00;-14,28;-14,09;-12,35;1,06;85,40;B;;
23/05/2026;;00000000005062;MAMAO PAPAIA UN.;22,000;98,78;4,49;79,31;0,00;0,00;19,47;19,71;24,55;1,03;86,44;B;;
23/05/2026;;00000000012304;COUVE UN.;39,000;97,11;2,49;58,50;0,00;0,00;38,61;39,76;66,00;1,01;87,45;B;;
23/05/2026;;00000000004803;JILO KG;10,275;82,12;7,99;54,35;0,00;0,00;27,77;33,81;51,08;0,86;88,31;B;;
23/05/2026;;00000000004793;ABOBORA SERGIPANA KG;16,345;81,56;4,99;55,43;0,00;0,00;26,13;32,03;47,13;0,85;89,16;B;;
23/05/2026;;00000000010510;REPOLHO KG;19,305;81,22;4,21;60,74;0,00;0,00;20,48;25,21;33,71;0,85;90,00;B;;
23/05/2026;;00000000004889;MELANCIA KG;17,253;65,39;3,79;47,20;0,00;0,00;18,19;27,82;38,53;0,68;90,69;B;;
23/05/2026;;00000000001557;BATATA DOCE KG;11,760;55,17;4,69;41,99;0,00;0,00;13,18;23,90;31,40;0,58;91,26;B;;
23/05/2026;;00000000012320;SALSINHA UN;35,000;52,15;1,49;59,50;0,00;0,00;-7,35;-14,09;-12,35;0,54;91,81;B;;
23/05/2026;;00000000010512;PEPINO JAPONES KG;10,180;50,78;4,99;44,37;0,00;0,00;6,41;12,62;14,44;0,53;92,34;B;;
23/05/2026;;00000000011757;PIMENTAO VERMELHO E AMARELO KG;3,545;49,63;14,00;28,62;0,00;0,00;21,01;42,34;73,44;0,52;92,86;B;;
23/05/2026;;00000000010526;COCO SECO KG;9,440;45,22;4,79;30,92;9,04;0,00;14,30;11,63;46,26;0,47;93,33;B;;
23/05/2026;;00000000010505;ABOBRINHA KG;11,585;38,50;3,32;40,27;0,00;0,00;-1,77;-4,59;-4,39;0,40;93,73;B;;
23/05/2026;;00000000010530;MACA  ARGENTINA KG;2,015;38,26;18,99;22,51;0,00;0,00;15,75;41,17;69,99;0,40;94,13;B;;
23/05/2026;;00000000004798;BETERRABA KG;7,450;37,17;4,99;31,42;0,00;0,00;5,75;15,47;18,30;0,39;94,52;B;;
23/05/2026;;00000000004796;CHUCHU KG;10,035;36,03;3,59;23,63;0,00;0,00;12,40;34,41;52,46;0,38;94,89;B;;
23/05/2026;;00000000011623;TORTINHA DE LIMAO DA CASA P;6,000;35,94;5,99;0,00;0,00;0,00;35,94;100,00;0,00;0,38;95,27;C;;
23/05/2026;;00000000012303;AGRIAO UN.;13,000;32,37;2,49;15,60;0,00;0,00;16,77;51,81;107,50;0,34;95,61;C;;
23/05/2026;;00000000010513;PEPINO KG;6,415;31,36;4,89;26,16;0,00;0,00;5,20;16,58;19,88;0,33;95,93;C;;
23/05/2026;;00000000010509;CEBOLA ROXA KG;4,660;31,18;6,69;27,19;0,00;0,00;3,99;12,78;14,66;0,33;96,26;C;;
23/05/2026;;00000000010521;MELAO COMUM KG;5,754;29,87;5,19;23,75;0,00;0,00;6,12;20,50;25,78;0,31;96,57;C;;
23/05/2026;;00000000010529;MACA VERDE KG;1,695;28,79;16,99;19,78;0,00;0,00;9,01;31,29;45,55;0,30;96,87;C;;
23/05/2026;;00000000010514;GENGIBRE KG;1,760;26,02;14,78;10,78;0,00;2,00;15,24;50,87;141,37;0,27;97,14;C;;
23/05/2026;;00000000010523;ABACATE KG;5,525;24,25;4,39;15,00;0,00;0,00;9,25;38,16;61,72;0,25;97,39;C;;
23/05/2026;;00000000010506;BERINJELA KG;3,475;23,59;6,79;14,94;0,00;0,00;8,65;36,66;57,89;0,25;97,64;C;;
23/05/2026;;00000000011048;AIPIM KG;7,310;21,85;2,99;13,60;0,00;0,00;8,25;37,77;60,70;0,23;97,87;C;;
23/05/2026;;00000000002430;GOIABA  KG;2,155;21,53;9,99;22,28;0,00;0,00;-0,75;-3,49;-3,38;0,22;98,09;C;;
23/05/2026;;00000000003375;PERA PORTUGUESA KG;0,740;18,42;24,89;13,02;0,00;0,00;5,40;29,33;41,51;0,19;98,29;C;;
23/05/2026;;00000000004802;ABACAXI GRANDE UN.;2,000;15,98;7,99;14,00;0,00;0,00;1,98;12,39;14,14;0,17;98,45;C;;
23/05/2026;;00000000010691;CAQUI BANDEJA;3,000;14,97;4,99;12,00;0,00;0,00;2,97;19,84;24,75;0,16;98,61;C;;
23/05/2026;;00000000010508;CEBOLA MIUDA KG;3,060;13,74;4,49;6,12;0,00;0,00;7,62;55,46;124,51;0,14;98,75;C;;
23/05/2026;;00000000004887;AMEIXA FRESCA KG;0,680;13,60;20,00;9,24;0,00;0,00;4,36;32,05;47,17;0,14;98,89;C;;
23/05/2026;;00000000012306;HORTELA UN;9,000;13,41;1,49;8,10;0,00;0,00;5,31;39,60;65,56;0,14;99,03;C;;
23/05/2026;;00000000007657;MAMAO FORMOSA KG;2,207;13,22;5,99;6,62;0,00;0,00;6,60;49,92;99,67;0,14;99,17;C;;
23/05/2026;;00000000004689;SUCO DA CASA MORANGO 300ML;2,000;9,98;4,99;0,00;0,00;0,00;9,98;100,00;0,00;0,10;99,28;C;;
23/05/2026;;00000000010685;BATATA BAROA BANDEJA;2,000;9,98;4,99;6,30;0,00;0,00;3,68;36,87;58,41;0,10;99,38;C;;
23/05/2026;;00000000009982;MELAO UNID;2,000;8,98;4,49;0,00;0,00;0,00;8,98;100,00;0,00;0,09;99,47;C;;
23/05/2026;;00000000010531;MACA FUJI KG;0,545;7,62;13,98;4,02;0,00;0,00;3,60;47,22;89,45;0,08;99,55;C;;
23/05/2026;;00000000002474;TOMATE GRAPE 180G UN.;1,000;6,49;6,49;5,42;0,00;0,00;1,07;16,49;19,74;0,07;99,62;C;;
23/05/2026;;00000000009239;BANANA PROMOCAO BDJ;2,000;5,98;2,99;0,00;0,72;0,55;5,98;78,75;0,00;0,06;99,68;C;;
23/05/2026;;00000000007656;BATATA BAROA BDJ UNIDADE;1,000;5,89;5,89;4,20;0,00;0,00;1,69;28,69;40,24;0,06;99,75;C;;
23/05/2026;;00000000002429;TOMATE CEREJA UN.;1,000;4,99;4,99;4,58;0,00;0,00;0,41;8,22;8,95;0,05;99,80;C;;
23/05/2026;;00000000007308;SALSA G;5,000;4,95;0,99;17,50;0,00;0,00;-12,55;-253,54;-71,71;0,05;99,85;C;;
23/05/2026;;00000000010528;CAQUI KG;0,600;4,19;6,98;3,45;0,00;0,00;0,74;17,66;21,45;0,04;99,89;C;;
23/05/2026;;00000000010532;KIWI KG;0,165;4,12;24,97;2,78;0,00;0,00;1,34;32,64;48,45;0,04;99,94;C;;
23/05/2026;;00000000011612;MOUSSE DE LIMAO DA CASA P;1,000;3,99;3,99;0,00;0,00;0,00;3,99;100,00;0,00;0,04;99,98;C;;
23/05/2026;;00000000000258;CENOURA PROMOCAO KG;1,065;2,12;1,99;6,92;0,00;0,00;-4,80;-226,53;-69,38;0,02;100,00;C;;
24/05/2026;;00000000002494;BATATA LISA KG;102,440;818,45;7,99;634,52;0,00;0,00;183,93;22,47;28,99;12,62;12,62;A;;
24/05/2026;;00000000002519;OVOS CARTELA COM 30;29,000;521,67;17,99;422,82;0,00;0,00;98,85;18,95;23,38;8,04;20,66;A;;
24/05/2026;;00000000002497;TOMATE CARMEM KG;55,085;443,85;8,06;363,30;0,00;0,00;80,55;18,15;22,17;6,84;27,51;A;;
24/05/2026;;00000000004799;CENOURA KG;57,620;410,86;7,13;368,41;0,00;0,00;42,44;10,33;11,52;6,33;33,84;A;;
24/05/2026;;00000000004801;BANANA PRATA KG;64,470;321,69;4,99;208,73;0,00;0,00;112,96;35,11;54,11;4,96;38,80;A;;
24/05/2026;;00000000008064;OVOS CARTELA COM 20;24,000;287,76;11,99;252,10;0,00;0,00;35,66;12,39;14,15;4,44;43,24;A;;
24/05/2026;;00000000002496;ALHO KG;14,920;268,51;18,00;202,92;18,80;0,00;65,59;17,43;32,32;4,14;47,38;A;;
24/05/2026;;00000000002495;CEBOLA GRAUDA KG;51,605;267,84;5,19;210,59;0,00;0,00;57,25;21,38;27,19;4,13;51,51;A;;
24/05/2026;;00000000010772;TOMATE ITALIANO KG;25,325;227,71;8,99;175,26;0,00;0,00;52,45;23,03;29,92;3,51;55,02;A;;
24/05/2026;;00000000012302;ALFACE CRESPA UN.;71,000;176,78;2,49;88,75;0,00;0,00;88,03;49,80;99,19;2,73;57,74;A;;
24/05/2026;;00000000010522;MARACUJA KG;22,035;176,04;7,99;114,68;0,00;0,00;61,36;34,86;53,51;2,71;60,46;A;;
24/05/2026;;00000000010684;MORANGO BANDEJA UN.;18,000;143,82;7,99;88,00;0,00;0,00;55,82;38,81;63,43;2,22;62,68;A;;
24/05/2026;;00000000000471;CARTELA OVOS C/12;19,000;132,81;6,99;118,75;0,00;0,00;14,06;10,59;11,84;2,05;64,72;A;;
24/05/2026;;00000000019191;UVA PRETA S/ CAROCO BDJ 500G;21,000;127,29;6,06;125,20;0,00;0,00;2,09;1,64;1,67;1,96;66,69;A;;
24/05/2026;;00000000002137;MACA GALA SC 850GR;25,000;125,05;5,00;104,04;0,00;0,00;21,01;16,80;20,19;1,93;68,61;A;;
24/05/2026;;00000000010507;QUIABO KG;14,808;121,85;8,23;133,41;0,00;0,00;-11,56;-9,49;-8,67;1,88;70,49;A;;
24/05/2026;;00000000011761;TANGERINA POKAN KG;27,075;108,01;3,99;70,37;0,00;0,00;37,64;34,85;53,50;1,67;72,16;A;;
24/05/2026;;00000000002502;PIMENTAO KG;14,310;104,32;7,29;73,33;0,00;0,00;30,99;29,70;42,25;1,61;73,77;A;;
24/05/2026;;00000000004803;JILO KG;11,405;91,12;7,99;60,33;0,00;0,00;30,79;33,79;51,03;1,40;75,17;A;;
24/05/2026;;00000000012309;BROCOLIS UN;11,000;76,89;6,99;66,00;0,00;0,00;10,89;14,16;16,50;1,19;76,36;A;;
24/05/2026;;00000000012305;COENTRO UN.;50,000;74,50;1,49;85,00;0,00;0,00;-10,50;-14,09;-12,35;1,15;77,51;A;;
24/05/2026;;00000000019308;UVA VERDE S/ CAROCO BDJ 500G;8,000;71,92;8,99;57,50;0,00;0,00;14,42;20,05;25,08;1,11;78,62;A;;
24/05/2026;;00000000012307;CHEIRO VERDE UN.;28,000;69,72;2,49;47,60;0,00;0,00;22,12;31,73;46,47;1,07;79,69;A;;
24/05/2026;;00000000004797;LARANJA PERA KG;17,065;64,69;3,79;51,19;0,00;0,00;13,49;20,86;26,36;1,00;80,69;B;;
24/05/2026;;00000000010510;REPOLHO KG;15,775;62,94;3,99;45,12;0,00;0,00;17,82;28,32;39,51;0,97;81,66;B;;
24/05/2026;;00000000012304;COUVE UN.;23,000;57,27;2,49;34,50;0,00;0,00;22,77;39,76;66,00;0,88;82,54;B;;
24/05/2026;;00000000010530;MACA  ARGENTINA KG;2,995;56,88;18,99;33,06;0,00;0,00;23,82;41,88;72,07;0,88;83,42;B;;
24/05/2026;;00000000004804;INHAME KG;12,085;56,69;4,69;35,00;0,00;0,00;21,69;38,26;61,97;0,87;84,29;B;;
24/05/2026;;00000000004793;ABOBORA SERGIPANA KG;10,764;53,72;4,99;35,52;0,00;0,00;18,20;33,88;51,23;0,83;85,12;B;;
24/05/2026;;00000000005062;MAMAO PAPAIA UN.;11,000;49,39;4,49;39,99;0,00;0,00;9,40;19,03;23,51;0,76;85,88;B;;
24/05/2026;;00000000002498;LIMAO KG;15,230;48,58;3,19;40,63;0,00;0,00;7,95;16,36;19,56;0,75;86,63;B;;
24/05/2026;;00000000004796;CHUCHU KG;13,375;47,30;3,54;33,00;0,00;0,00;14,30;30,23;43,33;0,73;87,36;B;;
24/05/2026;;00000000010526;COCO SECO KG;9,105;43,61;4,79;30,32;8,87;0,00;13,29;10,14;43,83;0,67;88,03;B;;
24/05/2026;;00000000010627;MACA GALA KG;4,715;42,39;8,99;32,20;0,00;0,00;10,19;24,03;31,63;0,65;88,69;B;;
24/05/2026;;00000000007656;BATATA BAROA BDJ UNIDADE;7,000;41,23;5,89;29,40;0,00;0,00;11,83;28,69;40,24;0,64;89,32;B;;
24/05/2026;;00000000010521;MELAO COMUM KG;7,895;40,97;5,19;34,58;0,00;0,00;6,39;15,60;18,48;0,63;89,95;B;;
24/05/2026;;00000000004798;BETERRABA KG;8,150;40,68;4,99;34,16;0,00;0,00;6,52;16,02;19,07;0,63;90,58;B;;
24/05/2026;;00000000012320;SALSINHA UN;27,000;40,23;1,49;45,90;0,00;0,00;-5,67;-14,09;-12,35;0,62;91,20;B;;
24/05/2026;;00000000010513;PEPINO KG;7,765;37,98;4,89;31,76;0,00;0,00;6,22;16,38;19,59;0,59;91,79;B;;
24/05/2026;;00000000012303;AGRIAO UN.;15,000;37,35;2,49;18,00;0,00;0,00;19,35;51,81;107,50;0,58;92,36;B;;
24/05/2026;;00000000010505;ABOBRINHA KG;11,180;36,44;3,26;42,29;0,00;0,00;-5,85;-16,06;-13,83;0,56;92,92;B;;
24/05/2026;;00000000009605;MELANCIA BABY UN.;4,000;35,96;8,99;27,48;9,21;0,00;8,48;-2,02;30,86;0,55;93,48;B;;
24/05/2026;;00000000011757;PIMENTAO VERMELHO E AMARELO KG;2,560;35,83;14,00;21,43;0,00;0,00;14,40;40,20;67,22;0,55;94,03;B;;
24/05/2026;;00000000007660;PERA WILLIAM KG;3,570;35,66;9,99;26,45;0,00;0,00;9,21;25,82;34,80;0,55;94,58;B;;
24/05/2026;;00000000010525;MANGA PALMER KG;5,935;35,54;5,99;26,83;0,00;0,00;8,71;24,52;32,48;0,55;95,13;C;;
24/05/2026;;00000000010509;CEBOLA ROXA KG;5,150;35,12;6,82;28,82;0,00;0,00;6,30;17,93;21,84;0,54;95,67;C;;
24/05/2026;;00000000001557;BATATA DOCE KG;6,790;31,84;4,69;24,38;0,00;0,00;7,46;23,44;30,62;0,49;96,16;C;;
24/05/2026;;00000000010506;BERINJELA KG;4,425;30,05;6,79;17,52;0,00;0,00;12,53;41,69;71,49;0,46;96,63;C;;
24/05/2026;;00000000010523;ABACATE KG;6,450;28,32;4,39;17,48;0,00;0,00;10,84;38,28;62,02;0,44;97,06;C;;
24/05/2026;;00000000004802;ABACAXI GRANDE UN.;3,000;23,97;7,99;21,50;0,00;0,00;2,47;10,30;11,49;0,37;97,43;C;;
24/05/2026;;00000000010512;PEPINO JAPONES KG;4,110;20,50;4,99;17,84;0,00;0,00;2,66;12,99;14,93;0,32;97,75;C;;
24/05/2026;;00000000004889;MELANCIA KG;4,869;18,45;3,79;14,43;0,00;0,00;4,02;21,81;27,90;0,28;98,03;C;;
24/05/2026;;00000000002429;TOMATE CEREJA UN.;3,000;14,97;4,99;13,74;0,00;0,00;1,23;8,22;8,95;0,23;98,26;C;;
24/05/2026;;00000000010514;GENGIBRE KG;0,985;14,56;14,78;6,02;0,00;1,26;8,54;49,98;141,69;0,22;98,49;C;;
24/05/2026;;00000000011704;MELANCIA FATIADA BDJ KG;2,224;13,32;5,99;0,00;0,00;0,00;13,32;100,00;0,00;0,21;98,69;C;;
24/05/2026;;00000000010511;REPOLHO ROXO KG;1,410;12,67;8,99;5,25;0,00;0,00;7,42;58,60;141,55;0,20;98,89;C;;
24/05/2026;;00000000009239;BANANA PROMOCAO BDJ;4,000;11,96;2,99;0,00;1,49;0,83;11,96;80,56;0,00;0,18;99,07;C;;
24/05/2026;;00000000011612;MOUSSE DE LIMAO DA CASA P;2,000;7,98;3,99;0,00;0,00;0,00;7,98;100,00;0,00;0,12;99,20;C;;
24/05/2026;;00000000004405;MOSTARDA UN;3,000;7,47;2,49;3,30;0,00;0,00;4,17;55,82;126,36;0,12;99,31;C;;
24/05/2026;;00000000012306;HORTELA UN;5,000;7,45;1,49;4,50;0,00;0,00;2,95;39,60;65,56;0,11;99,43;C;;
24/05/2026;;00000000002474;TOMATE GRAPE 180G UN.;1,000;6,49;6,49;5,42;0,00;0,00;1,07;16,49;19,74;0,10;99,53;C;;
24/05/2026;;00000000011623;TORTINHA DE LIMAO DA CASA P;1,000;5,99;5,99;0,00;0,00;0,00;5,99;100,00;0,00;0,09;99,62;C;;
24/05/2026;;00000000010691;CAQUI BANDEJA;1,000;4,99;4,99;3,00;0,00;0,00;1,99;39,88;66,33;0,08;99,69;C;;
24/05/2026;;00000000010529;MACA VERDE KG;0,215;3,65;16,98;2,51;0,00;0,00;1,14;31,26;45,47;0,06;99,75;C;;
24/05/2026;;00000000010508;CEBOLA MIUDA KG;0,780;3,50;4,49;1,56;0,00;0,00;1,94;55,43;124,36;0,05;99,81;C;;
24/05/2026;;00000000007657;MAMAO FORMOSA KG;0,551;3,30;5,99;1,65;0,00;0,00;1,65;49,91;99,64;0,05;99,86;C;;
24/05/2026;;00000000011048;AIPIM KG;1,070;3,20;2,99;1,99;0,00;0,00;1,21;37,81;60,79;0,05;99,91;C;;
24/05/2026;;00000000010518;BANANA DAGUA KG;0,670;2,67;3,99;1,79;0,00;0,00;0,88;33,00;49,25;0,04;99,95;C;;
24/05/2026;;00000000007308;SALSA G;2,000;1,98;0,99;7,00;0,00;0,00;-5,02;-253,54;-71,71;0,03;99,98;C;;
24/05/2026;;00000000012312;LOURO UN.;1,000;1,49;1,49;1,20;0,00;0,00;0,29;19,46;24,17;0,02;100,00;C;;
25/05/2026;;00000000002494;BATATA LISA KG;89,910;718,36;7,99;557,44;0,00;0,00;160,92;22,40;28,87;11,81;11,81;A;;
25/05/2026;;00000000002519;OVOS CARTELA COM 30;31,000;557,69;17,99;451,98;0,00;0,00;105,71;18,95;23,39;9,17;20,98;A;;
25/05/2026;;00000000008064;OVOS CARTELA COM 20;36,000;431,64;11,99;378,00;0,00;0,00;53,64;12,43;14,19;7,10;28,07;A;;
25/05/2026;;00000000002497;TOMATE CARMEM KG;44,880;377,75;8,42;303,39;0,00;0,00;74,36;19,69;24,51;6,21;34,28;A;;
25/05/2026;;00000000004799;CENOURA KG;33,795;260,60;7,71;217,98;0,00;0,00;42,62;16,36;19,55;4,28;38,57;A;;
25/05/2026;;00000000012042;CAIXA DE OVOS;1,000;239,99;239,99;0,00;0,00;0,00;239,99;100,00;0,00;3,95;42,51;A;;
25/05/2026;;00000000010522;MARACUJA KG;28,280;225,96;7,99;150,45;0,00;0,00;75,51;33,42;50,19;3,71;46,23;A;;
25/05/2026;;00000000010525;MANGA PALMER KG;29,305;175,49;5,99;132,46;0,00;0,00;43,03;24,52;32,49;2,88;49,11;A;;
25/05/2026;;00000000019191;UVA PRETA S/ CAROCO BDJ 500G;21,000;151,29;7,20;125,50;0,00;0,00;25,79;17,05;20,55;2,49;51,60;A;;
25/05/2026;;00000000002495;CEBOLA GRAUDA KG;28,100;145,82;5,19;114,37;0,00;0,00;31,45;21,57;27,50;2,40;53,99;A;;
25/05/2026;;00000000002496;ALHO KG;7,510;135,17;18,00;104,61;9,46;0,00;30,56;15,61;29,21;2,22;56,22;A;;
25/05/2026;;00000000010507;QUIABO KG;12,277;131,84;10,74;111,23;0,00;0,00;20,61;15,63;18,53;2,17;58,38;A;;
25/05/2026;;00000000012302;ALFACE CRESPA UN.;51,000;126,99;2,49;63,75;0,00;0,00;63,24;49,80;99,20;2,09;60,47;A;;
25/05/2026;;00000000004801;BANANA PRATA KG;25,365;126,53;4,99;81,68;0,00;0,00;44,85;35,45;54,92;2,08;62,55;A;;
25/05/2026;;00000000011761;TANGERINA POKAN KG;29,085;116,05;3,99;75,62;0,00;0,00;40,43;34,84;53,46;1,91;64,46;A;;
25/05/2026;;00000000002137;MACA GALA SC 850GR;20,000;105,07;5,25;83,40;0,00;0,00;21,67;20,62;25,98;1,73;66,19;A;;
25/05/2026;;00000000010627;MACA GALA KG;10,695;96,16;8,99;73,05;0,00;0,00;23,11;24,04;31,64;1,58;67,77;A;;
25/05/2026;;00000000002502;PIMENTAO KG;12,560;91,48;7,28;65,36;0,00;0,00;26,12;28,56;39,97;1,50;69,27;A;;
25/05/2026;;00000000004804;INHAME KG;18,995;89,03;4,69;52,62;0,00;0,00;36,41;40,90;69,21;1,46;70,73;A;;
25/05/2026;;00000000010526;COCO SECO KG;18,520;88,72;4,79;61,67;17,74;0,00;27,05;10,49;43,86;1,46;72,19;A;;
25/05/2026;;00000000012309;BROCOLIS UN;12,000;88,38;7,36;72,00;0,00;0,00;16,38;18,53;22,75;1,45;73,65;A;;
25/05/2026;;00000000012305;COENTRO UN.;59,000;87,91;1,49;100,30;0,00;0,00;-12,39;-14,09;-12,35;1,45;75,09;A;;
25/05/2026;;00000000000471;CARTELA OVOS C/12;11,000;76,89;6,99;68,75;0,00;0,00;8,14;10,59;11,84;1,26;76,35;A;;
25/05/2026;;00000000010505;ABOBRINHA KG;17,630;73,63;4,18;67,52;0,00;0,00;6,11;8,29;9,04;1,21;77,56;A;;
25/05/2026;;00000000004797;LARANJA PERA KG;19,345;73,32;3,79;58,03;0,00;0,00;15,28;20,85;26,34;1,21;78,77;A;;
25/05/2026;;00000000004793;ABOBORA SERGIPANA KG;14,681;73,26;4,99;48,45;0,00;0,00;24,81;33,87;51,22;1,20;79,97;A;;
25/05/2026;;00000000012307;CHEIRO VERDE UN.;29,000;72,21;2,49;49,30;0,00;0,00;22,91;31,73;46,47;1,19;81,16;B;;
25/05/2026;;00000000004798;BETERRABA KG;14,195;70,85;4,99;57,77;0,00;0,00;13,08;18,46;22,63;1,16;82,33;B;;
25/05/2026;;00000000010510;REPOLHO KG;17,650;70,42;3,99;50,48;0,00;0,00;19,94;28,32;39,50;1,16;83,48;B;;
25/05/2026;;00000000012304;COUVE UN.;28,000;69,72;2,49;42,00;0,00;0,00;27,72;39,76;66,00;1,15;84,63;B;;
25/05/2026;;00000000019308;UVA VERDE S/ CAROCO BDJ 500G;7,000;62,93;8,99;49,00;0,00;0,00;13,93;22,14;28,43;1,03;85,66;B;;
25/05/2026;;00000000004803;JILO KG;7,825;62,50;7,99;41,39;0,00;0,00;21,11;33,77;50,99;1,03;86,69;B;;
25/05/2026;;00000000007660;PERA WILLIAM KG;6,230;62,25;9,99;46,16;0,00;0,00;16,09;25,84;34,84;1,02;87,71;B;;
25/05/2026;;00000000010523;ABACATE KG;13,500;59,27;4,39;36,58;0,00;0,00;22,68;38,27;62,01;0,97;88,69;B;;
25/05/2026;;00000000010772;TOMATE ITALIANO KG;5,840;52,49;8,99;42,21;0,00;0,00;10,28;19,58;24,35;0,86;89,55;B;;
25/05/2026;;00000000001557;BATATA DOCE KG;11,165;52,36;4,69;40,08;0,00;0,00;12,28;23,45;30,63;0,86;90,41;B;;
25/05/2026;;00000000004796;CHUCHU KG;15,750;48,45;3,08;38,90;0,00;0,00;9,55;19,71;24,54;0,80;91,21;B;;
25/05/2026;;00000000010684;MORANGO BANDEJA UN.;6,000;47,94;7,99;33,00;0,00;0,00;14,94;31,16;45,27;0,79;92,00;B;;
25/05/2026;;00000000002498;LIMAO KG;13,330;42,50;3,19;35,32;0,00;0,00;7,18;16,88;20,31;0,70;92,70;B;;
25/05/2026;;00000000012320;SALSINHA UN;28,000;41,72;1,49;47,20;0,00;0,00;-5,48;-13,14;-11,61;0,69;93,38;B;;
25/05/2026;;00000000012303;AGRIAO UN.;16,000;39,84;2,49;19,20;0,00;0,00;20,64;51,81;107,50;0,65;94,04;B;;
25/05/2026;;00000000005062;MAMAO PAPAIA UN.;8,000;35,92;4,49;30,00;0,00;0,00;5,92;16,48;19,73;0,59;94,63;B;;
25/05/2026;;00000000002157;TOMATE PROMOCAO KG;8,518;33,99;3,99;0,00;0,00;0,00;33,99;100,00;0,00;0,56;95,19;C;;
25/05/2026;;00000000011757;PIMENTAO VERMELHO E AMARELO KG;2,240;31,35;14,00;18,23;0,00;0,00;13,12;41,84;71,94;0,52;95,70;C;;
25/05/2026;;00000000010513;PEPINO KG;6,225;30,91;4,97;25,46;0,00;0,00;5,45;17,63;21,40;0,51;96,21;C;;
25/05/2026;;00000000010509;CEBOLA ROXA KG;3,525;24,81;7,04;20,59;0,00;0,00;4,22;17,03;20,52;0,41;96,62;C;;
25/05/2026;;00000000011623;TORTINHA DE LIMAO DA CASA P;4,000;23,96;5,99;0,00;0,00;0,00;23,96;100,00;0,00;0,39;97,01;C;;
25/05/2026;;00000000009605;MELANCIA BABY UN.;2,000;17,98;8,99;13,74;4,60;0,00;4,24;-2,02;30,86;0,30;97,31;C;;
25/05/2026;;00000000004802;ABACAXI GRANDE UN.;2,000;15,98;7,99;15,00;0,00;0,00;0,98;6,13;6,53;0,26;97,57;C;;
25/05/2026;;00000000004887;AMEIXA FRESCA KG;0,730;14,59;19,99;9,92;0,00;0,00;4,67;32,00;47,07;0,24;97,81;C;;
25/05/2026;;00000000010511;REPOLHO ROXO KG;1,360;12,23;8,99;5,06;0,00;0,00;7,17;58,63;141,74;0,20;98,01;C;;
25/05/2026;;00000000010530;MACA  ARGENTINA KG;0,590;11,21;19,00;6,59;0,00;0,00;4,62;41,21;70,10;0,18;98,19;C;;
25/05/2026;;00000000012306;HORTELA UN;7,000;10,43;1,49;6,30;0,00;0,00;4,13;39,60;65,56;0,17;98,37;C;;
25/05/2026;;00000000010506;BERINJELA KG;1,470;9,98;6,79;5,82;0,00;0,00;4,16;41,67;71,44;0,16;98,53;C;;
25/05/2026;;00000000010521;MELAO COMUM KG;1,565;8,59;5,49;6,85;0,00;0,00;1,74;20,20;25,32;0,14;98,67;C;;
25/05/2026;;00000000002208;PIMENTAO PROMOCAO KG;1,742;8,17;4,69;0,00;0,00;0,00;8,17;100,00;0,00;0,13;98,81;C;;
25/05/2026;;00000000011612;MOUSSE DE LIMAO DA CASA P;2,000;7,98;3,99;0,00;0,00;0,00;7,98;100,00;0,00;0,13;98,94;C;;
25/05/2026;;00000000010531;MACA FUJI KG;0,540;7,55;13,98;3,99;0,00;0,00;3,56;47,22;89,45;0,12;99,06;C;;
25/05/2026;;00000000010529;MACA VERDE KG;0,435;7,39;16,99;5,08;0,00;0,00;2,31;31,31;45,57;0,12;99,18;C;;
25/05/2026;;00000000000258;CENOURA PROMOCAO KG;3,694;7,33;1,98;24,01;0,00;0,00;-16,68;-227,57;-69,47;0,12;99,30;C;;
25/05/2026;;00000000010512;PEPINO JAPONES KG;1,430;7,14;4,99;6,21;0,00;0,00;0,93;13,08;15,05;0,12;99,42;C;;
25/05/2026;;00000000011048;AIPIM KG;2,170;6,49;2,99;4,04;0,00;0,00;2,45;37,81;60,79;0,11;99,53;C;;
25/05/2026;;00000000010508;CEBOLA MIUDA KG;1,340;6,02;4,49;2,68;0,00;0,00;3,34;55,48;124,63;0,10;99,63;C;;
25/05/2026;;00000000004689;SUCO DA CASA MORANGO 300ML;1,000;4,99;4,99;0,00;0,00;0,00;4,99;100,00;0,00;0,08;99,71;C;;
25/05/2026;;00000000010691;CAQUI BANDEJA;1,000;4,99;4,99;4,00;0,00;0,00;0,99;19,84;24,75;0,08;99,79;C;;
25/05/2026;;00000000004405;MOSTARDA UN;2,000;4,98;2,49;2,20;0,00;0,00;2,78;55,82;126,36;0,08;99,87;C;;
25/05/2026;;00000000010514;GENGIBRE KG;0,260;3,84;14,77;1,59;0,00;0,36;2,25;49,38;141,72;0,06;99,93;C;;
25/05/2026;;00000000012312;LOURO UN.;2,000;2,98;1,49;2,40;0,00;0,00;0,58;19,46;24,17;0,05;99,98;C;;
25/05/2026;;00000000007308;SALSA G;1,000;0,99;0,99;3,50;0,00;0,00;-2,51;-253,54;-71,71;0,02;100,00;C;;
